codigo_ibge,uf,municipio_ibge,municipio_normalizado,ano_populacao,populacao
4100103,PR,Abatiá,ABATIA,2013,7881
4100103,PR,Abatiá,ABATIA,2014,7852
4100103,PR,Abatiá,ABATIA,2015,7823
4100103,PR,Abatiá,ABATIA,2016,7795
4100103,PR,Abatiá,ABATIA,2017,7768
4100103,PR,Abatiá,ABATIA,2018,7507
4100103,PR,Abatiá,ABATIA,2019,7457
4100103,PR,Abatiá,ABATIA,2020,7408
4100103,PR,Abatiá,ABATIA,2021,7360
4100202,PR,Adrianópolis,ADRIANOPOLIS,2013,6416
4100202,PR,Adrianópolis,ADRIANOPOLIS,2014,6374
4100202,PR,Adrianópolis,ADRIANOPOLIS,2015,6333
4100202,PR,Adrianópolis,ADRIANOPOLIS,2016,6293
4100202,PR,Adrianópolis,ADRIANOPOLIS,2017,6254
4100202,PR,Adrianópolis,ADRIANOPOLIS,2018,5983
4100202,PR,Adrianópolis,ADRIANOPOLIS,2019,5919
4100202,PR,Adrianópolis,ADRIANOPOLIS,2020,5857
4100202,PR,Adrianópolis,ADRIANOPOLIS,2021,5797
4100301,PR,Agudos do Sul,AGUDOS DO SUL,2013,8797
4100301,PR,Agudos do Sul,AGUDOS DO SUL,2014,8892
4100301,PR,Agudos do Sul,AGUDOS DO SUL,2015,8983
4100301,PR,Agudos do Sul,AGUDOS DO SUL,2016,9073
4100301,PR,Agudos do Sul,AGUDOS DO SUL,2017,9161
4100301,PR,Agudos do Sul,AGUDOS DO SUL,2018,9269
4100301,PR,Agudos do Sul,AGUDOS DO SUL,2019,9371
4100301,PR,Agudos do Sul,AGUDOS DO SUL,2020,9470
4100301,PR,Agudos do Sul,AGUDOS DO SUL,2021,9567
4100400,PR,Almirante Tamandaré,ALMIRANTE TAMANDARE,2013,110256
4100400,PR,Almirante Tamandaré,ALMIRANTE TAMANDARE,2014,111586
4100400,PR,Almirante Tamandaré,ALMIRANTE TAMANDARE,2015,112870
4100400,PR,Almirante Tamandaré,ALMIRANTE TAMANDARE,2016,114129
4100400,PR,Almirante Tamandaré,ALMIRANTE TAMANDARE,2017,115364
4100400,PR,Almirante Tamandaré,ALMIRANTE TAMANDARE,2018,117168
4100400,PR,Almirante Tamandaré,ALMIRANTE TAMANDARE,2019,118623
4100400,PR,Almirante Tamandaré,ALMIRANTE TAMANDARE,2020,120041
4100400,PR,Almirante Tamandaré,ALMIRANTE TAMANDARE,2021,121420
4100459,PR,Altamira do Paraná,ALTAMIRA DO PARANA,2013,3754
4100459,PR,Altamira do Paraná,ALTAMIRA DO PARANA,2014,3544
4100459,PR,Altamira do Paraná,ALTAMIRA DO PARANA,2015,3341
4100459,PR,Altamira do Paraná,ALTAMIRA DO PARANA,2016,3143
4100459,PR,Altamira do Paraná,ALTAMIRA DO PARANA,2017,2948
4100459,PR,Altamira do Paraná,ALTAMIRA DO PARANA,2018,2209
4100459,PR,Altamira do Paraná,ALTAMIRA DO PARANA,2019,1942
4100459,PR,Altamira do Paraná,ALTAMIRA DO PARANA,2020,1682
4100459,PR,Altamira do Paraná,ALTAMIRA DO PARANA,2021,1429
4128625,PR,Alto Paraíso,ALTO PARAISO,2013,3159
4128625,PR,Alto Paraíso,ALTO PARAISO,2014,3116
4128625,PR,Alto Paraíso,ALTO PARAISO,2015,3077
4128625,PR,Alto Paraíso,ALTO PARAISO,2016,3037
4128625,PR,Alto Paraíso,ALTO PARAISO,2017,2998
4128625,PR,Alto Paraíso,ALTO PARAISO,2018,2799
4128625,PR,Alto Paraíso,ALTO PARAISO,2019,2741
4128625,PR,Alto Paraíso,ALTO PARAISO,2020,2685
4128625,PR,Alto Paraíso,ALTO PARAISO,2021,2630
4100608,PR,Alto Paraná,ALTO PARANA,2013,14334
4100608,PR,Alto Paraná,ALTO PARANA,2014,14427
4100608,PR,Alto Paraná,ALTO PARANA,2015,14518
4100608,PR,Alto Paraná,ALTO PARANA,2016,14606
4100608,PR,Alto Paraná,ALTO PARANA,2017,14693
4100608,PR,Alto Paraná,ALTO PARANA,2018,14679
4100608,PR,Alto Paraná,ALTO PARANA,2019,14770
4100608,PR,Alto Paraná,ALTO PARANA,2020,14859
4100608,PR,Alto Paraná,ALTO PARANA,2021,14945
4100707,PR,Alto Piquiri,ALTO PIQUIRI,2013,10350
4100707,PR,Alto Piquiri,ALTO PIQUIRI,2014,10317
4100707,PR,Alto Piquiri,ALTO PIQUIRI,2015,10285
4100707,PR,Alto Piquiri,ALTO PIQUIRI,2016,10253
4100707,PR,Alto Piquiri,ALTO PIQUIRI,2017,10222
4100707,PR,Alto Piquiri,ALTO PIQUIRI,2018,9896
4100707,PR,Alto Piquiri,ALTO PIQUIRI,2019,9836
4100707,PR,Alto Piquiri,ALTO PIQUIRI,2020,9778
4100707,PR,Alto Piquiri,ALTO PIQUIRI,2021,9722
4100509,PR,Altônia,ALTONIA,2013,21489
4100509,PR,Altônia,ALTONIA,2014,21619
4100509,PR,Altônia,ALTONIA,2015,21744
4100509,PR,Altônia,ALTONIA,2016,21867
4100509,PR,Altônia,ALTONIA,2017,21988
4100509,PR,Altônia,ALTONIA,2018,21933
4100509,PR,Altônia,ALTONIA,2019,22056
4100509,PR,Altônia,ALTONIA,2020,22176
4100509,PR,Altônia,ALTONIA,2021,22293
4100806,PR,Alvorada do Sul,ALVORADA DO SUL,2013,10869
4100806,PR,Alvorada do Sul,ALVORADA DO SUL,2014,10965
4100806,PR,Alvorada do Sul,ALVORADA DO SUL,2015,11057
4100806,PR,Alvorada do Sul,ALVORADA DO SUL,2016,11148
4100806,PR,Alvorada do Sul,ALVORADA DO SUL,2017,11237
4100806,PR,Alvorada do Sul,ALVORADA DO SUL,2018,11306
4100806,PR,Alvorada do Sul,ALVORADA DO SUL,2019,11406
4100806,PR,Alvorada do Sul,ALVORADA DO SUL,2020,11503
4100806,PR,Alvorada do Sul,ALVORADA DO SUL,2021,11598
4100905,PR,Amaporã,AMAPORA,2013,5815
4100905,PR,Amaporã,AMAPORA,2014,5885
4100905,PR,Amaporã,AMAPORA,2015,5953
4100905,PR,Amaporã,AMAPORA,2016,6019
4100905,PR,Amaporã,AMAPORA,2017,6084
4100905,PR,Amaporã,AMAPORA,2018,6181
4100905,PR,Amaporã,AMAPORA,2019,6257
4100905,PR,Amaporã,AMAPORA,2020,6332
4100905,PR,Amaporã,AMAPORA,2021,6405
4101002,PR,Ampére,AMPERE,2013,18281
4101002,PR,Ampére,AMPERE,2014,18439
4101002,PR,Ampére,AMPERE,2015,18591
4101002,PR,Ampére,AMPERE,2016,18740
4101002,PR,Ampére,AMPERE,2017,18886
4101002,PR,Ampére,AMPERE,2018,18989
4101002,PR,Ampére,AMPERE,2019,19152
4101002,PR,Ampére,AMPERE,2020,19311
4101002,PR,Ampére,AMPERE,2021,19466
4101051,PR,Anahy,ANAHY,2013,2929
4101051,PR,Anahy,ANAHY,2014,2922
4101051,PR,Anahy,ANAHY,2015,2915
4101051,PR,Anahy,ANAHY,2016,2908
4101051,PR,Anahy,ANAHY,2017,2901
4101051,PR,Anahy,ANAHY,2018,2816
4101051,PR,Anahy,ANAHY,2019,2801
4101051,PR,Anahy,ANAHY,2020,2788
4101051,PR,Anahy,ANAHY,2021,2774
4101101,PR,Andirá,ANDIRA,2013,20988
4101101,PR,Andirá,ANDIRA,2014,20931
4101101,PR,Andirá,ANDIRA,2015,20876
4101101,PR,Andirá,ANDIRA,2016,20822
4101101,PR,Andirá,ANDIRA,2017,20769
4101101,PR,Andirá,ANDIRA,2018,20139
4101101,PR,Andirá,ANDIRA,2019,20031
4101101,PR,Andirá,ANDIRA,2020,19926
4101101,PR,Andirá,ANDIRA,2021,19823
4101150,PR,Ângulo,ANGULO,2013,2954
4101150,PR,Ângulo,ANGULO,2014,2959
4101150,PR,Ângulo,ANGULO,2015,2964
4101150,PR,Ângulo,ANGULO,2016,2969
4101150,PR,Ângulo,ANGULO,2017,2974
4101150,PR,Ângulo,ANGULO,2018,2927
4101150,PR,Ângulo,ANGULO,2019,2928
4101150,PR,Ângulo,ANGULO,2020,2930
4101150,PR,Ângulo,ANGULO,2021,2931
4101200,PR,Antonina,ANTONINA,2013,19412
4101200,PR,Antonina,ANTONINA,2014,19414
4101200,PR,Antonina,ANTONINA,2015,19416
4101200,PR,Antonina,ANTONINA,2016,19418
4101200,PR,Antonina,ANTONINA,2017,19420
4101200,PR,Antonina,ANTONINA,2018,19011
4101200,PR,Antonina,ANTONINA,2019,18980
4101200,PR,Antonina,ANTONINA,2020,18949
4101200,PR,Antonina,ANTONINA,2021,18919
4101309,PR,Antônio Olinto,ANTONIO OLINTO,2013,7567
4101309,PR,Antônio Olinto,ANTONIO OLINTO,2014,7573
4101309,PR,Antônio Olinto,ANTONIO OLINTO,2015,7578
4101309,PR,Antônio Olinto,ANTONIO OLINTO,2016,7582
4101309,PR,Antônio Olinto,ANTONIO OLINTO,2017,7587
4101309,PR,Antônio Olinto,ANTONIO OLINTO,2018,7441
4101309,PR,Antônio Olinto,ANTONIO OLINTO,2019,7434
4101309,PR,Antônio Olinto,ANTONIO OLINTO,2020,7427
4101309,PR,Antônio Olinto,ANTONIO OLINTO,2021,7421
4101408,PR,Apucarana,APUCARANA,2013,128058
4101408,PR,Apucarana,APUCARANA,2014,129265
4101408,PR,Apucarana,APUCARANA,2015,130430
4101408,PR,Apucarana,APUCARANA,2016,131571
4101408,PR,Apucarana,APUCARANA,2017,132691
4101408,PR,Apucarana,APUCARANA,2018,133726
4101408,PR,Apucarana,APUCARANA,2019,134996
4101408,PR,Apucarana,APUCARANA,2020,136234
4101408,PR,Apucarana,APUCARANA,2021,137438
4101507,PR,Arapongas,ARAPONGAS,2013,112198
4101507,PR,Arapongas,ARAPONGAS,2014,113833
4101507,PR,Arapongas,ARAPONGAS,2015,115412
4101507,PR,Arapongas,ARAPONGAS,2016,116960
4101507,PR,Arapongas,ARAPONGAS,2017,118477
4101507,PR,Arapongas,ARAPONGAS,2018,121198
4101507,PR,Arapongas,ARAPONGAS,2019,123027
4101507,PR,Arapongas,ARAPONGAS,2020,124810
4101507,PR,Arapongas,ARAPONGAS,2021,126545
4101606,PR,Arapoti,ARAPOTI,2013,27170
4101606,PR,Arapoti,ARAPOTI,2014,27362
4101606,PR,Arapoti,ARAPOTI,2015,27547
4101606,PR,Arapoti,ARAPOTI,2016,27728
4101606,PR,Arapoti,ARAPOTI,2017,27906
4101606,PR,Arapoti,ARAPOTI,2018,27925
4101606,PR,Arapoti,ARAPOTI,2019,28115
4101606,PR,Arapoti,ARAPOTI,2020,28300
4101606,PR,Arapoti,ARAPOTI,2021,28480
4101655,PR,Arapuã,ARAPUA,2013,3513
4101655,PR,Arapuã,ARAPUA,2014,3469
4101655,PR,Arapuã,ARAPUA,2015,3426
4101655,PR,Arapuã,ARAPUA,2016,3384
4101655,PR,Arapuã,ARAPUA,2017,3343
4101655,PR,Arapuã,ARAPUA,2018,3128
4101655,PR,Arapuã,ARAPUA,2019,3068
4101655,PR,Arapuã,ARAPUA,2020,3009
4101655,PR,Arapuã,ARAPUA,2021,2951
4101705,PR,Araruna,ARARUNA,2013,13926
4101705,PR,Araruna,ARARUNA,2014,13971
4101705,PR,Araruna,ARARUNA,2015,14014
4101705,PR,Araruna,ARARUNA,2016,14056
4101705,PR,Araruna,ARARUNA,2017,14098
4101705,PR,Araruna,ARARUNA,2018,13939
4101705,PR,Araruna,ARARUNA,2019,13970
4101705,PR,Araruna,ARARUNA,2020,14000
4101705,PR,Araruna,ARARUNA,2021,14029
4101804,PR,Araucária,ARAUCARIA,2013,129209
4101804,PR,Araucária,ARAUCARIA,2014,131356
4101804,PR,Araucária,ARAUCARIA,2015,133428
4101804,PR,Araucária,ARAUCARIA,2016,135459
4101804,PR,Araucária,ARAUCARIA,2017,137452
4101804,PR,Araucária,ARAUCARIA,2018,141410
4101804,PR,Araucária,ARAUCARIA,2019,143843
4101804,PR,Araucária,ARAUCARIA,2020,146214
4101804,PR,Araucária,ARAUCARIA,2021,148522
4101853,PR,Ariranha do Ivaí,ARIRANHA DO IVAI,2013,2421
4101853,PR,Ariranha do Ivaí,ARIRANHA DO IVAI,2014,2389
4101853,PR,Ariranha do Ivaí,ARIRANHA DO IVAI,2015,2359
4101853,PR,Ariranha do Ivaí,ARIRANHA DO IVAI,2016,2330
4101853,PR,Ariranha do Ivaí,ARIRANHA DO IVAI,2017,2301
4101853,PR,Ariranha do Ivaí,ARIRANHA DO IVAI,2018,2151
4101853,PR,Ariranha do Ivaí,ARIRANHA DO IVAI,2019,2108
4101853,PR,Ariranha do Ivaí,ARIRANHA DO IVAI,2020,2066
4101853,PR,Ariranha do Ivaí,ARIRANHA DO IVAI,2021,2026
4101903,PR,Assaí,ASSAI,2013,16436
4101903,PR,Assaí,ASSAI,2014,16322
4101903,PR,Assaí,ASSAI,2015,16212
4101903,PR,Assaí,ASSAI,2016,16104
4101903,PR,Assaí,ASSAI,2017,15999
4101903,PR,Assaí,ASSAI,2018,15289
4101903,PR,Assaí,ASSAI,2019,15119
4101903,PR,Assaí,ASSAI,2020,14954
4101903,PR,Assaí,ASSAI,2021,14792
4102000,PR,Assis Chateaubriand,ASSIS CHATEAUBRIAND,2013,33988
4102000,PR,Assis Chateaubriand,ASSIS CHATEAUBRIAND,2014,34008
4102000,PR,Assis Chateaubriand,ASSIS CHATEAUBRIAND,2015,34027
4102000,PR,Assis Chateaubriand,ASSIS CHATEAUBRIAND,2016,34046
4102000,PR,Assis Chateaubriand,ASSIS CHATEAUBRIAND,2017,34064
4102000,PR,Assis Chateaubriand,ASSIS CHATEAUBRIAND,2018,33397
4102000,PR,Assis Chateaubriand,ASSIS CHATEAUBRIAND,2019,33362
4102000,PR,Assis Chateaubriand,ASSIS CHATEAUBRIAND,2020,33340
4102000,PR,Assis Chateaubriand,ASSIS CHATEAUBRIAND,2021,33306
4102109,PR,Astorga,ASTORGA,2013,25745
4102109,PR,Astorga,ASTORGA,2014,25862
4102109,PR,Astorga,ASTORGA,2015,25976
4102109,PR,Astorga,ASTORGA,2016,26087
4102109,PR,Astorga,ASTORGA,2017,26196
4102109,PR,Astorga,ASTORGA,2018,26011
4102109,PR,Astorga,ASTORGA,2019,26111
4102109,PR,Astorga,ASTORGA,2020,26209
4102109,PR,Astorga,ASTORGA,2021,26304
4102208,PR,Atalaia,ATALAIA,2013,4010
4102208,PR,Atalaia,ATALAIA,2014,4007
4102208,PR,Atalaia,ATALAIA,2015,4004
4102208,PR,Atalaia,ATALAIA,2016,4002
4102208,PR,Atalaia,ATALAIA,2017,3999
4102208,PR,Atalaia,ATALAIA,2018,3902
4102208,PR,Atalaia,ATALAIA,2019,3892
4102208,PR,Atalaia,ATALAIA,2020,3881
4102208,PR,Atalaia,ATALAIA,2021,3871
4102307,PR,Balsa Nova,BALSA NOVA,2013,12059
4102307,PR,Balsa Nova,BALSA NOVA,2014,12200
4102307,PR,Balsa Nova,BALSA NOVA,2015,12337
4102307,PR,Balsa Nova,BALSA NOVA,2016,12471
4102307,PR,Balsa Nova,BALSA NOVA,2017,12602
4102307,PR,Balsa Nova,BALSA NOVA,2018,12787
4102307,PR,Balsa Nova,BALSA NOVA,2019,12941
4102307,PR,Balsa Nova,BALSA NOVA,2020,13092
4102307,PR,Balsa Nova,BALSA NOVA,2021,13238
4102406,PR,Bandeirantes,BANDEIRANTES,2013,32800
4102406,PR,Bandeirantes,BANDEIRANTES,2014,32718
4102406,PR,Bandeirantes,BANDEIRANTES,2015,32639
4102406,PR,Bandeirantes,BANDEIRANTES,2016,32562
4102406,PR,Bandeirantes,BANDEIRANTES,2017,32486
4102406,PR,Bandeirantes,BANDEIRANTES,2018,31526
4102406,PR,Bandeirantes,BANDEIRANTES,2019,31367
4102406,PR,Bandeirantes,BANDEIRANTES,2020,31211
4102406,PR,Bandeirantes,BANDEIRANTES,2021,31061
4102505,PR,Barbosa Ferraz,BARBOSA FERRAZ,2013,12683
4102505,PR,Barbosa Ferraz,BARBOSA FERRAZ,2014,12583
4102505,PR,Barbosa Ferraz,BARBOSA FERRAZ,2015,12487
4102505,PR,Barbosa Ferraz,BARBOSA FERRAZ,2016,12393
4102505,PR,Barbosa Ferraz,BARBOSA FERRAZ,2017,12300
4102505,PR,Barbosa Ferraz,BARBOSA FERRAZ,2018,11714
4102505,PR,Barbosa Ferraz,BARBOSA FERRAZ,2019,11568
4102505,PR,Barbosa Ferraz,BARBOSA FERRAZ,2020,11426
4102505,PR,Barbosa Ferraz,BARBOSA FERRAZ,2021,11287
4102703,PR,Barra do Jacaré,BARRA DO JACARE,2013,2813
4102703,PR,Barra do Jacaré,BARRA DO JACARE,2014,2817
4102703,PR,Barra do Jacaré,BARRA DO JACARE,2015,2821
4102703,PR,Barra do Jacaré,BARRA DO JACARE,2016,2825
4102703,PR,Barra do Jacaré,BARRA DO JACARE,2017,2828
4102703,PR,Barra do Jacaré,BARRA DO JACARE,2018,2781
4102703,PR,Barra do Jacaré,BARRA DO JACARE,2019,2781
4102703,PR,Barra do Jacaré,BARRA DO JACARE,2020,2781
4102703,PR,Barra do Jacaré,BARRA DO JACARE,2021,2781
4102604,PR,Barracão,BARRACAO,2013,10143
4102604,PR,Barracão,BARRACAO,2014,10187
4102604,PR,Barracão,BARRACAO,2015,10231
4102604,PR,Barracão,BARRACAO,2016,10273
4102604,PR,Barracão,BARRACAO,2017,10314
4102604,PR,Barracão,BARRACAO,2018,10238
4102604,PR,Barracão,BARRACAO,2019,10275
4102604,PR,Barracão,BARRACAO,2020,10312
4102604,PR,Barracão,BARRACAO,2021,10347
4102752,PR,Bela Vista da Caroba,BELA VISTA DA CAROBA,2013,3926
4102752,PR,Bela Vista da Caroba,BELA VISTA DA CAROBA,2014,3887
4102752,PR,Bela Vista da Caroba,BELA VISTA DA CAROBA,2015,3848
4102752,PR,Bela Vista da Caroba,BELA VISTA DA CAROBA,2016,3811
4102752,PR,Bela Vista da Caroba,BELA VISTA DA CAROBA,2017,3774
4102752,PR,Bela Vista da Caroba,BELA VISTA DA CAROBA,2018,3567
4102752,PR,Bela Vista da Caroba,BELA VISTA DA CAROBA,2019,3511
4102752,PR,Bela Vista da Caroba,BELA VISTA DA CAROBA,2020,3457
4102752,PR,Bela Vista da Caroba,BELA VISTA DA CAROBA,2021,3404
4102802,PR,Bela Vista do Paraíso,BELA VISTA DO PARAISO,2013,15565
4102802,PR,Bela Vista do Paraíso,BELA VISTA DO PARAISO,2014,15589
4102802,PR,Bela Vista do Paraíso,BELA VISTA DO PARAISO,2015,15612
4102802,PR,Bela Vista do Paraíso,BELA VISTA DO PARAISO,2016,15634
4102802,PR,Bela Vista do Paraíso,BELA VISTA DO PARAISO,2017,15656
4102802,PR,Bela Vista do Paraíso,BELA VISTA DO PARAISO,2018,15395
4102802,PR,Bela Vista do Paraíso,BELA VISTA DO PARAISO,2019,15397
4102802,PR,Bela Vista do Paraíso,BELA VISTA DO PARAISO,2020,15399
4102802,PR,Bela Vista do Paraíso,BELA VISTA DO PARAISO,2021,15400
4102901,PR,Bituruna,BITURUNA,2013,16416
4102901,PR,Bituruna,BITURUNA,2014,16448
4102901,PR,Bituruna,BITURUNA,2015,16480
4102901,PR,Bituruna,BITURUNA,2016,16511
4102901,PR,Bituruna,BITURUNA,2017,16627
4102901,PR,Bituruna,BITURUNA,2018,16377
4102901,PR,Bituruna,BITURUNA,2019,16389
4102901,PR,Bituruna,BITURUNA,2020,16400
4102901,PR,Bituruna,BITURUNA,2021,16411
4103008,PR,Boa Esperança,BOA ESPERANCA,2013,4559
4103008,PR,Boa Esperança,BOA ESPERANCA,2014,4518
4103008,PR,Boa Esperança,BOA ESPERANCA,2015,4478
4103008,PR,Boa Esperança,BOA ESPERANCA,2016,4438
4103008,PR,Boa Esperança,BOA ESPERANCA,2017,4392
4103008,PR,Boa Esperança,BOA ESPERANCA,2018,4165
4103008,PR,Boa Esperança,BOA ESPERANCA,2019,4105
4103008,PR,Boa Esperança,BOA ESPERANCA,2020,4047
4103008,PR,Boa Esperança,BOA ESPERANCA,2021,3991
4103024,PR,Boa Esperança do Iguaçu,BOA ESPERANCA DO IGUACU,2013,2763
4103024,PR,Boa Esperança do Iguaçu,BOA ESPERANCA DO IGUACU,2014,2739
4103024,PR,Boa Esperança do Iguaçu,BOA ESPERANCA DO IGUACU,2015,2716
4103024,PR,Boa Esperança do Iguaçu,BOA ESPERANCA DO IGUACU,2016,2694
4103024,PR,Boa Esperança do Iguaçu,BOA ESPERANCA DO IGUACU,2017,2671
4103024,PR,Boa Esperança do Iguaçu,BOA ESPERANCA DO IGUACU,2018,2538
4103024,PR,Boa Esperança do Iguaçu,BOA ESPERANCA DO IGUACU,2019,2503
4103024,PR,Boa Esperança do Iguaçu,BOA ESPERANCA DO IGUACU,2020,2470
4103024,PR,Boa Esperança do Iguaçu,BOA ESPERANCA DO IGUACU,2021,2437
4103040,PR,Boa Ventura de São Roque,BOA VENTURA DE SAO ROQUE,2013,6702
4103040,PR,Boa Ventura de São Roque,BOA VENTURA DE SAO ROQUE,2014,6692
4103040,PR,Boa Ventura de São Roque,BOA VENTURA DE SAO ROQUE,2015,6683
4103040,PR,Boa Ventura de São Roque,BOA VENTURA DE SAO ROQUE,2016,6674
4103040,PR,Boa Ventura de São Roque,BOA VENTURA DE SAO ROQUE,2017,6665
4103040,PR,Boa Ventura de São Roque,BOA VENTURA DE SAO ROQUE,2018,6411
4103040,PR,Boa Ventura de São Roque,BOA VENTURA DE SAO ROQUE,2019,6387
4103040,PR,Boa Ventura de São Roque,BOA VENTURA DE SAO ROQUE,2020,6365
4103040,PR,Boa Ventura de São Roque,BOA VENTURA DE SAO ROQUE,2021,6343
4103057,PR,Boa Vista da Aparecida,BOA VISTA DA APARECIDA,2013,8028
4103057,PR,Boa Vista da Aparecida,BOA VISTA DA APARECIDA,2014,7998
4103057,PR,Boa Vista da Aparecida,BOA VISTA DA APARECIDA,2015,7968
4103057,PR,Boa Vista da Aparecida,BOA VISTA DA APARECIDA,2016,7939
4103057,PR,Boa Vista da Aparecida,BOA VISTA DA APARECIDA,2017,7911
4103057,PR,Boa Vista da Aparecida,BOA VISTA DA APARECIDA,2018,7643
4103057,PR,Boa Vista da Aparecida,BOA VISTA DA APARECIDA,2019,7591
4103057,PR,Boa Vista da Aparecida,BOA VISTA DA APARECIDA,2020,7540
4103057,PR,Boa Vista da Aparecida,BOA VISTA DA APARECIDA,2021,7524
4103107,PR,Bocaiúva do Sul,BOCAIUVA DO SUL,2013,11826
4103107,PR,Bocaiúva do Sul,BOCAIUVA DO SUL,2014,11996
4103107,PR,Bocaiúva do Sul,BOCAIUVA DO SUL,2015,12159
4103107,PR,Bocaiúva do Sul,BOCAIUVA DO SUL,2016,12320
4103107,PR,Bocaiúva do Sul,BOCAIUVA DO SUL,2017,12477
4103107,PR,Bocaiúva do Sul,BOCAIUVA DO SUL,2018,12755
4103107,PR,Bocaiúva do Sul,BOCAIUVA DO SUL,2019,12944
4103107,PR,Bocaiúva do Sul,BOCAIUVA DO SUL,2020,13129
4103107,PR,Bocaiúva do Sul,BOCAIUVA DO SUL,2021,13308
4103156,PR,Bom Jesus do Sul,BOM JESUS DO SUL,2013,3824
4103156,PR,Bom Jesus do Sul,BOM JESUS DO SUL,2014,3800
4103156,PR,Bom Jesus do Sul,BOM JESUS DO SUL,2015,3777
4103156,PR,Bom Jesus do Sul,BOM JESUS DO SUL,2016,3755
4103156,PR,Bom Jesus do Sul,BOM JESUS DO SUL,2017,3733
4103156,PR,Bom Jesus do Sul,BOM JESUS DO SUL,2018,3577
4103156,PR,Bom Jesus do Sul,BOM JESUS DO SUL,2019,3541
4103156,PR,Bom Jesus do Sul,BOM JESUS DO SUL,2020,3506
4103156,PR,Bom Jesus do Sul,BOM JESUS DO SUL,2021,3472
4103206,PR,Bom Sucesso,BOM SUCESSO,2013,6866
4103206,PR,Bom Sucesso,BOM SUCESSO,2014,6906
4103206,PR,Bom Sucesso,BOM SUCESSO,2015,6944
4103206,PR,Bom Sucesso,BOM SUCESSO,2016,6982
4103206,PR,Bom Sucesso,BOM SUCESSO,2017,7019
4103206,PR,Bom Sucesso,BOM SUCESSO,2018,6995
4103206,PR,Bom Sucesso,BOM SUCESSO,2019,7032
4103206,PR,Bom Sucesso,BOM SUCESSO,2020,7068
4103206,PR,Bom Sucesso,BOM SUCESSO,2021,7103
4103222,PR,Bom Sucesso do Sul,BOM SUCESSO DO SUL,2013,3372
4103222,PR,Bom Sucesso do Sul,BOM SUCESSO DO SUL,2014,3368
4103222,PR,Bom Sucesso do Sul,BOM SUCESSO DO SUL,2015,3365
4103222,PR,Bom Sucesso do Sul,BOM SUCESSO DO SUL,2016,3361
4103222,PR,Bom Sucesso do Sul,BOM SUCESSO DO SUL,2017,3358
4103222,PR,Bom Sucesso do Sul,BOM SUCESSO DO SUL,2018,3274
4103222,PR,Bom Sucesso do Sul,BOM SUCESSO DO SUL,2019,3264
4103222,PR,Bom Sucesso do Sul,BOM SUCESSO DO SUL,2020,3254
4103222,PR,Bom Sucesso do Sul,BOM SUCESSO DO SUL,2021,3244
4103305,PR,Borrazópolis,BORRAZOPOLIS,2013,7724
4103305,PR,Borrazópolis,BORRAZOPOLIS,2014,7608
4103305,PR,Borrazópolis,BORRAZOPOLIS,2015,7497
4103305,PR,Borrazópolis,BORRAZOPOLIS,2016,7387
4103305,PR,Borrazópolis,BORRAZOPOLIS,2017,7280
4103305,PR,Borrazópolis,BORRAZOPOLIS,2018,6749
4103305,PR,Borrazópolis,BORRAZOPOLIS,2019,6592
4103305,PR,Borrazópolis,BORRAZOPOLIS,2020,6439
4103305,PR,Borrazópolis,BORRAZOPOLIS,2021,6290
4103354,PR,Braganey,BRAGANEY,2013,5799
4103354,PR,Braganey,BRAGANEY,2014,5770
4103354,PR,Braganey,BRAGANEY,2015,5742
4103354,PR,Braganey,BRAGANEY,2016,5714
4103354,PR,Braganey,BRAGANEY,2017,5687
4103354,PR,Braganey,BRAGANEY,2018,5473
4103354,PR,Braganey,BRAGANEY,2019,5427
4103354,PR,Braganey,BRAGANEY,2020,5382
4103354,PR,Braganey,BRAGANEY,2021,5338
4103370,PR,Brasilândia do Sul,BRASILANDIA DO SUL,2013,3136
4103370,PR,Brasilândia do Sul,BRASILANDIA DO SUL,2014,3086
4103370,PR,Brasilândia do Sul,BRASILANDIA DO SUL,2015,3037
4103370,PR,Brasilândia do Sul,BRASILANDIA DO SUL,2016,2990
4103370,PR,Brasilândia do Sul,BRASILANDIA DO SUL,2017,2943
4103370,PR,Brasilândia do Sul,BRASILANDIA DO SUL,2018,2719
4103370,PR,Brasilândia do Sul,BRASILANDIA DO SUL,2019,2651
4103370,PR,Brasilândia do Sul,BRASILANDIA DO SUL,2020,2585
4103370,PR,Brasilândia do Sul,BRASILANDIA DO SUL,2021,2521
4103404,PR,Cafeara,CAFEARA,2013,2833
4103404,PR,Cafeara,CAFEARA,2014,2853
4103404,PR,Cafeara,CAFEARA,2015,2873
4103404,PR,Cafeara,CAFEARA,2016,2892
4103404,PR,Cafeara,CAFEARA,2017,2911
4103404,PR,Cafeara,CAFEARA,2018,2914
4103404,PR,Cafeara,CAFEARA,2019,2934
4103404,PR,Cafeara,CAFEARA,2020,2954
4103404,PR,Cafeara,CAFEARA,2021,2973
4103453,PR,Cafelândia,CAFELANDIA,2013,16020
4103453,PR,Cafelândia,CAFELANDIA,2014,16321
4103453,PR,Cafelândia,CAFELANDIA,2015,16611
4103453,PR,Cafelândia,CAFELANDIA,2016,16896
4103453,PR,Cafelândia,CAFELANDIA,2017,17175
4103453,PR,Cafelândia,CAFELANDIA,2018,17775
4103453,PR,Cafelândia,CAFELANDIA,2019,18120
4103453,PR,Cafelândia,CAFELANDIA,2020,18456
4103453,PR,Cafelândia,CAFELANDIA,2021,18783
4103479,PR,Cafezal do Sul,CAFEZAL DO SUL,2013,4334
4103479,PR,Cafezal do Sul,CAFEZAL DO SUL,2014,4310
4103479,PR,Cafezal do Sul,CAFEZAL DO SUL,2015,4288
4103479,PR,Cafezal do Sul,CAFEZAL DO SUL,2016,4266
4103479,PR,Cafezal do Sul,CAFEZAL DO SUL,2017,4245
4103479,PR,Cafezal do Sul,CAFEZAL DO SUL,2018,4080
4103479,PR,Cafezal do Sul,CAFEZAL DO SUL,2019,4044
4103479,PR,Cafezal do Sul,CAFEZAL DO SUL,2020,4009
4103479,PR,Cafezal do Sul,CAFEZAL DO SUL,2021,3975
4103503,PR,Califórnia,CALIFORNIA,2013,8423
4103503,PR,Califórnia,CALIFORNIA,2014,8464
4103503,PR,Califórnia,CALIFORNIA,2015,8505
4103503,PR,Califórnia,CALIFORNIA,2016,8545
4103503,PR,Califórnia,CALIFORNIA,2017,8583
4103503,PR,Califórnia,CALIFORNIA,2018,8533
4103503,PR,Califórnia,CALIFORNIA,2019,8570
4103503,PR,Califórnia,CALIFORNIA,2020,8606
4103503,PR,Califórnia,CALIFORNIA,2021,8641
4103602,PR,Cambará,CAMBARA,2013,24928
4103602,PR,Cambará,CAMBARA,2014,25051
4103602,PR,Cambará,CAMBARA,2015,25170
4103602,PR,Cambará,CAMBARA,2016,25287
4103602,PR,Cambará,CAMBARA,2017,25401
4103602,PR,Cambará,CAMBARA,2018,25252
4103602,PR,Cambará,CAMBARA,2019,25360
4103602,PR,Cambará,CAMBARA,2020,25466
4103602,PR,Cambará,CAMBARA,2021,25569
4103701,PR,Cambé,CAMBE,2013,102222
4103701,PR,Cambé,CAMBE,2014,103036
4103701,PR,Cambé,CAMBE,2015,103822
4103701,PR,Cambé,CAMBE,2016,104592
4103701,PR,Cambé,CAMBE,2017,105347
4103701,PR,Cambé,CAMBE,2018,105704
4103701,PR,Cambé,CAMBE,2019,106533
4103701,PR,Cambé,CAMBE,2020,107341
4103701,PR,Cambé,CAMBE,2021,108126
4103800,PR,Cambira,CAMBIRA,2013,7603
4103800,PR,Cambira,CAMBIRA,2014,7657
4103800,PR,Cambira,CAMBIRA,2015,7708
4103800,PR,Cambira,CAMBIRA,2016,7759
4103800,PR,Cambira,CAMBIRA,2017,7808
4103800,PR,Cambira,CAMBIRA,2018,7813
4103800,PR,Cambira,CAMBIRA,2019,7865
4103800,PR,Cambira,CAMBIRA,2020,7917
4103800,PR,Cambira,CAMBIRA,2021,7967
4103909,PR,Campina da Lagoa,CAMPINA DA LAGOA,2013,15463
4103909,PR,Campina da Lagoa,CAMPINA DA LAGOA,2014,15353
4103909,PR,Campina da Lagoa,CAMPINA DA LAGOA,2015,15247
4103909,PR,Campina da Lagoa,CAMPINA DA LAGOA,2016,15144
4103909,PR,Campina da Lagoa,CAMPINA DA LAGOA,2017,15042
4103909,PR,Campina da Lagoa,CAMPINA DA LAGOA,2018,14366
4103909,PR,Campina da Lagoa,CAMPINA DA LAGOA,2019,14202
4103909,PR,Campina da Lagoa,CAMPINA DA LAGOA,2020,14043
4103909,PR,Campina da Lagoa,CAMPINA DA LAGOA,2021,13888
4103958,PR,Campina do Simão,CAMPINA DO SIMAO,2013,4130
4103958,PR,Campina do Simão,CAMPINA DO SIMAO,2014,4113
4103958,PR,Campina do Simão,CAMPINA DO SIMAO,2015,4096
4103958,PR,Campina do Simão,CAMPINA DO SIMAO,2016,4079
4103958,PR,Campina do Simão,CAMPINA DO SIMAO,2017,4062
4103958,PR,Campina do Simão,CAMPINA DO SIMAO,2018,3917
4103958,PR,Campina do Simão,CAMPINA DO SIMAO,2019,3887
4103958,PR,Campina do Simão,CAMPINA DO SIMAO,2020,3859
4103958,PR,Campina do Simão,CAMPINA DO SIMAO,2021,3831
4104006,PR,Campina Grande do Sul,CAMPINA GRANDE DO SUL,2013,41060
4104006,PR,Campina Grande do Sul,CAMPINA GRANDE DO SUL,2014,41447
4104006,PR,Campina Grande do Sul,CAMPINA GRANDE DO SUL,2015,41821
4104006,PR,Campina Grande do Sul,CAMPINA GRANDE DO SUL,2016,42187
4104006,PR,Campina Grande do Sul,CAMPINA GRANDE DO SUL,2017,42547
4104006,PR,Campina Grande do Sul,CAMPINA GRANDE DO SUL,2018,42880
4104006,PR,Campina Grande do Sul,CAMPINA GRANDE DO SUL,2019,43288
4104006,PR,Campina Grande do Sul,CAMPINA GRANDE DO SUL,2020,43685
4104006,PR,Campina Grande do Sul,CAMPINA GRANDE DO SUL,2021,44072
4104055,PR,Campo Bonito,CAMPO BONITO,2013,4361
4104055,PR,Campo Bonito,CAMPO BONITO,2014,4309
4104055,PR,Campo Bonito,CAMPO BONITO,2015,4259
4104055,PR,Campo Bonito,CAMPO BONITO,2016,4210
4104055,PR,Campo Bonito,CAMPO BONITO,2017,4162
4104055,PR,Campo Bonito,CAMPO BONITO,2018,3905
4104055,PR,Campo Bonito,CAMPO BONITO,2019,3833
4104055,PR,Campo Bonito,CAMPO BONITO,2020,3763
4104055,PR,Campo Bonito,CAMPO BONITO,2021,3694
4104105,PR,Campo do Tenente,CAMPO DO TENENTE,2013,7550
4104105,PR,Campo do Tenente,CAMPO DO TENENTE,2014,7623
4104105,PR,Campo do Tenente,CAMPO DO TENENTE,2015,7693
4104105,PR,Campo do Tenente,CAMPO DO TENENTE,2016,7762
4104105,PR,Campo do Tenente,CAMPO DO TENENTE,2017,7829
4104105,PR,Campo do Tenente,CAMPO DO TENENTE,2018,7894
4104105,PR,Campo do Tenente,CAMPO DO TENENTE,2019,7971
4104105,PR,Campo do Tenente,CAMPO DO TENENTE,2020,8045
4104105,PR,Campo do Tenente,CAMPO DO TENENTE,2021,8118
4104204,PR,Campo Largo,CAMPO LARGO,2013,120730
4104204,PR,Campo Largo,CAMPO LARGO,2014,122443
4104204,PR,Campo Largo,CAMPO LARGO,2015,124098
4104204,PR,Campo Largo,CAMPO LARGO,2016,125719
4104204,PR,Campo Largo,CAMPO LARGO,2017,127309
4104204,PR,Campo Largo,CAMPO LARGO,2018,130091
4104204,PR,Campo Largo,CAMPO LARGO,2019,132002
4104204,PR,Campo Largo,CAMPO LARGO,2020,133865
4104204,PR,Campo Largo,CAMPO LARGO,2021,135678
4104253,PR,Campo Magro,CAMPO MAGRO,2013,26755
4104253,PR,Campo Magro,CAMPO MAGRO,2014,27143
4104253,PR,Campo Magro,CAMPO MAGRO,2015,27517
4104253,PR,Campo Magro,CAMPO MAGRO,2016,27884
4104253,PR,Campo Magro,CAMPO MAGRO,2017,28244
4104253,PR,Campo Magro,CAMPO MAGRO,2018,28885
4104253,PR,Campo Magro,CAMPO MAGRO,2019,29318
4104253,PR,Campo Magro,CAMPO MAGRO,2020,29740
4104253,PR,Campo Magro,CAMPO MAGRO,2021,30151
4104303,PR,Campo Mourão,CAMPO MOURAO,2013,91648
4104303,PR,Campo Mourão,CAMPO MOURAO,2014,92300
4104303,PR,Campo Mourão,CAMPO MOURAO,2015,92930
4104303,PR,Campo Mourão,CAMPO MOURAO,2016,93547
4104303,PR,Campo Mourão,CAMPO MOURAO,2017,94153
4104303,PR,Campo Mourão,CAMPO MOURAO,2018,94212
4104303,PR,Campo Mourão,CAMPO MOURAO,2019,94859
4104303,PR,Campo Mourão,CAMPO MOURAO,2020,95488
4104303,PR,Campo Mourão,CAMPO MOURAO,2021,96102
4104402,PR,Cândido de Abreu,CANDIDO DE ABREU,2013,16633
4104402,PR,Cândido de Abreu,CANDIDO DE ABREU,2014,16484
4104402,PR,Cândido de Abreu,CANDIDO DE ABREU,2015,16339
4104402,PR,Cândido de Abreu,CANDIDO DE ABREU,2016,16198
4104402,PR,Cândido de Abreu,CANDIDO DE ABREU,2017,16059
4104402,PR,Cândido de Abreu,CANDIDO DE ABREU,2018,15233
4104402,PR,Cândido de Abreu,CANDIDO DE ABREU,2019,15018
4104402,PR,Cândido de Abreu,CANDIDO DE ABREU,2020,14809
4104402,PR,Cândido de Abreu,CANDIDO DE ABREU,2021,14606
4104428,PR,Candói,CANDOI,2013,15657
4104428,PR,Candói,CANDOI,2014,15741
4104428,PR,Candói,CANDOI,2015,15822
4104428,PR,Candói,CANDOI,2016,15901
4104428,PR,Candói,CANDOI,2017,15978
4104428,PR,Candói,CANDOI,2018,15903
4104428,PR,Candói,CANDOI,2019,15979
4104428,PR,Candói,CANDOI,2020,16053
4104428,PR,Candói,CANDOI,2021,16126
4104451,PR,Cantagalo,CANTAGALO,2013,13396
4104451,PR,Cantagalo,CANTAGALO,2014,13424
4104451,PR,Cantagalo,CANTAGALO,2015,13452
4104451,PR,Cantagalo,CANTAGALO,2016,13478
4104451,PR,Cantagalo,CANTAGALO,2017,13505
4104451,PR,Cantagalo,CANTAGALO,2018,13306
4104451,PR,Cantagalo,CANTAGALO,2019,13317
4104451,PR,Cantagalo,CANTAGALO,2020,13329
4104451,PR,Cantagalo,CANTAGALO,2021,13340
4104501,PR,Capanema,CAPANEMA,2013,19182
4104501,PR,Capanema,CAPANEMA,2014,19229
4104501,PR,Capanema,CAPANEMA,2015,19275
4104501,PR,Capanema,CAPANEMA,2016,19320
4104501,PR,Capanema,CAPANEMA,2017,19364
4104501,PR,Capanema,CAPANEMA,2018,19099
4104501,PR,Capanema,CAPANEMA,2019,19124
4104501,PR,Capanema,CAPANEMA,2020,19148
4104501,PR,Capanema,CAPANEMA,2021,19172
4104600,PR,Capitão Leônidas Marques,CAPITAO LEONIDAS MARQUES,2013,15592
4104600,PR,Capitão Leônidas Marques,CAPITAO LEONIDAS MARQUES,2014,15659
4104600,PR,Capitão Leônidas Marques,CAPITAO LEONIDAS MARQUES,2015,15724
4104600,PR,Capitão Leônidas Marques,CAPITAO LEONIDAS MARQUES,2016,15788
4104600,PR,Capitão Leônidas Marques,CAPITAO LEONIDAS MARQUES,2017,15850
4104600,PR,Capitão Leônidas Marques,CAPITAO LEONIDAS MARQUES,2018,15724
4104600,PR,Capitão Leônidas Marques,CAPITAO LEONIDAS MARQUES,2019,15780
4104600,PR,Capitão Leônidas Marques,CAPITAO LEONIDAS MARQUES,2020,15834
4104600,PR,Capitão Leônidas Marques,CAPITAO LEONIDAS MARQUES,2021,15887
4104659,PR,Carambeí,CARAMBEI,2013,20863
4104659,PR,Carambeí,CARAMBEI,2014,21233
4104659,PR,Carambeí,CARAMBEI,2015,21590
4104659,PR,Carambeí,CARAMBEI,2016,21939
4104659,PR,Carambeí,CARAMBEI,2017,22282
4104659,PR,Carambeí,CARAMBEI,2018,22993
4104659,PR,Carambeí,CARAMBEI,2019,23415
4104659,PR,Carambeí,CARAMBEI,2020,23825
4104659,PR,Carambeí,CARAMBEI,2021,24225
4104709,PR,Carlópolis,CARLOPOLIS,2013,14239
4104709,PR,Carlópolis,CARLOPOLIS,2014,14289
4104709,PR,Carlópolis,CARLOPOLIS,2015,14337
4104709,PR,Carlópolis,CARLOPOLIS,2016,14384
4104709,PR,Carlópolis,CARLOPOLIS,2017,14431
4104709,PR,Carlópolis,CARLOPOLIS,2018,14283
4104709,PR,Carlópolis,CARLOPOLIS,2019,14320
4104709,PR,Carlópolis,CARLOPOLIS,2020,14356
4104709,PR,Carlópolis,CARLOPOLIS,2021,14391
4104808,PR,Cascavel,CASCAVEL,2013,305615
4104808,PR,Cascavel,CASCAVEL,2014,309259
4104808,PR,Cascavel,CASCAVEL,2015,312778
4104808,PR,Cascavel,CASCAVEL,2016,316226
4104808,PR,Cascavel,CASCAVEL,2017,319608
4104808,PR,Cascavel,CASCAVEL,2018,324476
4104808,PR,Cascavel,CASCAVEL,2019,328454
4104808,PR,Cascavel,CASCAVEL,2020,332333
4104808,PR,Cascavel,CASCAVEL,2021,336073
4104907,PR,Castro,CASTRO,2013,70086
4104907,PR,Castro,CASTRO,2014,70454
4104907,PR,Castro,CASTRO,2015,70810
4104907,PR,Castro,CASTRO,2016,71159
4104907,PR,Castro,CASTRO,2017,71501
4104907,PR,Castro,CASTRO,2018,71151
4104907,PR,Castro,CASTRO,2019,71484
4104907,PR,Castro,CASTRO,2020,71809
4104907,PR,Castro,CASTRO,2021,72125
4105003,PR,Catanduvas,CATANDUVAS,2013,10467
4105003,PR,Catanduvas,CATANDUVAS,2014,10463
4105003,PR,Catanduvas,CATANDUVAS,2015,10459
4105003,PR,Catanduvas,CATANDUVAS,2016,10455
4105003,PR,Catanduvas,CATANDUVAS,2017,10451
4105003,PR,Catanduvas,CATANDUVAS,2018,10213
4105003,PR,Catanduvas,CATANDUVAS,2019,10189
4105003,PR,Catanduvas,CATANDUVAS,2020,10167
4105003,PR,Catanduvas,CATANDUVAS,2021,10144
4105102,PR,Centenário do Sul,CENTENARIO DO SUL,2013,11382
4105102,PR,Centenário do Sul,CENTENARIO DO SUL,2014,11346
4105102,PR,Centenário do Sul,CENTENARIO DO SUL,2015,11312
4105102,PR,Centenário do Sul,CENTENARIO DO SUL,2016,11279
4105102,PR,Centenário do Sul,CENTENARIO DO SUL,2017,11246
4105102,PR,Centenário do Sul,CENTENARIO DO SUL,2018,10891
4105102,PR,Centenário do Sul,CENTENARIO DO SUL,2019,10827
4105102,PR,Centenário do Sul,CENTENARIO DO SUL,2020,10764
4105102,PR,Centenário do Sul,CENTENARIO DO SUL,2021,10704
4105201,PR,Cerro Azul,CERRO AZUL,2013,17619
4105201,PR,Cerro Azul,CERRO AZUL,2014,17689
4105201,PR,Cerro Azul,CERRO AZUL,2015,17755
4105201,PR,Cerro Azul,CERRO AZUL,2016,17821
4105201,PR,Cerro Azul,CERRO AZUL,2017,17885
4105201,PR,Cerro Azul,CERRO AZUL,2018,17725
4105201,PR,Cerro Azul,CERRO AZUL,2019,17779
4105201,PR,Cerro Azul,CERRO AZUL,2020,17833
4105201,PR,Cerro Azul,CERRO AZUL,2021,17884
4105300,PR,Céu Azul,CEU AZUL,2013,11528
4105300,PR,Céu Azul,CEU AZUL,2014,11589
4105300,PR,Céu Azul,CEU AZUL,2015,11649
4105300,PR,Céu Azul,CEU AZUL,2016,11707
4105300,PR,Céu Azul,CEU AZUL,2017,11764
4105300,PR,Céu Azul,CEU AZUL,2018,11709
4105300,PR,Céu Azul,CEU AZUL,2019,11765
4105300,PR,Céu Azul,CEU AZUL,2020,11819
4105300,PR,Céu Azul,CEU AZUL,2021,11872
4105409,PR,Chopinzinho,CHOPINZINHO,2013,20077
4105409,PR,Chopinzinho,CHOPINZINHO,2014,20034
4105409,PR,Chopinzinho,CHOPINZINHO,2015,19992
4105409,PR,Chopinzinho,CHOPINZINHO,2016,19951
4105409,PR,Chopinzinho,CHOPINZINHO,2017,19911
4105409,PR,Chopinzinho,CHOPINZINHO,2018,19343
4105409,PR,Chopinzinho,CHOPINZINHO,2019,19254
4105409,PR,Chopinzinho,CHOPINZINHO,2020,19167
4105409,PR,Chopinzinho,CHOPINZINHO,2021,19083
4105508,PR,Cianorte,CIANORTE,2013,75360
4105508,PR,Cianorte,CIANORTE,2014,76456
4105508,PR,Cianorte,CIANORTE,2015,77515
4105508,PR,Cianorte,CIANORTE,2016,78553
4105508,PR,Cianorte,CIANORTE,2017,79571
4105508,PR,Cianorte,CIANORTE,2018,81393
4105508,PR,Cianorte,CIANORTE,2019,82620
4105508,PR,Cianorte,CIANORTE,2020,83816
4105508,PR,Cianorte,CIANORTE,2021,84980
4105607,PR,Cidade Gaúcha,CIDADE GAUCHA,2013,11800
4105607,PR,Cidade Gaúcha,CIDADE GAUCHA,2014,11937
4105607,PR,Cidade Gaúcha,CIDADE GAUCHA,2015,12069
4105607,PR,Cidade Gaúcha,CIDADE GAUCHA,2016,12199
4105607,PR,Cidade Gaúcha,CIDADE GAUCHA,2017,12326
4105607,PR,Cidade Gaúcha,CIDADE GAUCHA,2018,12503
4105607,PR,Cidade Gaúcha,CIDADE GAUCHA,2019,12652
4105607,PR,Cidade Gaúcha,CIDADE GAUCHA,2020,12797
4105607,PR,Cidade Gaúcha,CIDADE GAUCHA,2021,12939
4105706,PR,Clevelândia,CLEVELANDIA,2013,17501
4105706,PR,Clevelândia,CLEVELANDIA,2014,17436
4105706,PR,Clevelândia,CLEVELANDIA,2015,17373
4105706,PR,Clevelândia,CLEVELANDIA,2016,17311
4105706,PR,Clevelândia,CLEVELANDIA,2017,17250
4105706,PR,Clevelândia,CLEVELANDIA,2018,16671
4105706,PR,Clevelândia,CLEVELANDIA,2019,16559
4105706,PR,Clevelândia,CLEVELANDIA,2020,16450
4105706,PR,Clevelândia,CLEVELANDIA,2021,16344
4105805,PR,Colombo,COLOMBO,2013,227220
4105805,PR,Colombo,COLOMBO,2014,229872
4105805,PR,Colombo,COLOMBO,2015,232432
4105805,PR,Colombo,COLOMBO,2016,234941
4105805,PR,Colombo,COLOMBO,2017,237402
4105805,PR,Colombo,COLOMBO,2018,240840
4105805,PR,Colombo,COLOMBO,2019,243726
4105805,PR,Colombo,COLOMBO,2020,246540
4105805,PR,Colombo,COLOMBO,2021,249277
4105904,PR,Colorado,COLORADO,2013,23402
4105904,PR,Colorado,COLORADO,2014,23542
4105904,PR,Colorado,COLORADO,2015,23678
4105904,PR,Colorado,COLORADO,2016,23811
4105904,PR,Colorado,COLORADO,2017,23941
4105904,PR,Colorado,COLORADO,2018,23879
4105904,PR,Colorado,COLORADO,2019,24012
4105904,PR,Colorado,COLORADO,2020,24145
4105904,PR,Colorado,COLORADO,2021,24271
4106001,PR,Congonhinhas,CONGONHINHAS,2013,8648
4106001,PR,Congonhinhas,CONGONHINHAS,2014,8693
4106001,PR,Congonhinhas,CONGONHINHAS,2015,8736
4106001,PR,Congonhinhas,CONGONHINHAS,2016,8779
4106001,PR,Congonhinhas,CONGONHINHAS,2017,8821
4106001,PR,Congonhinhas,CONGONHINHAS,2018,8777
4106001,PR,Congonhinhas,CONGONHINHAS,2019,8818
4106001,PR,Congonhinhas,CONGONHINHAS,2020,8857
4106001,PR,Congonhinhas,CONGONHINHAS,2021,8896
4106100,PR,Conselheiro Mairinck,CONSELHEIRO MAIRINCK,2013,3794
4106100,PR,Conselheiro Mairinck,CONSELHEIRO MAIRINCK,2014,3813
4106100,PR,Conselheiro Mairinck,CONSELHEIRO MAIRINCK,2015,3831
4106100,PR,Conselheiro Mairinck,CONSELHEIRO MAIRINCK,2016,3849
4106100,PR,Conselheiro Mairinck,CONSELHEIRO MAIRINCK,2017,3866
4106100,PR,Conselheiro Mairinck,CONSELHEIRO MAIRINCK,2018,3843
4106100,PR,Conselheiro Mairinck,CONSELHEIRO MAIRINCK,2019,3860
4106100,PR,Conselheiro Mairinck,CONSELHEIRO MAIRINCK,2020,3876
4106100,PR,Conselheiro Mairinck,CONSELHEIRO MAIRINCK,2021,3891
4106209,PR,Contenda,CONTENDA,2013,17067
4106209,PR,Contenda,CONTENDA,2014,17300
4106209,PR,Contenda,CONTENDA,2015,17525
4106209,PR,Contenda,CONTENDA,2016,17745
4106209,PR,Contenda,CONTENDA,2017,17961
4106209,PR,Contenda,CONTENDA,2018,18326
4106209,PR,Contenda,CONTENDA,2019,18584
4106209,PR,Contenda,CONTENDA,2020,18837
4106209,PR,Contenda,CONTENDA,2021,19082
4106308,PR,Corbélia,CORBELIA,2013,16954
4106308,PR,Corbélia,CORBELIA,2014,17016
4106308,PR,Corbélia,CORBELIA,2015,17076
4106308,PR,Corbélia,CORBELIA,2016,17135
4106308,PR,Corbélia,CORBELIA,2017,17193
4106308,PR,Corbélia,CORBELIA,2018,17024
4106308,PR,Corbélia,CORBELIA,2019,17071
4106308,PR,Corbélia,CORBELIA,2020,17117
4106308,PR,Corbélia,CORBELIA,2021,17162
4106407,PR,Cornélio Procópio,CORNELIO PROCOPIO,2013,48420
4106407,PR,Cornélio Procópio,CORNELIO PROCOPIO,2014,48487
4106407,PR,Cornélio Procópio,CORNELIO PROCOPIO,2015,48551
4106407,PR,Cornélio Procópio,CORNELIO PROCOPIO,2016,48615
4106407,PR,Cornélio Procópio,CORNELIO PROCOPIO,2017,48677
4106407,PR,Cornélio Procópio,CORNELIO PROCOPIO,2018,47847
4106407,PR,Cornélio Procópio,CORNELIO PROCOPIO,2019,47845
4106407,PR,Cornélio Procópio,CORNELIO PROCOPIO,2020,47842
4106407,PR,Cornélio Procópio,CORNELIO PROCOPIO,2021,47840
4106456,PR,Coronel Domingos Soares,CORONEL DOMINGOS SOARES,2013,7525
4106456,PR,Coronel Domingos Soares,CORONEL DOMINGOS SOARES,2014,7553
4106456,PR,Coronel Domingos Soares,CORONEL DOMINGOS SOARES,2015,7580
4106456,PR,Coronel Domingos Soares,CORONEL DOMINGOS SOARES,2016,7607
4106456,PR,Coronel Domingos Soares,CORONEL DOMINGOS SOARES,2017,7547
4106456,PR,Coronel Domingos Soares,CORONEL DOMINGOS SOARES,2018,7475
4106456,PR,Coronel Domingos Soares,CORONEL DOMINGOS SOARES,2019,7497
4106456,PR,Coronel Domingos Soares,CORONEL DOMINGOS SOARES,2020,7518
4106456,PR,Coronel Domingos Soares,CORONEL DOMINGOS SOARES,2021,7538
4106506,PR,Coronel Vivida,CORONEL VIVIDA,2013,22035
4106506,PR,Coronel Vivida,CORONEL VIVIDA,2014,21939
4106506,PR,Coronel Vivida,CORONEL VIVIDA,2015,21846
4106506,PR,Coronel Vivida,CORONEL VIVIDA,2016,21755
4106506,PR,Coronel Vivida,CORONEL VIVIDA,2017,21666
4106506,PR,Coronel Vivida,CORONEL VIVIDA,2018,20892
4106506,PR,Coronel Vivida,CORONEL VIVIDA,2019,20734
4106506,PR,Coronel Vivida,CORONEL VIVIDA,2020,20580
4106506,PR,Coronel Vivida,CORONEL VIVIDA,2021,20430
4106555,PR,Corumbataí do Sul,CORUMBATAI DO SUL,2013,3887
4106555,PR,Corumbataí do Sul,CORUMBATAI DO SUL,2014,3817
4106555,PR,Corumbataí do Sul,CORUMBATAI DO SUL,2015,3749
4106555,PR,Corumbataí do Sul,CORUMBATAI DO SUL,2016,3682
4106555,PR,Corumbataí do Sul,CORUMBATAI DO SUL,2017,3617
4106555,PR,Corumbataí do Sul,CORUMBATAI DO SUL,2018,3313
4106555,PR,Corumbataí do Sul,CORUMBATAI DO SUL,2019,3219
4106555,PR,Corumbataí do Sul,CORUMBATAI DO SUL,2020,3127
4106555,PR,Corumbataí do Sul,CORUMBATAI DO SUL,2021,3038
4106803,PR,Cruz Machado,CRUZ MACHADO,2013,18702
4106803,PR,Cruz Machado,CRUZ MACHADO,2014,18755
4106803,PR,Cruz Machado,CRUZ MACHADO,2015,18807
4106803,PR,Cruz Machado,CRUZ MACHADO,2016,18858
4106803,PR,Cruz Machado,CRUZ MACHADO,2017,18907
4106803,PR,Cruz Machado,CRUZ MACHADO,2018,18675
4106803,PR,Cruz Machado,CRUZ MACHADO,2019,18708
4106803,PR,Cruz Machado,CRUZ MACHADO,2020,18741
4106803,PR,Cruz Machado,CRUZ MACHADO,2021,18772
4106571,PR,Cruzeiro do Iguaçu,CRUZEIRO DO IGUACU,2013,4383
4106571,PR,Cruzeiro do Iguaçu,CRUZEIRO DO IGUACU,2014,4380
4106571,PR,Cruzeiro do Iguaçu,CRUZEIRO DO IGUACU,2015,4376
4106571,PR,Cruzeiro do Iguaçu,CRUZEIRO DO IGUACU,2016,4373
4106571,PR,Cruzeiro do Iguaçu,CRUZEIRO DO IGUACU,2017,4369
4106571,PR,Cruzeiro do Iguaçu,CRUZEIRO DO IGUACU,2018,4264
4106571,PR,Cruzeiro do Iguaçu,CRUZEIRO DO IGUACU,2019,4252
4106571,PR,Cruzeiro do Iguaçu,CRUZEIRO DO IGUACU,2020,4240
4106571,PR,Cruzeiro do Iguaçu,CRUZEIRO DO IGUACU,2021,4229
4106605,PR,Cruzeiro do Oeste,CRUZEIRO DO OESTE,2013,21107
4106605,PR,Cruzeiro do Oeste,CRUZEIRO DO OESTE,2014,21149
4106605,PR,Cruzeiro do Oeste,CRUZEIRO DO OESTE,2015,21190
4106605,PR,Cruzeiro do Oeste,CRUZEIRO DO OESTE,2016,21197
4106605,PR,Cruzeiro do Oeste,CRUZEIRO DO OESTE,2017,21237
4106605,PR,Cruzeiro do Oeste,CRUZEIRO DO OESTE,2018,20917
4106605,PR,Cruzeiro do Oeste,CRUZEIRO DO OESTE,2019,20932
4106605,PR,Cruzeiro do Oeste,CRUZEIRO DO OESTE,2020,20947
4106605,PR,Cruzeiro do Oeste,CRUZEIRO DO OESTE,2021,20962
4106704,PR,Cruzeiro do Sul,CRUZEIRO DO SUL,2013,4656
4106704,PR,Cruzeiro do Sul,CRUZEIRO DO SUL,2014,4646
4106704,PR,Cruzeiro do Sul,CRUZEIRO DO SUL,2015,4637
4106704,PR,Cruzeiro do Sul,CRUZEIRO DO SUL,2016,4628
4106704,PR,Cruzeiro do Sul,CRUZEIRO DO SUL,2017,4619
4106704,PR,Cruzeiro do Sul,CRUZEIRO DO SUL,2018,4489
4106704,PR,Cruzeiro do Sul,CRUZEIRO DO SUL,2019,4469
4106704,PR,Cruzeiro do Sul,CRUZEIRO DO SUL,2020,4449
4106704,PR,Cruzeiro do Sul,CRUZEIRO DO SUL,2021,4430
4106852,PR,Cruzmaltina,CRUZMALTINA,2013,3185
4106852,PR,Cruzmaltina,CRUZMALTINA,2014,3166
4106852,PR,Cruzmaltina,CRUZMALTINA,2015,3147
4106852,PR,Cruzmaltina,CRUZMALTINA,2016,3128
4106852,PR,Cruzmaltina,CRUZMALTINA,2017,3110
4106852,PR,Cruzmaltina,CRUZMALTINA,2018,2980
4106852,PR,Cruzmaltina,CRUZMALTINA,2019,2950
4106852,PR,Cruzmaltina,CRUZMALTINA,2020,2921
4106852,PR,Cruzmaltina,CRUZMALTINA,2021,2892
4106902,PR,Curitiba,CURITIBA,2013,1848946
4106902,PR,Curitiba,CURITIBA,2014,1864416
4106902,PR,Curitiba,CURITIBA,2015,1879355
4106902,PR,Curitiba,CURITIBA,2016,1893997
4106902,PR,Curitiba,CURITIBA,2017,1908359
4106902,PR,Curitiba,CURITIBA,2018,1917185
4106902,PR,Curitiba,CURITIBA,2019,1933105
4106902,PR,Curitiba,CURITIBA,2020,1948626
4106902,PR,Curitiba,CURITIBA,2021,1963726
4107009,PR,Curiúva,CURIUVA,2013,14620
4107009,PR,Curiúva,CURIUVA,2014,14720
4107009,PR,Curiúva,CURIUVA,2015,14817
4107009,PR,Curiúva,CURIUVA,2016,14911
4107009,PR,Curiúva,CURIUVA,2017,15004
4107009,PR,Curiúva,CURIUVA,2018,15003
4107009,PR,Curiúva,CURIUVA,2019,15101
4107009,PR,Curiúva,CURIUVA,2020,15196
4107009,PR,Curiúva,CURIUVA,2021,15289
4107157,PR,Diamante D'Oeste,DIAMANTE D OESTE,2013,5223
4107157,PR,Diamante D'Oeste,DIAMANTE D OESTE,2014,5242
4107157,PR,Diamante D'Oeste,DIAMANTE D OESTE,2015,5259
4107157,PR,Diamante D'Oeste,DIAMANTE D OESTE,2016,5277
4107157,PR,Diamante D'Oeste,DIAMANTE D OESTE,2017,5294
4107157,PR,Diamante D'Oeste,DIAMANTE D OESTE,2018,5239
4107157,PR,Diamante D'Oeste,DIAMANTE D OESTE,2019,5253
4107157,PR,Diamante D'Oeste,DIAMANTE D OESTE,2020,5266
4107157,PR,Diamante D'Oeste,DIAMANTE D OESTE,2021,5279
4107108,PR,Diamante do Norte,DIAMANTE DO NORTE,2013,5540
4107108,PR,Diamante do Norte,DIAMANTE DO NORTE,2014,5501
4107108,PR,Diamante do Norte,DIAMANTE DO NORTE,2015,5463
4107108,PR,Diamante do Norte,DIAMANTE DO NORTE,2016,5425
4107108,PR,Diamante do Norte,DIAMANTE DO NORTE,2017,5389
4107108,PR,Diamante do Norte,DIAMANTE DO NORTE,2018,5146
4107108,PR,Diamante do Norte,DIAMANTE DO NORTE,2019,5087
4107108,PR,Diamante do Norte,DIAMANTE DO NORTE,2020,5030
4107108,PR,Diamante do Norte,DIAMANTE DO NORTE,2021,4975
4107124,PR,Diamante do Sul,DIAMANTE DO SUL,2013,3583
4107124,PR,Diamante do Sul,DIAMANTE DO SUL,2014,3575
4107124,PR,Diamante do Sul,DIAMANTE DO SUL,2015,3568
4107124,PR,Diamante do Sul,DIAMANTE DO SUL,2016,3562
4107124,PR,Diamante do Sul,DIAMANTE DO SUL,2017,3555
4107124,PR,Diamante do Sul,DIAMANTE DO SUL,2018,3454
4107124,PR,Diamante do Sul,DIAMANTE DO SUL,2019,3439
4107124,PR,Diamante do Sul,DIAMANTE DO SUL,2020,3424
4107124,PR,Diamante do Sul,DIAMANTE DO SUL,2021,3409
4107207,PR,Dois Vizinhos,DOIS VIZINHOS,2013,38385
4107207,PR,Dois Vizinhos,DOIS VIZINHOS,2014,38768
4107207,PR,Dois Vizinhos,DOIS VIZINHOS,2015,39138
4107207,PR,Dois Vizinhos,DOIS VIZINHOS,2016,39500
4107207,PR,Dois Vizinhos,DOIS VIZINHOS,2017,39856
4107207,PR,Dois Vizinhos,DOIS VIZINHOS,2018,40234
4107207,PR,Dois Vizinhos,DOIS VIZINHOS,2019,40641
4107207,PR,Dois Vizinhos,DOIS VIZINHOS,2020,41038
4107207,PR,Dois Vizinhos,DOIS VIZINHOS,2021,41424
4107256,PR,Douradina,DOURADINA,2013,8007
4107256,PR,Douradina,DOURADINA,2014,8120
4107256,PR,Douradina,DOURADINA,2015,8228
4107256,PR,Douradina,DOURADINA,2016,8335
4107256,PR,Douradina,DOURADINA,2017,8439
4107256,PR,Douradina,DOURADINA,2018,8621
4107256,PR,Douradina,DOURADINA,2019,8747
4107256,PR,Douradina,DOURADINA,2020,8869
4107256,PR,Douradina,DOURADINA,2021,8988
4107306,PR,Doutor Camargo,DOUTOR CAMARGO,2013,6024
4107306,PR,Doutor Camargo,DOUTOR CAMARGO,2014,6036
4107306,PR,Doutor Camargo,DOUTOR CAMARGO,2015,6047
4107306,PR,Doutor Camargo,DOUTOR CAMARGO,2016,6058
4107306,PR,Doutor Camargo,DOUTOR CAMARGO,2017,6069
4107306,PR,Doutor Camargo,DOUTOR CAMARGO,2018,5976
4107306,PR,Doutor Camargo,DOUTOR CAMARGO,2019,5979
4107306,PR,Doutor Camargo,DOUTOR CAMARGO,2020,5983
4107306,PR,Doutor Camargo,DOUTOR CAMARGO,2021,5987
4128633,PR,Doutor Ulysses,DOUTOR ULYSSES,2013,5837
4128633,PR,Doutor Ulysses,DOUTOR ULYSSES,2014,5822
4128633,PR,Doutor Ulysses,DOUTOR ULYSSES,2015,5808
4128633,PR,Doutor Ulysses,DOUTOR ULYSSES,2016,5794
4128633,PR,Doutor Ulysses,DOUTOR ULYSSES,2017,5781
4128633,PR,Doutor Ulysses,DOUTOR ULYSSES,2018,5609
4128633,PR,Doutor Ulysses,DOUTOR ULYSSES,2019,5580
4128633,PR,Doutor Ulysses,DOUTOR ULYSSES,2020,5552
4128633,PR,Doutor Ulysses,DOUTOR ULYSSES,2021,5525
4107405,PR,Enéas Marques,ENEAS MARQUES,2013,6223
4107405,PR,Enéas Marques,ENEAS MARQUES,2014,6209
4107405,PR,Enéas Marques,ENEAS MARQUES,2015,6195
4107405,PR,Enéas Marques,ENEAS MARQUES,2016,6182
4107405,PR,Enéas Marques,ENEAS MARQUES,2017,6168
4107405,PR,Enéas Marques,ENEAS MARQUES,2018,5990
4107405,PR,Enéas Marques,ENEAS MARQUES,2019,5961
4107405,PR,Enéas Marques,ENEAS MARQUES,2020,5933
4107405,PR,Enéas Marques,ENEAS MARQUES,2021,5906
4107504,PR,Engenheiro Beltrão,ENGENHEIRO BELTRAO,2013,14298
4107504,PR,Engenheiro Beltrão,ENGENHEIRO BELTRAO,2014,14303
4107504,PR,Engenheiro Beltrão,ENGENHEIRO BELTRAO,2015,14307
4107504,PR,Engenheiro Beltrão,ENGENHEIRO BELTRAO,2016,14311
4107504,PR,Engenheiro Beltrão,ENGENHEIRO BELTRAO,2017,14314
4107504,PR,Engenheiro Beltrão,ENGENHEIRO BELTRAO,2018,14020
4107504,PR,Engenheiro Beltrão,ENGENHEIRO BELTRAO,2019,14000
4107504,PR,Engenheiro Beltrão,ENGENHEIRO BELTRAO,2020,13981
4107504,PR,Engenheiro Beltrão,ENGENHEIRO BELTRAO,2021,13962
4107538,PR,Entre Rios do Oeste,ENTRE RIOS DO OESTE,2013,4202
4107538,PR,Entre Rios do Oeste,ENTRE RIOS DO OESTE,2014,4255
4107538,PR,Entre Rios do Oeste,ENTRE RIOS DO OESTE,2015,4306
4107538,PR,Entre Rios do Oeste,ENTRE RIOS DO OESTE,2016,4357
4107538,PR,Entre Rios do Oeste,ENTRE RIOS DO OESTE,2017,4406
4107538,PR,Entre Rios do Oeste,ENTRE RIOS DO OESTE,2018,4481
4107538,PR,Entre Rios do Oeste,ENTRE RIOS DO OESTE,2019,4539
4107538,PR,Entre Rios do Oeste,ENTRE RIOS DO OESTE,2020,4596
4107538,PR,Entre Rios do Oeste,ENTRE RIOS DO OESTE,2021,4651
4107520,PR,Esperança Nova,ESPERANCA NOVA,2013,1946
4107520,PR,Esperança Nova,ESPERANCA NOVA,2014,1922
4107520,PR,Esperança Nova,ESPERANCA NOVA,2015,1898
4107520,PR,Esperança Nova,ESPERANCA NOVA,2016,1875
4107520,PR,Esperança Nova,ESPERANCA NOVA,2017,1852
4107520,PR,Esperança Nova,ESPERANCA NOVA,2018,1732
4107520,PR,Esperança Nova,ESPERANCA NOVA,2019,1698
4107520,PR,Esperança Nova,ESPERANCA NOVA,2020,1665
4107520,PR,Esperança Nova,ESPERANCA NOVA,2021,1633
4107546,PR,Espigão Alto do Iguaçu,ESPIGAO ALTO DO IGUACU,2013,4642
4107546,PR,Espigão Alto do Iguaçu,ESPIGAO ALTO DO IGUACU,2014,4591
4107546,PR,Espigão Alto do Iguaçu,ESPIGAO ALTO DO IGUACU,2015,4542
4107546,PR,Espigão Alto do Iguaçu,ESPIGAO ALTO DO IGUACU,2016,4494
4107546,PR,Espigão Alto do Iguaçu,ESPIGAO ALTO DO IGUACU,2017,4447
4107546,PR,Espigão Alto do Iguaçu,ESPIGAO ALTO DO IGUACU,2018,4188
4107546,PR,Espigão Alto do Iguaçu,ESPIGAO ALTO DO IGUACU,2019,4117
4107546,PR,Espigão Alto do Iguaçu,ESPIGAO ALTO DO IGUACU,2020,4048
4107546,PR,Espigão Alto do Iguaçu,ESPIGAO ALTO DO IGUACU,2021,3980
4107553,PR,Farol,FAROL,2013,3456
4107553,PR,Farol,FAROL,2014,3422
4107553,PR,Farol,FAROL,2015,3388
4107553,PR,Farol,FAROL,2016,3355
4107553,PR,Farol,FAROL,2017,3323
4107553,PR,Farol,FAROL,2018,3139
4107553,PR,Farol,FAROL,2019,3089
4107553,PR,Farol,FAROL,2020,3041
4107553,PR,Farol,FAROL,2021,2995
4107603,PR,Faxinal,FAXINAL,2013,17006
4107603,PR,Faxinal,FAXINAL,2014,17084
4107603,PR,Faxinal,FAXINAL,2015,17160
4107603,PR,Faxinal,FAXINAL,2016,17233
4107603,PR,Faxinal,FAXINAL,2017,17306
4107603,PR,Faxinal,FAXINAL,2018,17185
4107603,PR,Faxinal,FAXINAL,2019,17251
4107603,PR,Faxinal,FAXINAL,2020,17316
4107603,PR,Faxinal,FAXINAL,2021,17379
4107652,PR,Fazenda Rio Grande,FAZENDA RIO GRANDE,2013,89037
4107652,PR,Fazenda Rio Grande,FAZENDA RIO GRANDE,2014,90648
4107652,PR,Fazenda Rio Grande,FAZENDA RIO GRANDE,2015,92204
4107652,PR,Fazenda Rio Grande,FAZENDA RIO GRANDE,2016,93730
4107652,PR,Fazenda Rio Grande,FAZENDA RIO GRANDE,2017,95225
4107652,PR,Fazenda Rio Grande,FAZENDA RIO GRANDE,2018,98368
4107652,PR,Fazenda Rio Grande,FAZENDA RIO GRANDE,2019,100209
4107652,PR,Fazenda Rio Grande,FAZENDA RIO GRANDE,2020,102004
4107652,PR,Fazenda Rio Grande,FAZENDA RIO GRANDE,2021,103750
4107702,PR,Fênix,FENIX,2013,4917
4107702,PR,Fênix,FENIX,2014,4912
4107702,PR,Fênix,FENIX,2015,4908
4107702,PR,Fênix,FENIX,2016,4903
4107702,PR,Fênix,FENIX,2017,4898
4107702,PR,Fênix,FENIX,2018,4777
4107702,PR,Fênix,FENIX,2019,4762
4107702,PR,Fênix,FENIX,2020,4748
4107702,PR,Fênix,FENIX,2021,4734
4107736,PR,Fernandes Pinheiro,FERNANDES PINHEIRO,2013,6008
4107736,PR,Fernandes Pinheiro,FERNANDES PINHEIRO,2014,5981
4107736,PR,Fernandes Pinheiro,FERNANDES PINHEIRO,2015,5954
4107736,PR,Fernandes Pinheiro,FERNANDES PINHEIRO,2016,5929
4107736,PR,Fernandes Pinheiro,FERNANDES PINHEIRO,2017,5904
4107736,PR,Fernandes Pinheiro,FERNANDES PINHEIRO,2018,5690
4107736,PR,Fernandes Pinheiro,FERNANDES PINHEIRO,2019,5646
4107736,PR,Fernandes Pinheiro,FERNANDES PINHEIRO,2020,5602
4107736,PR,Fernandes Pinheiro,FERNANDES PINHEIRO,2021,5561
4107751,PR,Figueira,FIGUEIRA,2013,8364
4107751,PR,Figueira,FIGUEIRA,2014,8315
4107751,PR,Figueira,FIGUEIRA,2015,8268
4107751,PR,Figueira,FIGUEIRA,2016,8222
4107751,PR,Figueira,FIGUEIRA,2017,8177
4107751,PR,Figueira,FIGUEIRA,2018,7845
4107751,PR,Figueira,FIGUEIRA,2019,7770
4107751,PR,Figueira,FIGUEIRA,2020,7696
4107751,PR,Figueira,FIGUEIRA,2021,7625
4107850,PR,Flor da Serra do Sul,FLOR DA SERRA DO SUL,2013,4822
4107850,PR,Flor da Serra do Sul,FLOR DA SERRA DO SUL,2014,4812
4107850,PR,Flor da Serra do Sul,FLOR DA SERRA DO SUL,2015,4802
4107850,PR,Flor da Serra do Sul,FLOR DA SERRA DO SUL,2016,4792
4107850,PR,Flor da Serra do Sul,FLOR DA SERRA DO SUL,2017,4782
4107850,PR,Flor da Serra do Sul,FLOR DA SERRA DO SUL,2018,4645
4107850,PR,Flor da Serra do Sul,FLOR DA SERRA DO SUL,2019,4624
4107850,PR,Flor da Serra do Sul,FLOR DA SERRA DO SUL,2020,4603
4107850,PR,Flor da Serra do Sul,FLOR DA SERRA DO SUL,2021,4583
4107801,PR,Floraí,FLORAI,2013,5149
4107801,PR,Floraí,FLORAI,2014,5137
4107801,PR,Floraí,FLORAI,2015,5126
4107801,PR,Floraí,FLORAI,2016,5114
4107801,PR,Floraí,FLORAI,2017,5103
4107801,PR,Floraí,FLORAI,2018,4953
4107801,PR,Floraí,FLORAI,2019,4929
4107801,PR,Floraí,FLORAI,2020,4906
4107801,PR,Floraí,FLORAI,2021,4883
4107900,PR,Floresta,FLORESTA,2013,6324
4107900,PR,Floresta,FLORESTA,2014,6397
4107900,PR,Floresta,FLORESTA,2015,6467
4107900,PR,Floresta,FLORESTA,2016,6535
4107900,PR,Floresta,FLORESTA,2017,6603
4107900,PR,Floresta,FLORESTA,2018,6695
4107900,PR,Floresta,FLORESTA,2019,6774
4107900,PR,Floresta,FLORESTA,2020,6851
4107900,PR,Floresta,FLORESTA,2021,6926
4108007,PR,Florestópolis,FLORESTOPOLIS,2013,11328
4108007,PR,Florestópolis,FLORESTOPOLIS,2014,11265
4108007,PR,Florestópolis,FLORESTOPOLIS,2015,11205
4108007,PR,Florestópolis,FLORESTOPOLIS,2016,11145
4108007,PR,Florestópolis,FLORESTOPOLIS,2017,11087
4108007,PR,Florestópolis,FLORESTOPOLIS,2018,10646
4108007,PR,Florestópolis,FLORESTOPOLIS,2019,10548
4108007,PR,Florestópolis,FLORESTOPOLIS,2020,10453
4108007,PR,Florestópolis,FLORESTOPOLIS,2021,10360
4108106,PR,Flórida,FLORIDA,2013,2650
4108106,PR,Flórida,FLORIDA,2014,2662
4108106,PR,Flórida,FLORIDA,2015,2674
4108106,PR,Flórida,FLORIDA,2016,2685
4108106,PR,Flórida,FLORIDA,2017,2697
4108106,PR,Flórida,FLORIDA,2018,2679
4108106,PR,Flórida,FLORIDA,2019,2689
4108106,PR,Flórida,FLORIDA,2020,2699
4108106,PR,Flórida,FLORIDA,2021,2709
4108205,PR,Formosa do Oeste,FORMOSA DO OESTE,2013,7468
4108205,PR,Formosa do Oeste,FORMOSA DO OESTE,2014,7381
4108205,PR,Formosa do Oeste,FORMOSA DO OESTE,2015,7296
4108205,PR,Formosa do Oeste,FORMOSA DO OESTE,2016,7214
4108205,PR,Formosa do Oeste,FORMOSA DO OESTE,2017,7133
4108205,PR,Formosa do Oeste,FORMOSA DO OESTE,2018,6700
4108205,PR,Formosa do Oeste,FORMOSA DO OESTE,2019,6578
4108205,PR,Formosa do Oeste,FORMOSA DO OESTE,2020,6460
4108205,PR,Formosa do Oeste,FORMOSA DO OESTE,2021,6345
4108304,PR,Foz do Iguaçu,FOZ DO IGUACU,2013,263508
4108304,PR,Foz do Iguaçu,FOZ DO IGUACU,2014,263647
4108304,PR,Foz do Iguaçu,FOZ DO IGUACU,2015,263782
4108304,PR,Foz do Iguaçu,FOZ DO IGUACU,2016,263915
4108304,PR,Foz do Iguaçu,FOZ DO IGUACU,2017,264044
4108304,PR,Foz do Iguaçu,FOZ DO IGUACU,2018,258823
4108304,PR,Foz do Iguaçu,FOZ DO IGUACU,2019,258532
4108304,PR,Foz do Iguaçu,FOZ DO IGUACU,2020,258248
4108304,PR,Foz do Iguaçu,FOZ DO IGUACU,2021,257971
4108452,PR,Foz do Jordão,FOZ DO JORDAO,2013,5346
4108452,PR,Foz do Jordão,FOZ DO JORDAO,2014,5277
4108452,PR,Foz do Jordão,FOZ DO JORDAO,2015,5210
4108452,PR,Foz do Jordão,FOZ DO JORDAO,2016,5144
4108452,PR,Foz do Jordão,FOZ DO JORDAO,2017,5079
4108452,PR,Foz do Jordão,FOZ DO JORDAO,2018,4745
4108452,PR,Foz do Jordão,FOZ DO JORDAO,2019,4650
4108452,PR,Foz do Jordão,FOZ DO JORDAO,2020,4556
4108452,PR,Foz do Jordão,FOZ DO JORDAO,2021,4466
4108320,PR,Francisco Alves,FRANCISCO ALVES,2013,6483
4108320,PR,Francisco Alves,FRANCISCO ALVES,2014,6448
4108320,PR,Francisco Alves,FRANCISCO ALVES,2015,6415
4108320,PR,Francisco Alves,FRANCISCO ALVES,2016,6382
4108320,PR,Francisco Alves,FRANCISCO ALVES,2017,6350
4108320,PR,Francisco Alves,FRANCISCO ALVES,2018,6101
4108320,PR,Francisco Alves,FRANCISCO ALVES,2019,6046
4108320,PR,Francisco Alves,FRANCISCO ALVES,2020,5993
4108320,PR,Francisco Alves,FRANCISCO ALVES,2021,5942
4108403,PR,Francisco Beltrão,FRANCISCO BELTRAO,2013,84437
4108403,PR,Francisco Beltrão,FRANCISCO BELTRAO,2014,85486
4108403,PR,Francisco Beltrão,FRANCISCO BELTRAO,2015,86499
4108403,PR,Francisco Beltrão,FRANCISCO BELTRAO,2016,87491
4108403,PR,Francisco Beltrão,FRANCISCO BELTRAO,2017,88465
4108403,PR,Francisco Beltrão,FRANCISCO BELTRAO,2018,89942
4108403,PR,Francisco Beltrão,FRANCISCO BELTRAO,2019,91093
4108403,PR,Francisco Beltrão,FRANCISCO BELTRAO,2020,92216
4108403,PR,Francisco Beltrão,FRANCISCO BELTRAO,2021,93308
4108502,PR,General Carneiro,GENERAL CARNEIRO,2013,14039
4108502,PR,General Carneiro,GENERAL CARNEIRO,2014,14039
4108502,PR,General Carneiro,GENERAL CARNEIRO,2015,14039
4108502,PR,General Carneiro,GENERAL CARNEIRO,2016,14038
4108502,PR,General Carneiro,GENERAL CARNEIRO,2017,14038
4108502,PR,General Carneiro,GENERAL CARNEIRO,2018,13735
4108502,PR,General Carneiro,GENERAL CARNEIRO,2019,13710
4108502,PR,General Carneiro,GENERAL CARNEIRO,2020,13685
4108502,PR,General Carneiro,GENERAL CARNEIRO,2021,13661
4108551,PR,Godoy Moreira,GODOY MOREIRA,2013,3315
4108551,PR,Godoy Moreira,GODOY MOREIRA,2014,3279
4108551,PR,Godoy Moreira,GODOY MOREIRA,2015,3245
4108551,PR,Godoy Moreira,GODOY MOREIRA,2016,3211
4108551,PR,Godoy Moreira,GODOY MOREIRA,2017,3178
4108551,PR,Godoy Moreira,GODOY MOREIRA,2018,2996
4108551,PR,Godoy Moreira,GODOY MOREIRA,2019,2946
4108551,PR,Godoy Moreira,GODOY MOREIRA,2020,2898
4108551,PR,Godoy Moreira,GODOY MOREIRA,2021,2850
4108601,PR,Goioerê,GOIOERE,2013,29743
4108601,PR,Goioerê,GOIOERE,2014,29722
4108601,PR,Goioerê,GOIOERE,2015,29702
4108601,PR,Goioerê,GOIOERE,2016,29683
4108601,PR,Goioerê,GOIOERE,2017,29664
4108601,PR,Goioerê,GOIOERE,2018,28962
4108601,PR,Goioerê,GOIOERE,2019,28884
4108601,PR,Goioerê,GOIOERE,2020,28808
4108601,PR,Goioerê,GOIOERE,2021,28734
4108650,PR,Goioxim,GOIOXIM,2013,7590
4108650,PR,Goioxim,GOIOXIM,2014,7553
4108650,PR,Goioxim,GOIOXIM,2015,7517
4108650,PR,Goioxim,GOIOXIM,2016,7482
4108650,PR,Goioxim,GOIOXIM,2017,7448
4108650,PR,Goioxim,GOIOXIM,2018,7170
4108650,PR,Goioxim,GOIOXIM,2019,7111
4108650,PR,Goioxim,GOIOXIM,2020,7053
4108650,PR,Goioxim,GOIOXIM,2021,6997
4108700,PR,Grandes Rios,GRANDES RIOS,2013,6515
4108700,PR,Grandes Rios,GRANDES RIOS,2014,6425
4108700,PR,Grandes Rios,GRANDES RIOS,2015,6337
4108700,PR,Grandes Rios,GRANDES RIOS,2016,6251
4108700,PR,Grandes Rios,GRANDES RIOS,2017,6167
4108700,PR,Grandes Rios,GRANDES RIOS,2018,5742
4108700,PR,Grandes Rios,GRANDES RIOS,2019,5618
4108700,PR,Grandes Rios,GRANDES RIOS,2020,5497
4108700,PR,Grandes Rios,GRANDES RIOS,2021,5379
4108809,PR,Guaíra,GUAIRA,2013,32190
4108809,PR,Guaíra,GUAIRA,2014,32394
4108809,PR,Guaíra,GUAIRA,2015,32591
4108809,PR,Guaíra,GUAIRA,2016,32784
4108809,PR,Guaíra,GUAIRA,2017,32974
4108809,PR,Guaíra,GUAIRA,2018,32923
4108809,PR,Guaíra,GUAIRA,2019,33119
4108809,PR,Guaíra,GUAIRA,2020,33310
4108809,PR,Guaíra,GUAIRA,2021,33497
4108908,PR,Guairaçá,GUAIRACA,2013,6468
4108908,PR,Guairaçá,GUAIRACA,2014,6500
4108908,PR,Guairaçá,GUAIRACA,2015,6531
4108908,PR,Guairaçá,GUAIRACA,2016,6562
4108908,PR,Guairaçá,GUAIRACA,2017,6591
4108908,PR,Guairaçá,GUAIRACA,2018,6553
4108908,PR,Guairaçá,GUAIRACA,2019,6581
4108908,PR,Guairaçá,GUAIRACA,2020,6609
4108908,PR,Guairaçá,GUAIRACA,2021,6635
4108957,PR,Guamiranga,GUAMIRANGA,2013,8343
4108957,PR,Guamiranga,GUAMIRANGA,2014,8415
4108957,PR,Guamiranga,GUAMIRANGA,2015,8484
4108957,PR,Guamiranga,GUAMIRANGA,2016,8552
4108957,PR,Guamiranga,GUAMIRANGA,2017,8619
4108957,PR,Guamiranga,GUAMIRANGA,2018,8664
4108957,PR,Guamiranga,GUAMIRANGA,2019,8739
4108957,PR,Guamiranga,GUAMIRANGA,2020,8811
4108957,PR,Guamiranga,GUAMIRANGA,2021,8881
4109005,PR,Guapirama,GUAPIRAMA,2013,3968
4109005,PR,Guapirama,GUAPIRAMA,2014,3959
4109005,PR,Guapirama,GUAPIRAMA,2015,3950
4109005,PR,Guapirama,GUAPIRAMA,2016,3942
4109005,PR,Guapirama,GUAPIRAMA,2017,3934
4109005,PR,Guapirama,GUAPIRAMA,2018,3820
4109005,PR,Guapirama,GUAPIRAMA,2019,3802
4109005,PR,Guapirama,GUAPIRAMA,2020,3784
4109005,PR,Guapirama,GUAPIRAMA,2021,3767
4109104,PR,Guaporema,GUAPOREMA,2013,2289
4109104,PR,Guaporema,GUAPOREMA,2014,2290
4109104,PR,Guaporema,GUAPOREMA,2015,2290
4109104,PR,Guaporema,GUAPOREMA,2016,2291
4109104,PR,Guaporema,GUAPOREMA,2017,2292
4109104,PR,Guaporema,GUAPOREMA,2018,2246
4109104,PR,Guaporema,GUAPOREMA,2019,2243
4109104,PR,Guaporema,GUAPOREMA,2020,2241
4109104,PR,Guaporema,GUAPOREMA,2021,2239
4109203,PR,Guaraci,GUARACI,2013,5373
4109203,PR,Guaraci,GUARACI,2014,5404
4109203,PR,Guaraci,GUARACI,2015,5434
4109203,PR,Guaraci,GUARACI,2016,5463
4109203,PR,Guaraci,GUARACI,2017,5492
4109203,PR,Guaraci,GUARACI,2018,5473
4109203,PR,Guaraci,GUARACI,2019,5502
4109203,PR,Guaraci,GUARACI,2020,5530
4109203,PR,Guaraci,GUARACI,2021,5557
4109302,PR,Guaraniaçu,GUARANIACU,2013,14372
4109302,PR,Guaraniaçu,GUARANIACU,2014,14181
4109302,PR,Guaraniaçu,GUARANIACU,2015,13998
4109302,PR,Guaraniaçu,GUARANIACU,2016,13817
4109302,PR,Guaraniaçu,GUARANIACU,2017,13641
4109302,PR,Guaraniaçu,GUARANIACU,2018,12733
4109302,PR,Guaraniaçu,GUARANIACU,2019,12472
4109302,PR,Guaraniaçu,GUARANIACU,2020,12217
4109302,PR,Guaraniaçu,GUARANIACU,2021,11969
4109401,PR,Guarapuava,GUARAPUAVA,2013,175779
4109401,PR,Guarapuava,GUARAPUAVA,2014,176973
4109401,PR,Guarapuava,GUARAPUAVA,2015,178126
4109401,PR,Guarapuava,GUARAPUAVA,2016,179256
4109401,PR,Guarapuava,GUARAPUAVA,2017,180364
4109401,PR,Guarapuava,GUARAPUAVA,2018,180334
4109401,PR,Guarapuava,GUARAPUAVA,2019,181504
4109401,PR,Guarapuava,GUARAPUAVA,2020,182644
4109401,PR,Guarapuava,GUARAPUAVA,2021,183755
4109500,PR,Guaraqueçaba,GUARAQUECABA,2013,8012
4109500,PR,Guaraqueçaba,GUARAQUECABA,2014,7988
4109500,PR,Guaraqueçaba,GUARAQUECABA,2015,7966
4109500,PR,Guaraqueçaba,GUARAQUECABA,2016,7944
4109500,PR,Guaraqueçaba,GUARAQUECABA,2017,7923
4109500,PR,Guaraqueçaba,GUARAQUECABA,2018,7679
4109500,PR,Guaraqueçaba,GUARAQUECABA,2019,7636
4109500,PR,Guaraqueçaba,GUARAQUECABA,2020,7594
4109500,PR,Guaraqueçaba,GUARAQUECABA,2021,7554
4109609,PR,Guaratuba,GUARATUBA,2013,34338
4109609,PR,Guaratuba,GUARATUBA,2014,34767
4109609,PR,Guaratuba,GUARATUBA,2015,35182
4109609,PR,Guaratuba,GUARATUBA,2016,35588
4109609,PR,Guaratuba,GUARATUBA,2017,35986
4109609,PR,Guaratuba,GUARATUBA,2018,36595
4109609,PR,Guaratuba,GUARATUBA,2019,37067
4109609,PR,Guaratuba,GUARATUBA,2020,37527
4109609,PR,Guaratuba,GUARATUBA,2021,37974
4109658,PR,Honório Serpa,HONORIO SERPA,2013,5902
4109658,PR,Honório Serpa,HONORIO SERPA,2014,5834
4109658,PR,Honório Serpa,HONORIO SERPA,2015,5769
4109658,PR,Honório Serpa,HONORIO SERPA,2016,5705
4109658,PR,Honório Serpa,HONORIO SERPA,2017,5643
4109658,PR,Honório Serpa,HONORIO SERPA,2018,5305
4109658,PR,Honório Serpa,HONORIO SERPA,2019,5211
4109658,PR,Honório Serpa,HONORIO SERPA,2020,5119
4109658,PR,Honório Serpa,HONORIO SERPA,2021,5030
4109708,PR,Ibaiti,IBAITI,2013,30242
4109708,PR,Ibaiti,IBAITI,2014,30464
4109708,PR,Ibaiti,IBAITI,2015,30678
4109708,PR,Ibaiti,IBAITI,2016,30888
4109708,PR,Ibaiti,IBAITI,2017,31095
4109708,PR,Ibaiti,IBAITI,2018,31142
4109708,PR,Ibaiti,IBAITI,2019,31364
4109708,PR,Ibaiti,IBAITI,2020,31644
4109708,PR,Ibaiti,IBAITI,2021,31854
4109757,PR,Ibema,IBEMA,2013,6306
4109757,PR,Ibema,IBEMA,2014,6329
4109757,PR,Ibema,IBEMA,2015,6352
4109757,PR,Ibema,IBEMA,2016,6374
4109757,PR,Ibema,IBEMA,2017,6396
4109757,PR,Ibema,IBEMA,2018,6334
4109757,PR,Ibema,IBEMA,2019,6352
4109757,PR,Ibema,IBEMA,2020,6370
4109757,PR,Ibema,IBEMA,2021,6387
4109807,PR,Ibiporã,IBIPORA,2013,51255
4109807,PR,Ibiporã,IBIPORA,2014,51802
4109807,PR,Ibiporã,IBIPORA,2015,52330
4109807,PR,Ibiporã,IBIPORA,2016,52848
4109807,PR,Ibiporã,IBIPORA,2017,53356
4109807,PR,Ibiporã,IBIPORA,2018,53970
4109807,PR,Ibiporã,IBIPORA,2019,54558
4109807,PR,Ibiporã,IBIPORA,2020,55131
4109807,PR,Ibiporã,IBIPORA,2021,55688
4109906,PR,Icaraíma,ICARAIMA,2013,8809
4109906,PR,Icaraíma,ICARAIMA,2014,8723
4109906,PR,Icaraíma,ICARAIMA,2015,8641
4109906,PR,Icaraíma,ICARAIMA,2016,8561
4109906,PR,Icaraíma,ICARAIMA,2017,8482
4109906,PR,Icaraíma,ICARAIMA,2018,8025
4109906,PR,Icaraíma,ICARAIMA,2019,7904
4109906,PR,Icaraíma,ICARAIMA,2020,7786
4109906,PR,Icaraíma,ICARAIMA,2021,7671
4110003,PR,Iguaraçu,IGUARACU,2013,4205
4110003,PR,Iguaraçu,IGUARACU,2014,4241
4110003,PR,Iguaraçu,IGUARACU,2015,4275
4110003,PR,Iguaraçu,IGUARACU,2016,4309
4110003,PR,Iguaraçu,IGUARACU,2017,4343
4110003,PR,Iguaraçu,IGUARACU,2018,4366
4110003,PR,Iguaraçu,IGUARACU,2019,4404
4110003,PR,Iguaraçu,IGUARACU,2020,4440
4110003,PR,Iguaraçu,IGUARACU,2021,4475
4110052,PR,Iguatu,IGUATU,2013,2299
4110052,PR,Iguatu,IGUATU,2014,2300
4110052,PR,Iguatu,IGUATU,2015,2302
4110052,PR,Iguatu,IGUATU,2016,2303
4110052,PR,Iguatu,IGUATU,2017,2304
4110052,PR,Iguatu,IGUATU,2018,2258
4110052,PR,Iguatu,IGUATU,2019,2256
4110052,PR,Iguatu,IGUATU,2020,2253
4110052,PR,Iguatu,IGUATU,2021,2251
4110078,PR,Imbaú,IMBAU,2013,12087
4110078,PR,Imbaú,IMBAU,2014,12246
4110078,PR,Imbaú,IMBAU,2015,12400
4110078,PR,Imbaú,IMBAU,2016,12550
4110078,PR,Imbaú,IMBAU,2017,12697
4110078,PR,Imbaú,IMBAU,2018,12936
4110078,PR,Imbaú,IMBAU,2019,13111
4110078,PR,Imbaú,IMBAU,2020,13282
4110078,PR,Imbaú,IMBAU,2021,13449
4110102,PR,Imbituva,IMBITUVA,2013,30359
4110102,PR,Imbituva,IMBITUVA,2014,30713
4110102,PR,Imbituva,IMBITUVA,2015,31055
4110102,PR,Imbituva,IMBITUVA,2016,31391
4110102,PR,Imbituva,IMBITUVA,2017,31719
4110102,PR,Imbituva,IMBITUVA,2018,32179
4110102,PR,Imbituva,IMBITUVA,2019,32564
4110102,PR,Imbituva,IMBITUVA,2020,32940
4110102,PR,Imbituva,IMBITUVA,2021,33306
4110201,PR,Inácio Martins,INACIO MARTINS,2013,11282
4110201,PR,Inácio Martins,INACIO MARTINS,2014,11294
4110201,PR,Inácio Martins,INACIO MARTINS,2015,11307
4110201,PR,Inácio Martins,INACIO MARTINS,2016,11319
4110201,PR,Inácio Martins,INACIO MARTINS,2017,11331
4110201,PR,Inácio Martins,INACIO MARTINS,2018,11129
4110201,PR,Inácio Martins,INACIO MARTINS,2019,11125
4110201,PR,Inácio Martins,INACIO MARTINS,2020,11121
4110201,PR,Inácio Martins,INACIO MARTINS,2021,11117
4110300,PR,Inajá,INAJA,2013,3100
4110300,PR,Inajá,INAJA,2014,3110
4110300,PR,Inajá,INAJA,2015,3119
4110300,PR,Inajá,INAJA,2016,3128
4110300,PR,Inajá,INAJA,2017,3137
4110300,PR,Inajá,INAJA,2018,3103
4110300,PR,Inajá,INAJA,2019,3109
4110300,PR,Inajá,INAJA,2020,3116
4110300,PR,Inajá,INAJA,2021,3122
4110409,PR,Indianópolis,INDIANOPOLIS,2013,4456
4110409,PR,Indianópolis,INDIANOPOLIS,2014,4469
4110409,PR,Indianópolis,INDIANOPOLIS,2015,4481
4110409,PR,Indianópolis,INDIANOPOLIS,2016,4493
4110409,PR,Indianópolis,INDIANOPOLIS,2017,4504
4110409,PR,Indianópolis,INDIANOPOLIS,2018,4449
4110409,PR,Indianópolis,INDIANOPOLIS,2019,4457
4110409,PR,Indianópolis,INDIANOPOLIS,2020,4465
4110409,PR,Indianópolis,INDIANOPOLIS,2021,4472
4110508,PR,Ipiranga,IPIRANGA,2013,14809
4110508,PR,Ipiranga,IPIRANGA,2014,14895
4110508,PR,Ipiranga,IPIRANGA,2015,14978
4110508,PR,Ipiranga,IPIRANGA,2016,15059
4110508,PR,Ipiranga,IPIRANGA,2017,15139
4110508,PR,Ipiranga,IPIRANGA,2018,15092
4110508,PR,Ipiranga,IPIRANGA,2019,15172
4110508,PR,Ipiranga,IPIRANGA,2020,15251
4110508,PR,Ipiranga,IPIRANGA,2021,15327
4110607,PR,Iporã,IPORA,2013,15078
4110607,PR,Iporã,IPORA,2014,14981
4110607,PR,Iporã,IPORA,2015,14887
4110607,PR,Iporã,IPORA,2016,14794
4110607,PR,Iporã,IPORA,2017,14704
4110607,PR,Iporã,IPORA,2018,14073
4110607,PR,Iporã,IPORA,2019,13926
4110607,PR,Iporã,IPORA,2020,13782
4110607,PR,Iporã,IPORA,2021,13642
4110656,PR,Iracema do Oeste,IRACEMA DO OESTE,2013,2564
4110656,PR,Iracema do Oeste,IRACEMA DO OESTE,2014,2537
4110656,PR,Iracema do Oeste,IRACEMA DO OESTE,2015,2512
4110656,PR,Iracema do Oeste,IRACEMA DO OESTE,2016,2487
4110656,PR,Iracema do Oeste,IRACEMA DO OESTE,2017,2462
4110656,PR,Iracema do Oeste,IRACEMA DO OESTE,2018,2325
4110656,PR,Iracema do Oeste,IRACEMA DO OESTE,2019,2288
4110656,PR,Iracema do Oeste,IRACEMA DO OESTE,2020,2251
4110656,PR,Iracema do Oeste,IRACEMA DO OESTE,2021,2216
4110706,PR,Irati,IRATI,2013,58957
4110706,PR,Irati,IRATI,2014,59339
4110706,PR,Irati,IRATI,2015,59708
4110706,PR,Irati,IRATI,2016,60070
4110706,PR,Irati,IRATI,2017,60425
4110706,PR,Irati,IRATI,2018,60357
4110706,PR,Irati,IRATI,2019,60727
4110706,PR,Irati,IRATI,2020,61088
4110706,PR,Irati,IRATI,2021,61439
4110805,PR,Iretama,IRETAMA,2013,10773
4110805,PR,Iretama,IRETAMA,2014,10730
4110805,PR,Iretama,IRETAMA,2015,10689
4110805,PR,Iretama,IRETAMA,2016,10648
4110805,PR,Iretama,IRETAMA,2017,10608
4110805,PR,Iretama,IRETAMA,2018,10241
4110805,PR,Iretama,IRETAMA,2019,10169
4110805,PR,Iretama,IRETAMA,2020,10098
4110805,PR,Iretama,IRETAMA,2021,10029
4110904,PR,Itaguajé,ITAGUAJE,2013,4659
4110904,PR,Itaguajé,ITAGUAJE,2014,4649
4110904,PR,Itaguajé,ITAGUAJE,2015,4639
4110904,PR,Itaguajé,ITAGUAJE,2016,4629
4110904,PR,Itaguajé,ITAGUAJE,2017,4620
4110904,PR,Itaguajé,ITAGUAJE,2018,4487
4110904,PR,Itaguajé,ITAGUAJE,2019,4466
4110904,PR,Itaguajé,ITAGUAJE,2020,4446
4110904,PR,Itaguajé,ITAGUAJE,2021,4426
4110953,PR,Itaipulândia,ITAIPULANDIA,2013,9869
4110953,PR,Itaipulândia,ITAIPULANDIA,2014,10056
4110953,PR,Itaipulândia,ITAIPULANDIA,2015,10236
4110953,PR,Itaipulândia,ITAIPULANDIA,2016,10413
4110953,PR,Itaipulândia,ITAIPULANDIA,2017,10587
4110953,PR,Itaipulândia,ITAIPULANDIA,2018,10961
4110953,PR,Itaipulândia,ITAIPULANDIA,2019,11176
4110953,PR,Itaipulândia,ITAIPULANDIA,2020,11385
4110953,PR,Itaipulândia,ITAIPULANDIA,2021,11588
4111001,PR,Itambaracá,ITAMBARACA,2013,6887
4111001,PR,Itambaracá,ITAMBARACA,2014,6869
4111001,PR,Itambaracá,ITAMBARACA,2015,6852
4111001,PR,Itambaracá,ITAMBARACA,2016,6835
4111001,PR,Itambaracá,ITAMBARACA,2017,6819
4111001,PR,Itambaracá,ITAMBARACA,2018,6616
4111001,PR,Itambaracá,ITAMBARACA,2019,6582
4111001,PR,Itambaracá,ITAMBARACA,2020,6549
4111001,PR,Itambaracá,ITAMBARACA,2021,6516
4111100,PR,Itambé,ITAMBE,2013,6173
4111100,PR,Itambé,ITAMBE,2014,6183
4111100,PR,Itambé,ITAMBE,2015,6192
4111100,PR,Itambé,ITAMBE,2016,6201
4111100,PR,Itambé,ITAMBE,2017,6210
4111100,PR,Itambé,ITAMBE,2018,6107
4111100,PR,Itambé,ITAMBE,2019,6108
4111100,PR,Itambé,ITAMBE,2020,6109
4111100,PR,Itambé,ITAMBE,2021,6110
4111209,PR,Itapejara d'Oeste,ITAPEJARA D OESTE,2013,11211
4111209,PR,Itapejara d'Oeste,ITAPEJARA D OESTE,2014,11335
4111209,PR,Itapejara d'Oeste,ITAPEJARA D OESTE,2015,11454
4111209,PR,Itapejara d'Oeste,ITAPEJARA D OESTE,2016,11571
4111209,PR,Itapejara d'Oeste,ITAPEJARA D OESTE,2017,11685
4111209,PR,Itapejara d'Oeste,ITAPEJARA D OESTE,2018,11831
4111209,PR,Itapejara d'Oeste,ITAPEJARA D OESTE,2019,11964
4111209,PR,Itapejara d'Oeste,ITAPEJARA D OESTE,2020,12094
4111209,PR,Itapejara d'Oeste,ITAPEJARA D OESTE,2021,12220
4111258,PR,Itaperuçu,ITAPERUCU,2013,25974
4111258,PR,Itaperuçu,ITAPERUCU,2014,26371
4111258,PR,Itaperuçu,ITAPERUCU,2015,26755
4111258,PR,Itaperuçu,ITAPERUCU,2016,27131
4111258,PR,Itaperuçu,ITAPERUCU,2017,27500
4111258,PR,Itaperuçu,ITAPERUCU,2018,28187
4111258,PR,Itaperuçu,ITAPERUCU,2019,28634
4111258,PR,Itaperuçu,ITAPERUCU,2020,29070
4111258,PR,Itaperuçu,ITAPERUCU,2021,29493
4111308,PR,Itaúna do Sul,ITAUNA DO SUL,2013,3476
4111308,PR,Itaúna do Sul,ITAUNA DO SUL,2014,3411
4111308,PR,Itaúna do Sul,ITAUNA DO SUL,2015,3349
4111308,PR,Itaúna do Sul,ITAUNA DO SUL,2016,3288
4111308,PR,Itaúna do Sul,ITAUNA DO SUL,2017,3229
4111308,PR,Itaúna do Sul,ITAUNA DO SUL,2018,2951
4111308,PR,Itaúna do Sul,ITAUNA DO SUL,2019,2865
4111308,PR,Itaúna do Sul,ITAUNA DO SUL,2020,2781
4111308,PR,Itaúna do Sul,ITAUNA DO SUL,2021,2700
4111407,PR,Ivaí,IVAI,2013,13451
4111407,PR,Ivaí,IVAI,2014,13541
4111407,PR,Ivaí,IVAI,2015,13628
4111407,PR,Ivaí,IVAI,2016,13714
4111407,PR,Ivaí,IVAI,2017,13797
4111407,PR,Ivaí,IVAI,2018,13791
4111407,PR,Ivaí,IVAI,2019,13879
4111407,PR,Ivaí,IVAI,2020,13965
4111407,PR,Ivaí,IVAI,2021,14049
4111506,PR,Ivaiporã,IVAIPORA,2013,32699
4111506,PR,Ivaiporã,IVAIPORA,2014,32705
4111506,PR,Ivaiporã,IVAIPORA,2015,32710
4111506,PR,Ivaiporã,IVAIPORA,2016,32715
4111506,PR,Ivaiporã,IVAIPORA,2017,32720
4111506,PR,Ivaiporã,IVAIPORA,2018,32035
4111506,PR,Ivaiporã,IVAIPORA,2019,31984
4111506,PR,Ivaiporã,IVAIPORA,2020,31935
4111506,PR,Ivaiporã,IVAIPORA,2021,31886
4111555,PR,Ivaté,IVATE,2013,7901
4111555,PR,Ivaté,IVATE,2014,7958
4111555,PR,Ivaté,IVATE,2015,8013
4111555,PR,Ivaté,IVATE,2016,8067
4111555,PR,Ivaté,IVATE,2017,8120
4111555,PR,Ivaté,IVATE,2018,8128
4111555,PR,Ivaté,IVATE,2019,8185
4111555,PR,Ivaté,IVATE,2020,8240
4111555,PR,Ivaté,IVATE,2021,8294
4111605,PR,Ivatuba,IVATUBA,2013,3159
4111605,PR,Ivatuba,IVATUBA,2014,3180
4111605,PR,Ivatuba,IVATUBA,2015,3201
4111605,PR,Ivatuba,IVATUBA,2016,3220
4111605,PR,Ivatuba,IVATUBA,2017,3240
4111605,PR,Ivatuba,IVATUBA,2018,3238
4111605,PR,Ivatuba,IVATUBA,2019,3259
4111605,PR,Ivatuba,IVATUBA,2020,3279
4111605,PR,Ivatuba,IVATUBA,2021,3299
4111704,PR,Jaboti,JABOTI,2013,5135
4111704,PR,Jaboti,JABOTI,2014,5166
4111704,PR,Jaboti,JABOTI,2015,5197
4111704,PR,Jaboti,JABOTI,2016,5226
4111704,PR,Jaboti,JABOTI,2017,5255
4111704,PR,Jaboti,JABOTI,2018,5244
4111704,PR,Jaboti,JABOTI,2019,5274
4111704,PR,Jaboti,JABOTI,2020,5303
4111704,PR,Jaboti,JABOTI,2021,5332
4111803,PR,Jacarezinho,JACAREZINHO,2013,40221
4111803,PR,Jacarezinho,JACAREZINHO,2014,40232
4111803,PR,Jacarezinho,JACAREZINHO,2015,40243
4111803,PR,Jacarezinho,JACAREZINHO,2016,40253
4111803,PR,Jacarezinho,JACAREZINHO,2017,40263
4111803,PR,Jacarezinho,JACAREZINHO,2018,39435
4111803,PR,Jacarezinho,JACAREZINHO,2019,39378
4111803,PR,Jacarezinho,JACAREZINHO,2020,39322
4111803,PR,Jacarezinho,JACAREZINHO,2021,39268
4111902,PR,Jaguapitã,JAGUAPITA,2013,12939
4111902,PR,Jaguapitã,JAGUAPITA,2014,13059
4111902,PR,Jaguapitã,JAGUAPITA,2015,13174
4111902,PR,Jaguapitã,JAGUAPITA,2016,13287
4111902,PR,Jaguapitã,JAGUAPITA,2017,13398
4111902,PR,Jaguapitã,JAGUAPITA,2018,13494
4111902,PR,Jaguapitã,JAGUAPITA,2019,13620
4111902,PR,Jaguapitã,JAGUAPITA,2020,13742
4111902,PR,Jaguapitã,JAGUAPITA,2021,13861
4112009,PR,Jaguariaíva,JAGUARIAIVA,2013,34096
4112009,PR,Jaguariaíva,JAGUARIAIVA,2014,34285
4112009,PR,Jaguariaíva,JAGUARIAIVA,2015,34468
4112009,PR,Jaguariaíva,JAGUARIAIVA,2016,34647
4112009,PR,Jaguariaíva,JAGUARIAIVA,2017,34822
4112009,PR,Jaguariaíva,JAGUARIAIVA,2018,34683
4112009,PR,Jaguariaíva,JAGUARIAIVA,2019,34857
4112009,PR,Jaguariaíva,JAGUARIAIVA,2020,35027
4112009,PR,Jaguariaíva,JAGUARIAIVA,2021,35192
4112108,PR,Jandaia do Sul,JANDAIA DO SUL,2013,21057
4112108,PR,Jandaia do Sul,JANDAIA DO SUL,2014,21131
4112108,PR,Jandaia do Sul,JANDAIA DO SUL,2015,21203
4112108,PR,Jandaia do Sul,JANDAIA DO SUL,2016,21273
4112108,PR,Jandaia do Sul,JANDAIA DO SUL,2017,21341
4112108,PR,Jandaia do Sul,JANDAIA DO SUL,2018,21122
4112108,PR,Jandaia do Sul,JANDAIA DO SUL,2019,21176
4112108,PR,Jandaia do Sul,JANDAIA DO SUL,2020,21230
4112108,PR,Jandaia do Sul,JANDAIA DO SUL,2021,21281
4112207,PR,Janiópolis,JANIOPOLIS,2013,6341
4112207,PR,Janiópolis,JANIOPOLIS,2014,6226
4112207,PR,Janiópolis,JANIOPOLIS,2015,6114
4112207,PR,Janiópolis,JANIOPOLIS,2016,6005
4112207,PR,Janiópolis,JANIOPOLIS,2017,5897
4112207,PR,Janiópolis,JANIOPOLIS,2018,5400
4112207,PR,Janiópolis,JANIOPOLIS,2019,5245
4112207,PR,Janiópolis,JANIOPOLIS,2020,5095
4112207,PR,Janiópolis,JANIOPOLIS,2021,4948
4112306,PR,Japira,JAPIRA,2013,5058
4112306,PR,Japira,JAPIRA,2014,5065
4112306,PR,Japira,JAPIRA,2015,5071
4112306,PR,Japira,JAPIRA,2016,5078
4112306,PR,Japira,JAPIRA,2017,5084
4112306,PR,Japira,JAPIRA,2018,4995
4112306,PR,Japira,JAPIRA,2019,4994
4112306,PR,Japira,JAPIRA,2020,4930
4112306,PR,Japira,JAPIRA,2021,4929
4112405,PR,Japurá,JAPURA,2013,9020
4112405,PR,Japurá,JAPURA,2014,9095
4112405,PR,Japurá,JAPURA,2015,9167
4112405,PR,Japurá,JAPURA,2016,9238
4112405,PR,Japurá,JAPURA,2017,9307
4112405,PR,Japurá,JAPURA,2018,9349
4112405,PR,Japurá,JAPURA,2019,9425
4112405,PR,Japurá,JAPURA,2020,9500
4112405,PR,Japurá,JAPURA,2021,9573
4112504,PR,Jardim Alegre,JARDIM ALEGRE,2013,12371
4112504,PR,Jardim Alegre,JARDIM ALEGRE,2014,12280
4112504,PR,Jardim Alegre,JARDIM ALEGRE,2015,12191
4112504,PR,Jardim Alegre,JARDIM ALEGRE,2016,12104
4112504,PR,Jardim Alegre,JARDIM ALEGRE,2017,12019
4112504,PR,Jardim Alegre,JARDIM ALEGRE,2018,11465
4112504,PR,Jardim Alegre,JARDIM ALEGRE,2019,11328
4112504,PR,Jardim Alegre,JARDIM ALEGRE,2020,11196
4112504,PR,Jardim Alegre,JARDIM ALEGRE,2021,11067
4112603,PR,Jardim Olinda,JARDIM OLINDA,2013,1424
4112603,PR,Jardim Olinda,JARDIM OLINDA,2014,1416
4112603,PR,Jardim Olinda,JARDIM OLINDA,2015,1409
4112603,PR,Jardim Olinda,JARDIM OLINDA,2016,1403
4112603,PR,Jardim Olinda,JARDIM OLINDA,2017,1396
4112603,PR,Jardim Olinda,JARDIM OLINDA,2018,1343
4112603,PR,Jardim Olinda,JARDIM OLINDA,2019,1331
4112603,PR,Jardim Olinda,JARDIM OLINDA,2020,1320
4112603,PR,Jardim Olinda,JARDIM OLINDA,2021,1309
4112702,PR,Jataizinho,JATAIZINHO,2013,12387
4112702,PR,Jataizinho,JATAIZINHO,2014,12447
4112702,PR,Jataizinho,JATAIZINHO,2015,12504
4112702,PR,Jataizinho,JATAIZINHO,2016,12560
4112702,PR,Jataizinho,JATAIZINHO,2017,12615
4112702,PR,Jataizinho,JATAIZINHO,2018,12536
4112702,PR,Jataizinho,JATAIZINHO,2019,12588
4112702,PR,Jataizinho,JATAIZINHO,2020,12638
4112702,PR,Jataizinho,JATAIZINHO,2021,12687
4112751,PR,Jesuítas,JESUITAS,2013,9072
4112751,PR,Jesuítas,JESUITAS,2014,9017
4112751,PR,Jesuítas,JESUITAS,2015,8964
4112751,PR,Jesuítas,JESUITAS,2016,8912
4112751,PR,Jesuítas,JESUITAS,2017,8861
4112751,PR,Jesuítas,JESUITAS,2018,8495
4112751,PR,Jesuítas,JESUITAS,2019,8412
4112751,PR,Jesuítas,JESUITAS,2020,8330
4112751,PR,Jesuítas,JESUITAS,2021,8251
4112801,PR,Joaquim Távora,JOAQUIM TAVORA,2013,11347
4112801,PR,Joaquim Távora,JOAQUIM TAVORA,2014,11447
4112801,PR,Joaquim Távora,JOAQUIM TAVORA,2015,11544
4112801,PR,Joaquim Távora,JOAQUIM TAVORA,2016,11639
4112801,PR,Joaquim Távora,JOAQUIM TAVORA,2017,11731
4112801,PR,Joaquim Távora,JOAQUIM TAVORA,2018,11803
4112801,PR,Joaquim Távora,JOAQUIM TAVORA,2019,11908
4112801,PR,Joaquim Távora,JOAQUIM TAVORA,2020,12009
4112801,PR,Joaquim Távora,JOAQUIM TAVORA,2021,12108
4112900,PR,Jundiaí do Sul,JUNDIAI DO SUL,2013,3483
4112900,PR,Jundiaí do Sul,JUNDIAI DO SUL,2014,3469
4112900,PR,Jundiaí do Sul,JUNDIAI DO SUL,2015,3456
4112900,PR,Jundiaí do Sul,JUNDIAI DO SUL,2016,3443
4112900,PR,Jundiaí do Sul,JUNDIAI DO SUL,2017,3430
4112900,PR,Jundiaí do Sul,JUNDIAI DO SUL,2018,3315
4112900,PR,Jundiaí do Sul,JUNDIAI DO SUL,2019,3292
4112900,PR,Jundiaí do Sul,JUNDIAI DO SUL,2020,3269
4112900,PR,Jundiaí do Sul,JUNDIAI DO SUL,2021,3248
4112959,PR,Juranda,JURANDA,2013,7755
4112959,PR,Juranda,JURANDA,2014,7726
4112959,PR,Juranda,JURANDA,2015,7697
4112959,PR,Juranda,JURANDA,2016,7669
4112959,PR,Juranda,JURANDA,2017,7650
4112959,PR,Juranda,JURANDA,2018,7391
4112959,PR,Juranda,JURANDA,2019,7340
4112959,PR,Juranda,JURANDA,2020,7292
4112959,PR,Juranda,JURANDA,2021,7244
4113007,PR,Jussara,JUSSARA,2013,6897
4113007,PR,Jussara,JUSSARA,2014,6931
4113007,PR,Jussara,JUSSARA,2015,6963
4113007,PR,Jussara,JUSSARA,2016,6995
4113007,PR,Jussara,JUSSARA,2017,7026
4113007,PR,Jussara,JUSSARA,2018,6983
4113007,PR,Jussara,JUSSARA,2019,7013
4113007,PR,Jussara,JUSSARA,2020,7041
4113007,PR,Jussara,JUSSARA,2021,7069
4113106,PR,Kaloré,KALORE,2013,4511
4113106,PR,Kaloré,KALORE,2014,4473
4113106,PR,Kaloré,KALORE,2015,4438
4113106,PR,Kaloré,KALORE,2016,4402
4113106,PR,Kaloré,KALORE,2017,4368
4113106,PR,Kaloré,KALORE,2018,4154
4113106,PR,Kaloré,KALORE,2019,4100
4113106,PR,Kaloré,KALORE,2020,4047
4113106,PR,Kaloré,KALORE,2021,3996
4113205,PR,Lapa,LAPA,2013,47023
4113205,PR,Lapa,LAPA,2014,47294
4113205,PR,Lapa,LAPA,2015,47557
4113205,PR,Lapa,LAPA,2016,47814
4113205,PR,Lapa,LAPA,2017,48067
4113205,PR,Lapa,LAPA,2018,47909
4113205,PR,Lapa,LAPA,2019,48163
4113205,PR,Lapa,LAPA,2020,48410
4113205,PR,Lapa,LAPA,2021,48651
4113254,PR,Laranjal,LARANJAL,2013,6384
4113254,PR,Laranjal,LARANJAL,2014,6337
4113254,PR,Laranjal,LARANJAL,2015,6292
4113254,PR,Laranjal,LARANJAL,2016,6248
4113254,PR,Laranjal,LARANJAL,2017,6205
4113254,PR,Laranjal,LARANJAL,2018,5921
4113254,PR,Laranjal,LARANJAL,2019,5852
4113254,PR,Laranjal,LARANJAL,2020,5784
4113254,PR,Laranjal,LARANJAL,2021,5719
4113304,PR,Laranjeiras do Sul,LARANJEIRAS DO SUL,2013,31936
4113304,PR,Laranjeiras do Sul,LARANJEIRAS DO SUL,2014,32036
4113304,PR,Laranjeiras do Sul,LARANJEIRAS DO SUL,2015,32133
4113304,PR,Laranjeiras do Sul,LARANJEIRAS DO SUL,2016,32228
4113304,PR,Laranjeiras do Sul,LARANJEIRAS DO SUL,2017,32379
4113304,PR,Laranjeiras do Sul,LARANJEIRAS DO SUL,2018,32006
4113304,PR,Laranjeiras do Sul,LARANJEIRAS DO SUL,2019,32073
4113304,PR,Laranjeiras do Sul,LARANJEIRAS DO SUL,2020,32139
4113304,PR,Laranjeiras do Sul,LARANJEIRAS DO SUL,2021,32167
4113403,PR,Leópolis,LEOPOLIS,2013,4200
4113403,PR,Leópolis,LEOPOLIS,2014,4182
4113403,PR,Leópolis,LEOPOLIS,2015,4165
4113403,PR,Leópolis,LEOPOLIS,2016,4147
4113403,PR,Leópolis,LEOPOLIS,2017,4131
4113403,PR,Leópolis,LEOPOLIS,2018,3984
4113403,PR,Leópolis,LEOPOLIS,2019,3954
4113403,PR,Leópolis,LEOPOLIS,2020,3925
4113403,PR,Leópolis,LEOPOLIS,2021,3896
4113429,PR,Lidianópolis,LIDIANOPOLIS,2013,3891
4113429,PR,Lidianópolis,LIDIANOPOLIS,2014,3831
4113429,PR,Lidianópolis,LIDIANOPOLIS,2015,3774
4113429,PR,Lidianópolis,LIDIANOPOLIS,2016,3717
4113429,PR,Lidianópolis,LIDIANOPOLIS,2017,3662
4113429,PR,Lidianópolis,LIDIANOPOLIS,2018,3391
4113429,PR,Lidianópolis,LIDIANOPOLIS,2019,3310
4113429,PR,Lidianópolis,LIDIANOPOLIS,2020,3231
4113429,PR,Lidianópolis,LIDIANOPOLIS,2021,3155
4113452,PR,Lindoeste,LINDOESTE,2013,5309
4113452,PR,Lindoeste,LINDOESTE,2014,5247
4113452,PR,Lindoeste,LINDOESTE,2015,5187
4113452,PR,Lindoeste,LINDOESTE,2016,5129
4113452,PR,Lindoeste,LINDOESTE,2017,5071
4113452,PR,Lindoeste,LINDOESTE,2018,4762
4113452,PR,Lindoeste,LINDOESTE,2019,4676
4113452,PR,Lindoeste,LINDOESTE,2020,4592
4113452,PR,Lindoeste,LINDOESTE,2021,4488
4113502,PR,Loanda,LOANDA,2013,22288
4113502,PR,Loanda,LOANDA,2014,22448
4113502,PR,Loanda,LOANDA,2015,22603
4113502,PR,Loanda,LOANDA,2016,22754
4113502,PR,Loanda,LOANDA,2017,22903
4113502,PR,Loanda,LOANDA,2018,22927
4113502,PR,Loanda,LOANDA,2019,23086
4113502,PR,Loanda,LOANDA,2020,23242
4113502,PR,Loanda,LOANDA,2021,23393
4113601,PR,Lobato,LOBATO,2013,4626
4113601,PR,Lobato,LOBATO,2014,4658
4113601,PR,Lobato,LOBATO,2015,4690
4113601,PR,Lobato,LOBATO,2016,4721
4113601,PR,Lobato,LOBATO,2017,4751
4113601,PR,Lobato,LOBATO,2018,4755
4113601,PR,Lobato,LOBATO,2019,4787
4113601,PR,Lobato,LOBATO,2020,4819
4113601,PR,Lobato,LOBATO,2021,4850
4113700,PR,Londrina,LONDRINA,2013,537566
4113700,PR,Londrina,LONDRINA,2014,543003
4113700,PR,Londrina,LONDRINA,2015,548249
4113700,PR,Londrina,LONDRINA,2016,553393
4113700,PR,Londrina,LONDRINA,2017,558439
4113700,PR,Londrina,LONDRINA,2018,563943
4113700,PR,Londrina,LONDRINA,2019,569733
4113700,PR,Londrina,LONDRINA,2020,575377
4113700,PR,Londrina,LONDRINA,2021,580870
4113734,PR,Luiziana,LUIZIANA,2013,7487
4113734,PR,Luiziana,LUIZIANA,2014,7479
4113734,PR,Luiziana,LUIZIANA,2015,7471
4113734,PR,Luiziana,LUIZIANA,2016,7463
4113734,PR,Luiziana,LUIZIANA,2017,7455
4113734,PR,Luiziana,LUIZIANA,2018,7285
4113734,PR,Luiziana,LUIZIANA,2019,7262
4113734,PR,Luiziana,LUIZIANA,2020,7240
4113734,PR,Luiziana,LUIZIANA,2021,7217
4113759,PR,Lunardelli,LUNARDELLI,2013,5193
4113759,PR,Lunardelli,LUNARDELLI,2014,5159
4113759,PR,Lunardelli,LUNARDELLI,2015,5127
4113759,PR,Lunardelli,LUNARDELLI,2016,5095
4113759,PR,Lunardelli,LUNARDELLI,2017,5063
4113759,PR,Lunardelli,LUNARDELLI,2018,4845
4113759,PR,Lunardelli,LUNARDELLI,2019,4794
4113759,PR,Lunardelli,LUNARDELLI,2020,4744
4113759,PR,Lunardelli,LUNARDELLI,2021,4695
4113809,PR,Lupionópolis,LUPIONOPOLIS,2013,4805
4113809,PR,Lupionópolis,LUPIONOPOLIS,2014,4832
4113809,PR,Lupionópolis,LUPIONOPOLIS,2015,4859
4113809,PR,Lupionópolis,LUPIONOPOLIS,2016,4885
4113809,PR,Lupionópolis,LUPIONOPOLIS,2017,4911
4113809,PR,Lupionópolis,LUPIONOPOLIS,2018,4894
4113809,PR,Lupionópolis,LUPIONOPOLIS,2019,4920
4113809,PR,Lupionópolis,LUPIONOPOLIS,2020,4945
4113809,PR,Lupionópolis,LUPIONOPOLIS,2021,4969
4113908,PR,Mallet,MALLET,2013,13475
4113908,PR,Mallet,MALLET,2014,13522
4113908,PR,Mallet,MALLET,2015,13567
4113908,PR,Mallet,MALLET,2016,13611
4113908,PR,Mallet,MALLET,2017,13738
4113908,PR,Mallet,MALLET,2018,13595
4113908,PR,Mallet,MALLET,2019,13630
4113908,PR,Mallet,MALLET,2020,13663
4113908,PR,Mallet,MALLET,2021,13697
4114005,PR,Mamborê,MAMBORE,2013,14095
4114005,PR,Mamborê,MAMBORE,2014,14017
4114005,PR,Mamborê,MAMBORE,2015,13943
4114005,PR,Mamborê,MAMBORE,2016,13870
4114005,PR,Mamborê,MAMBORE,2017,13798
4114005,PR,Mamborê,MAMBORE,2018,13252
4114005,PR,Mamborê,MAMBORE,2019,13132
4114005,PR,Mamborê,MAMBORE,2020,13014
4114005,PR,Mamborê,MAMBORE,2021,12900
4114104,PR,Mandaguaçu,MANDAGUACU,2013,21156
4114104,PR,Mandaguaçu,MANDAGUACU,2014,21419
4114104,PR,Mandaguaçu,MANDAGUACU,2015,21672
4114104,PR,Mandaguaçu,MANDAGUACU,2016,21920
4114104,PR,Mandaguaçu,MANDAGUACU,2017,22164
4114104,PR,Mandaguaçu,MANDAGUACU,2018,22531
4114104,PR,Mandaguaçu,MANDAGUACU,2019,22819
4114104,PR,Mandaguaçu,MANDAGUACU,2020,23100
4114104,PR,Mandaguaçu,MANDAGUACU,2021,23373
4114203,PR,Mandaguari,MANDAGUARI,2013,34006
4114203,PR,Mandaguari,MANDAGUARI,2014,34150
4114203,PR,Mandaguari,MANDAGUARI,2015,34289
4114203,PR,Mandaguari,MANDAGUARI,2016,34425
4114203,PR,Mandaguari,MANDAGUARI,2017,34559
4114203,PR,Mandaguari,MANDAGUARI,2018,34281
4114203,PR,Mandaguari,MANDAGUARI,2019,34400
4114203,PR,Mandaguari,MANDAGUARI,2020,34515
4114203,PR,Mandaguari,MANDAGUARI,2021,34628
4114302,PR,Mandirituba,MANDIRITUBA,2013,24112
4114302,PR,Mandirituba,MANDIRITUBA,2014,24516
4114302,PR,Mandirituba,MANDIRITUBA,2015,24905
4114302,PR,Mandirituba,MANDIRITUBA,2016,25287
4114302,PR,Mandirituba,MANDIRITUBA,2017,25662
4114302,PR,Mandirituba,MANDIRITUBA,2018,26411
4114302,PR,Mandirituba,MANDIRITUBA,2019,26869
4114302,PR,Mandirituba,MANDIRITUBA,2020,27315
4114302,PR,Mandirituba,MANDIRITUBA,2021,27750
4114351,PR,Manfrinópolis,MANFRINOPOLIS,2013,3053
4114351,PR,Manfrinópolis,MANFRINOPOLIS,2014,3003
4114351,PR,Manfrinópolis,MANFRINOPOLIS,2015,2954
4114351,PR,Manfrinópolis,MANFRINOPOLIS,2016,2907
4114351,PR,Manfrinópolis,MANFRINOPOLIS,2017,2861
4114351,PR,Manfrinópolis,MANFRINOPOLIS,2018,2639
4114351,PR,Manfrinópolis,MANFRINOPOLIS,2019,2571
4114351,PR,Manfrinópolis,MANFRINOPOLIS,2020,2506
4114351,PR,Manfrinópolis,MANFRINOPOLIS,2021,2442
4114401,PR,Mangueirinha,MANGUEIRINHA,2013,17402
4114401,PR,Mangueirinha,MANGUEIRINHA,2014,17367
4114401,PR,Mangueirinha,MANGUEIRINHA,2015,17334
4114401,PR,Mangueirinha,MANGUEIRINHA,2016,17301
4114401,PR,Mangueirinha,MANGUEIRINHA,2017,17269
4114401,PR,Mangueirinha,MANGUEIRINHA,2018,16787
4114401,PR,Mangueirinha,MANGUEIRINHA,2019,16714
4114401,PR,Mangueirinha,MANGUEIRINHA,2020,16642
4114401,PR,Mangueirinha,MANGUEIRINHA,2021,16572
4114500,PR,Manoel Ribas,MANOEL RIBAS,2013,13610
4114500,PR,Manoel Ribas,MANOEL RIBAS,2014,13635
4114500,PR,Manoel Ribas,MANOEL RIBAS,2015,13660
4114500,PR,Manoel Ribas,MANOEL RIBAS,2016,13684
4114500,PR,Manoel Ribas,MANOEL RIBAS,2017,13708
4114500,PR,Manoel Ribas,MANOEL RIBAS,2018,13494
4114500,PR,Manoel Ribas,MANOEL RIBAS,2019,13502
4114500,PR,Manoel Ribas,MANOEL RIBAS,2020,13510
4114500,PR,Manoel Ribas,MANOEL RIBAS,2021,13517
4114609,PR,Marechal Cândido Rondon,MARECHAL CANDIDO RONDON,2013,49773
4114609,PR,Marechal Cândido Rondon,MARECHAL CANDIDO RONDON,2014,50299
4114609,PR,Marechal Cândido Rondon,MARECHAL CANDIDO RONDON,2015,50808
4114609,PR,Marechal Cândido Rondon,MARECHAL CANDIDO RONDON,2016,51306
4114609,PR,Marechal Cândido Rondon,MARECHAL CANDIDO RONDON,2017,51795
4114609,PR,Marechal Cândido Rondon,MARECHAL CANDIDO RONDON,2018,52379
4114609,PR,Marechal Cândido Rondon,MARECHAL CANDIDO RONDON,2019,52944
4114609,PR,Marechal Cândido Rondon,MARECHAL CANDIDO RONDON,2020,53495
4114609,PR,Marechal Cândido Rondon,MARECHAL CANDIDO RONDON,2021,54031
4114708,PR,Maria Helena,MARIA HELENA,2013,6034
4114708,PR,Maria Helena,MARIA HELENA,2014,6007
4114708,PR,Maria Helena,MARIA HELENA,2015,5982
4114708,PR,Maria Helena,MARIA HELENA,2016,5957
4114708,PR,Maria Helena,MARIA HELENA,2017,5932
4114708,PR,Maria Helena,MARIA HELENA,2018,5720
4114708,PR,Maria Helena,MARIA HELENA,2019,5677
4114708,PR,Maria Helena,MARIA HELENA,2020,5634
4114708,PR,Maria Helena,MARIA HELENA,2021,5593
4114807,PR,Marialva,MARIALVA,2013,33794
4114807,PR,Marialva,MARIALVA,2014,34096
4114807,PR,Marialva,MARIALVA,2015,34388
4114807,PR,Marialva,MARIALVA,2016,34675
4114807,PR,Marialva,MARIALVA,2017,34955
4114807,PR,Marialva,MARIALVA,2018,35180
4114807,PR,Marialva,MARIALVA,2019,35496
4114807,PR,Marialva,MARIALVA,2020,35804
4114807,PR,Marialva,MARIALVA,2021,36103
4114906,PR,Marilândia do Sul,MARILANDIA DO SUL,2013,9088
4114906,PR,Marilândia do Sul,MARILANDIA DO SUL,2014,9083
4114906,PR,Marilândia do Sul,MARILANDIA DO SUL,2015,9078
4114906,PR,Marilândia do Sul,MARILANDIA DO SUL,2016,9073
4114906,PR,Marilândia do Sul,MARILANDIA DO SUL,2017,9068
4114906,PR,Marilândia do Sul,MARILANDIA DO SUL,2018,8858
4114906,PR,Marilândia do Sul,MARILANDIA DO SUL,2019,8836
4114906,PR,Marilândia do Sul,MARILANDIA DO SUL,2020,8814
4114906,PR,Marilândia do Sul,MARILANDIA DO SUL,2021,8793
4115002,PR,Marilena,MARILENA,2013,7100
4115002,PR,Marilena,MARILENA,2014,7117
4115002,PR,Marilena,MARILENA,2015,7134
4115002,PR,Marilena,MARILENA,2016,7150
4115002,PR,Marilena,MARILENA,2017,7166
4115002,PR,Marilena,MARILENA,2018,7067
4115002,PR,Marilena,MARILENA,2019,7076
4115002,PR,Marilena,MARILENA,2020,7084
4115002,PR,Marilena,MARILENA,2021,7093
4115101,PR,Mariluz,MARILUZ,2013,10526
4115101,PR,Mariluz,MARILUZ,2014,10534
4115101,PR,Mariluz,MARILUZ,2015,10541
4115101,PR,Mariluz,MARILUZ,2016,10548
4115101,PR,Mariluz,MARILUZ,2017,10555
4115101,PR,Mariluz,MARILUZ,2018,10354
4115101,PR,Mariluz,MARILUZ,2019,10345
4115101,PR,Mariluz,MARILUZ,2020,10336
4115101,PR,Mariluz,MARILUZ,2021,10327
4115200,PR,Maringá,MARINGA,2013,385753
4115200,PR,Maringá,MARINGA,2014,391698
4115200,PR,Maringá,MARINGA,2015,397437
4115200,PR,Maringá,MARINGA,2016,403063
4115200,PR,Maringá,MARINGA,2017,406693
4115200,PR,Maringá,MARINGA,2018,417010
4115200,PR,Maringá,MARINGA,2019,423666
4115200,PR,Maringá,MARINGA,2020,430157
4115200,PR,Maringá,MARINGA,2021,436472
4115309,PR,Mariópolis,MARIOPOLIS,2013,6529
4115309,PR,Mariópolis,MARIOPOLIS,2014,6558
4115309,PR,Mariópolis,MARIOPOLIS,2015,6585
4115309,PR,Mariópolis,MARIOPOLIS,2016,6612
4115309,PR,Mariópolis,MARIOPOLIS,2017,6638
4115309,PR,Mariópolis,MARIOPOLIS,2018,6586
4115309,PR,Mariópolis,MARIOPOLIS,2019,6610
4115309,PR,Mariópolis,MARIOPOLIS,2020,6632
4115309,PR,Mariópolis,MARIOPOLIS,2021,6655
4115358,PR,Maripá,MARIPA,2013,5810
4115358,PR,Maripá,MARIPA,2014,5802
4115358,PR,Maripá,MARIPA,2015,5793
4115358,PR,Maripá,MARIPA,2016,5784
4115358,PR,Maripá,MARIPA,2017,5776
4115358,PR,Maripá,MARIPA,2018,5624
4115358,PR,Maripá,MARIPA,2019,5603
4115358,PR,Maripá,MARIPA,2020,5582
4115358,PR,Maripá,MARIPA,2021,5562
4115408,PR,Marmeleiro,MARMELEIRO,2013,14397
4115408,PR,Marmeleiro,MARMELEIRO,2014,14434
4115408,PR,Marmeleiro,MARMELEIRO,2015,14470
4115408,PR,Marmeleiro,MARMELEIRO,2016,14505
4115408,PR,Marmeleiro,MARMELEIRO,2017,14539
4115408,PR,Marmeleiro,MARMELEIRO,2018,14346
4115408,PR,Marmeleiro,MARMELEIRO,2019,14367
4115408,PR,Marmeleiro,MARMELEIRO,2020,14387
4115408,PR,Marmeleiro,MARMELEIRO,2021,14407
4115457,PR,Marquinho,MARQUINHO,2013,4965
4115457,PR,Marquinho,MARQUINHO,2014,4917
4115457,PR,Marquinho,MARQUINHO,2015,4871
4115457,PR,Marquinho,MARQUINHO,2016,4826
4115457,PR,Marquinho,MARQUINHO,2017,4725
4115457,PR,Marquinho,MARQUINHO,2018,4472
4115457,PR,Marquinho,MARQUINHO,2019,4405
4115457,PR,Marquinho,MARQUINHO,2020,4340
4115457,PR,Marquinho,MARQUINHO,2021,4283
4115507,PR,Marumbi,MARUMBI,2013,4745
4115507,PR,Marumbi,MARUMBI,2014,4750
4115507,PR,Marumbi,MARUMBI,2015,4755
4115507,PR,Marumbi,MARUMBI,2016,4760
4115507,PR,Marumbi,MARUMBI,2017,4765
4115507,PR,Marumbi,MARUMBI,2018,4681
4115507,PR,Marumbi,MARUMBI,2019,4679
4115507,PR,Marumbi,MARUMBI,2020,4677
4115507,PR,Marumbi,MARUMBI,2021,4676
4115606,PR,Matelândia,MATELANDIA,2013,17026
4115606,PR,Matelândia,MATELANDIA,2014,17186
4115606,PR,Matelândia,MATELANDIA,2015,17340
4115606,PR,Matelândia,MATELANDIA,2016,17491
4115606,PR,Matelândia,MATELANDIA,2017,17640
4115606,PR,Matelândia,MATELANDIA,2018,17775
4115606,PR,Matelândia,MATELANDIA,2019,17943
4115606,PR,Matelândia,MATELANDIA,2020,18107
4115606,PR,Matelândia,MATELANDIA,2021,18266
4115705,PR,Matinhos,MATINHOS,2013,31690
4115705,PR,Matinhos,MATINHOS,2014,32148
4115705,PR,Matinhos,MATINHOS,2015,32591
4115705,PR,Matinhos,MATINHOS,2016,33024
4115705,PR,Matinhos,MATINHOS,2017,33450
4115705,PR,Matinhos,MATINHOS,2018,34207
4115705,PR,Matinhos,MATINHOS,2019,34720
4115705,PR,Matinhos,MATINHOS,2020,35219
4115705,PR,Matinhos,MATINHOS,2021,35705
4115739,PR,Mato Rico,MATO RICO,2013,3765
4115739,PR,Mato Rico,MATO RICO,2014,3716
4115739,PR,Mato Rico,MATO RICO,2015,3668
4115739,PR,Mato Rico,MATO RICO,2016,3622
4115739,PR,Mato Rico,MATO RICO,2017,3576
4115739,PR,Mato Rico,MATO RICO,2018,3340
4115739,PR,Mato Rico,MATO RICO,2019,3272
4115739,PR,Mato Rico,MATO RICO,2020,3206
4115739,PR,Mato Rico,MATO RICO,2021,3142
4115754,PR,Mauá da Serra,MAUA DA SERRA,2013,9355
4115754,PR,Mauá da Serra,MAUA DA SERRA,2014,9534
4115754,PR,Mauá da Serra,MAUA DA SERRA,2015,9705
4115754,PR,Mauá da Serra,MAUA DA SERRA,2016,9874
4115754,PR,Mauá da Serra,MAUA DA SERRA,2017,10039
4115754,PR,Mauá da Serra,MAUA DA SERRA,2018,10397
4115754,PR,Mauá da Serra,MAUA DA SERRA,2019,10601
4115754,PR,Mauá da Serra,MAUA DA SERRA,2020,10800
4115754,PR,Mauá da Serra,MAUA DA SERRA,2021,10994
4115804,PR,Medianeira,MEDIANEIRA,2013,44149
4115804,PR,Medianeira,MEDIANEIRA,2014,44523
4115804,PR,Medianeira,MEDIANEIRA,2015,44885
4115804,PR,Medianeira,MEDIANEIRA,2016,45239
4115804,PR,Medianeira,MEDIANEIRA,2017,45586
4115804,PR,Medianeira,MEDIANEIRA,2018,45812
4115804,PR,Medianeira,MEDIANEIRA,2019,46198
4115804,PR,Medianeira,MEDIANEIRA,2020,46574
4115804,PR,Medianeira,MEDIANEIRA,2021,46940
4115853,PR,Mercedes,MERCEDES,2013,5316
4115853,PR,Mercedes,MERCEDES,2014,5357
4115853,PR,Mercedes,MERCEDES,2015,5398
4115853,PR,Mercedes,MERCEDES,2016,5437
4115853,PR,Mercedes,MERCEDES,2017,5476
4115853,PR,Mercedes,MERCEDES,2018,5493
4115853,PR,Mercedes,MERCEDES,2019,5536
4115853,PR,Mercedes,MERCEDES,2020,5577
4115853,PR,Mercedes,MERCEDES,2021,5617
4115903,PR,Mirador,MIRADOR,2013,2355
4115903,PR,Mirador,MIRADOR,2014,2345
4115903,PR,Mirador,MIRADOR,2015,2334
4115903,PR,Mirador,MIRADOR,2016,2324
4115903,PR,Mirador,MIRADOR,2017,2314
4115903,PR,Mirador,MIRADOR,2018,2231
4115903,PR,Mirador,MIRADOR,2019,2213
4115903,PR,Mirador,MIRADOR,2020,2196
4115903,PR,Mirador,MIRADOR,2021,2180
4116000,PR,Miraselva,MIRASELVA,2013,1896
4116000,PR,Miraselva,MIRASELVA,2014,1890
4116000,PR,Miraselva,MIRASELVA,2015,1885
4116000,PR,Miraselva,MIRASELVA,2016,1880
4116000,PR,Miraselva,MIRASELVA,2017,1875
4116000,PR,Miraselva,MIRASELVA,2018,1816
4116000,PR,Miraselva,MIRASELVA,2019,1806
4116000,PR,Miraselva,MIRASELVA,2020,1796
4116000,PR,Miraselva,MIRASELVA,2021,1786
4116059,PR,Missal,MISSAL,2013,10813
4116059,PR,Missal,MISSAL,2014,10830
4116059,PR,Missal,MISSAL,2015,10847
4116059,PR,Missal,MISSAL,2016,10863
4116059,PR,Missal,MISSAL,2017,10879
4116059,PR,Missal,MISSAL,2018,10700
4116059,PR,Missal,MISSAL,2019,10702
4116059,PR,Missal,MISSAL,2020,10704
4116059,PR,Missal,MISSAL,2021,10706
4116109,PR,Moreira Sales,MOREIRA SALES,2013,12800
4116109,PR,Moreira Sales,MOREIRA SALES,2014,12754
4116109,PR,Moreira Sales,MOREIRA SALES,2015,12709
4116109,PR,Moreira Sales,MOREIRA SALES,2016,12664
4116109,PR,Moreira Sales,MOREIRA SALES,2017,12621
4116109,PR,Moreira Sales,MOREIRA SALES,2018,12201
4116109,PR,Moreira Sales,MOREIRA SALES,2019,12121
4116109,PR,Moreira Sales,MOREIRA SALES,2020,12042
4116109,PR,Moreira Sales,MOREIRA SALES,2021,11966
4116208,PR,Morretes,MORRETES,2013,16325
4116208,PR,Morretes,MORRETES,2014,16381
4116208,PR,Morretes,MORRETES,2015,16435
4116208,PR,Morretes,MORRETES,2016,16488
4116208,PR,Morretes,MORRETES,2017,16540
4116208,PR,Morretes,MORRETES,2018,16366
4116208,PR,Morretes,MORRETES,2019,16406
4116208,PR,Morretes,MORRETES,2020,16446
4116208,PR,Morretes,MORRETES,2021,16485
4116307,PR,Munhoz de Melo,MUNHOZ DE MELO,2013,3857
4116307,PR,Munhoz de Melo,MUNHOZ DE MELO,2014,3883
4116307,PR,Munhoz de Melo,MUNHOZ DE MELO,2015,3909
4116307,PR,Munhoz de Melo,MUNHOZ DE MELO,2016,3934
4116307,PR,Munhoz de Melo,MUNHOZ DE MELO,2017,3958
4116307,PR,Munhoz de Melo,MUNHOZ DE MELO,2018,3958
4116307,PR,Munhoz de Melo,MUNHOZ DE MELO,2019,3984
4116307,PR,Munhoz de Melo,MUNHOZ DE MELO,2020,4009
4116307,PR,Munhoz de Melo,MUNHOZ DE MELO,2021,4034
4116406,PR,Nossa Senhora das Graças,NOSSA SENHORA DAS GRACAS,2013,4053
4116406,PR,Nossa Senhora das Graças,NOSSA SENHORA DAS GRACAS,2014,4059
4116406,PR,Nossa Senhora das Graças,NOSSA SENHORA DAS GRACAS,2015,4064
4116406,PR,Nossa Senhora das Graças,NOSSA SENHORA DAS GRACAS,2016,4070
4116406,PR,Nossa Senhora das Graças,NOSSA SENHORA DAS GRACAS,2017,4075
4116406,PR,Nossa Senhora das Graças,NOSSA SENHORA DAS GRACAS,2018,4008
4116406,PR,Nossa Senhora das Graças,NOSSA SENHORA DAS GRACAS,2019,4008
4116406,PR,Nossa Senhora das Graças,NOSSA SENHORA DAS GRACAS,2020,4008
4116406,PR,Nossa Senhora das Graças,NOSSA SENHORA DAS GRACAS,2021,4009
4116505,PR,Nova Aliança do Ivaí,NOVA ALIANCA DO IVAI,2013,1500
4116505,PR,Nova Aliança do Ivaí,NOVA ALIANCA DO IVAI,2014,1509
4116505,PR,Nova Aliança do Ivaí,NOVA ALIANCA DO IVAI,2015,1518
4116505,PR,Nova Aliança do Ivaí,NOVA ALIANCA DO IVAI,2016,1527
4116505,PR,Nova Aliança do Ivaí,NOVA ALIANCA DO IVAI,2017,1536
4116505,PR,Nova Aliança do Ivaí,NOVA ALIANCA DO IVAI,2018,1534
4116505,PR,Nova Aliança do Ivaí,NOVA ALIANCA DO IVAI,2019,1543
4116505,PR,Nova Aliança do Ivaí,NOVA ALIANCA DO IVAI,2020,1551
4116505,PR,Nova Aliança do Ivaí,NOVA ALIANCA DO IVAI,2021,1560
4116604,PR,Nova América da Colina,NOVA AMERICA DA COLINA,2013,3560
4116604,PR,Nova América da Colina,NOVA AMERICA DA COLINA,2014,3556
4116604,PR,Nova América da Colina,NOVA AMERICA DA COLINA,2015,3553
4116604,PR,Nova América da Colina,NOVA AMERICA DA COLINA,2016,3549
4116604,PR,Nova América da Colina,NOVA AMERICA DA COLINA,2017,3545
4116604,PR,Nova América da Colina,NOVA AMERICA DA COLINA,2018,3456
4116604,PR,Nova América da Colina,NOVA AMERICA DA COLINA,2019,3445
4116604,PR,Nova América da Colina,NOVA AMERICA DA COLINA,2020,3434
4116604,PR,Nova América da Colina,NOVA AMERICA DA COLINA,2021,3424
4116703,PR,Nova Aurora,NOVA AURORA,2013,11786
4116703,PR,Nova Aurora,NOVA AURORA,2014,11659
4116703,PR,Nova Aurora,NOVA AURORA,2015,11537
4116703,PR,Nova Aurora,NOVA AURORA,2016,11418
4116703,PR,Nova Aurora,NOVA AURORA,2017,11300
4116703,PR,Nova Aurora,NOVA AURORA,2018,10650
4116703,PR,Nova Aurora,NOVA AURORA,2019,10472
4116703,PR,Nova Aurora,NOVA AURORA,2020,10299
4116703,PR,Nova Aurora,NOVA AURORA,2021,10131
4116802,PR,Nova Cantu,NOVA CANTU,2013,7023
4116802,PR,Nova Cantu,NOVA CANTU,2014,6833
4116802,PR,Nova Cantu,NOVA CANTU,2015,6650
4116802,PR,Nova Cantu,NOVA CANTU,2016,6471
4116802,PR,Nova Cantu,NOVA CANTU,2017,6295
4116802,PR,Nova Cantu,NOVA CANTU,2018,5550
4116802,PR,Nova Cantu,NOVA CANTU,2019,5302
4116802,PR,Nova Cantu,NOVA CANTU,2020,5061
4116802,PR,Nova Cantu,NOVA CANTU,2021,4827
4116901,PR,Nova Esperança,NOVA ESPERANCA,2013,27678
4116901,PR,Nova Esperança,NOVA ESPERANCA,2014,27783
4116901,PR,Nova Esperança,NOVA ESPERANCA,2015,27886
4116901,PR,Nova Esperança,NOVA ESPERANCA,2016,27986
4116901,PR,Nova Esperança,NOVA ESPERANCA,2017,28084
4116901,PR,Nova Esperança,NOVA ESPERANCA,2018,27821
4116901,PR,Nova Esperança,NOVA ESPERANCA,2019,27904
4116901,PR,Nova Esperança,NOVA ESPERANCA,2020,27984
4116901,PR,Nova Esperança,NOVA ESPERANCA,2021,28062
4116950,PR,Nova Esperança do Sudoeste,NOVA ESPERANCA DO SUDOESTE,2013,5218
4116950,PR,Nova Esperança do Sudoeste,NOVA ESPERANCA DO SUDOESTE,2014,5211
4116950,PR,Nova Esperança do Sudoeste,NOVA ESPERANCA DO SUDOESTE,2015,5206
4116950,PR,Nova Esperança do Sudoeste,NOVA ESPERANCA DO SUDOESTE,2016,5200
4116950,PR,Nova Esperança do Sudoeste,NOVA ESPERANCA DO SUDOESTE,2017,5194
4116950,PR,Nova Esperança do Sudoeste,NOVA ESPERANCA DO SUDOESTE,2018,5063
4116950,PR,Nova Esperança do Sudoeste,NOVA ESPERANCA DO SUDOESTE,2019,5046
4116950,PR,Nova Esperança do Sudoeste,NOVA ESPERANCA DO SUDOESTE,2020,5030
4116950,PR,Nova Esperança do Sudoeste,NOVA ESPERANCA DO SUDOESTE,2021,5014
4117008,PR,Nova Fátima,NOVA FATIMA,2013,8363
4117008,PR,Nova Fátima,NOVA FATIMA,2014,8361
4117008,PR,Nova Fátima,NOVA FATIMA,2015,8359
4117008,PR,Nova Fátima,NOVA FATIMA,2016,8357
4117008,PR,Nova Fátima,NOVA FATIMA,2017,8356
4117008,PR,Nova Fátima,NOVA FATIMA,2018,8170
4117008,PR,Nova Fátima,NOVA FATIMA,2019,8153
4117008,PR,Nova Fátima,NOVA FATIMA,2020,8136
4117008,PR,Nova Fátima,NOVA FATIMA,2021,8120
4117057,PR,Nova Laranjeiras,NOVA LARANJEIRAS,2013,12010
4117057,PR,Nova Laranjeiras,NOVA LARANJEIRAS,2014,11988
4117057,PR,Nova Laranjeiras,NOVA LARANJEIRAS,2015,11968
4117057,PR,Nova Laranjeiras,NOVA LARANJEIRAS,2016,11947
4117057,PR,Nova Laranjeiras,NOVA LARANJEIRAS,2017,11927
4117057,PR,Nova Laranjeiras,NOVA LARANJEIRAS,2018,11603
4117057,PR,Nova Laranjeiras,NOVA LARANJEIRAS,2019,11554
4117057,PR,Nova Laranjeiras,NOVA LARANJEIRAS,2020,11507
4117057,PR,Nova Laranjeiras,NOVA LARANJEIRAS,2021,11462
4117107,PR,Nova Londrina,NOVA LONDRINA,2013,13452
4117107,PR,Nova Londrina,NOVA LONDRINA,2014,13461
4117107,PR,Nova Londrina,NOVA LONDRINA,2015,13470
4117107,PR,Nova Londrina,NOVA LONDRINA,2016,13478
4117107,PR,Nova Londrina,NOVA LONDRINA,2017,13486
4117107,PR,Nova Londrina,NOVA LONDRINA,2018,13225
4117107,PR,Nova Londrina,NOVA LONDRINA,2019,13213
4117107,PR,Nova Londrina,NOVA LONDRINA,2020,13200
4117107,PR,Nova Londrina,NOVA LONDRINA,2021,13188
4117206,PR,Nova Olímpia,NOVA OLIMPIA,2013,5733
4117206,PR,Nova Olímpia,NOVA OLIMPIA,2014,5758
4117206,PR,Nova Olímpia,NOVA OLIMPIA,2015,5782
4117206,PR,Nova Olímpia,NOVA OLIMPIA,2016,5806
4117206,PR,Nova Olímpia,NOVA OLIMPIA,2017,5829
4117206,PR,Nova Olímpia,NOVA OLIMPIA,2018,5785
4117206,PR,Nova Olímpia,NOVA OLIMPIA,2019,5806
4117206,PR,Nova Olímpia,NOVA OLIMPIA,2020,5826
4117206,PR,Nova Olímpia,NOVA OLIMPIA,2021,5846
4117255,PR,Nova Prata do Iguaçu,NOVA PRATA DO IGUACU,2013,10698
4117255,PR,Nova Prata do Iguaçu,NOVA PRATA DO IGUACU,2014,10710
4117255,PR,Nova Prata do Iguaçu,NOVA PRATA DO IGUACU,2015,10722
4117255,PR,Nova Prata do Iguaçu,NOVA PRATA DO IGUACU,2016,10733
4117255,PR,Nova Prata do Iguaçu,NOVA PRATA DO IGUACU,2017,10745
4117255,PR,Nova Prata do Iguaçu,NOVA PRATA DO IGUACU,2018,10552
4117255,PR,Nova Prata do Iguaçu,NOVA PRATA DO IGUACU,2019,10548
4117255,PR,Nova Prata do Iguaçu,NOVA PRATA DO IGUACU,2020,10544
4117255,PR,Nova Prata do Iguaçu,NOVA PRATA DO IGUACU,2021,10540
4117214,PR,Nova Santa Bárbara,NOVA SANTA BARBARA,2013,4106
4117214,PR,Nova Santa Bárbara,NOVA SANTA BARBARA,2014,4135
4117214,PR,Nova Santa Bárbara,NOVA SANTA BARBARA,2015,4163
4117214,PR,Nova Santa Bárbara,NOVA SANTA BARBARA,2016,4190
4117214,PR,Nova Santa Bárbara,NOVA SANTA BARBARA,2017,4217
4117214,PR,Nova Santa Bárbara,NOVA SANTA BARBARA,2018,4220
4117214,PR,Nova Santa Bárbara,NOVA SANTA BARBARA,2019,4249
4117214,PR,Nova Santa Bárbara,NOVA SANTA BARBARA,2020,4277
4117214,PR,Nova Santa Bárbara,NOVA SANTA BARBARA,2021,4304
4117222,PR,Nova Santa Rosa,NOVA SANTA ROSA,2013,7994
4117222,PR,Nova Santa Rosa,NOVA SANTA ROSA,2014,8044
4117222,PR,Nova Santa Rosa,NOVA SANTA ROSA,2015,8092
4117222,PR,Nova Santa Rosa,NOVA SANTA ROSA,2016,8140
4117222,PR,Nova Santa Rosa,NOVA SANTA ROSA,2017,8186
4117222,PR,Nova Santa Rosa,NOVA SANTA ROSA,2018,8171
4117222,PR,Nova Santa Rosa,NOVA SANTA ROSA,2019,8219
4117222,PR,Nova Santa Rosa,NOVA SANTA ROSA,2020,8266
4117222,PR,Nova Santa Rosa,NOVA SANTA ROSA,2021,8311
4117271,PR,Nova Tebas,NOVA TEBAS,2013,7100
4117271,PR,Nova Tebas,NOVA TEBAS,2014,6943
4117271,PR,Nova Tebas,NOVA TEBAS,2015,6792
4117271,PR,Nova Tebas,NOVA TEBAS,2016,6644
4117271,PR,Nova Tebas,NOVA TEBAS,2017,6498
4117271,PR,Nova Tebas,NOVA TEBAS,2018,5856
4117271,PR,Nova Tebas,NOVA TEBAS,2019,5649
4117271,PR,Nova Tebas,NOVA TEBAS,2020,5448
4117271,PR,Nova Tebas,NOVA TEBAS,2021,5252
4117297,PR,Novo Itacolomi,NOVO ITACOLOMI,2013,2906
4117297,PR,Novo Itacolomi,NOVO ITACOLOMI,2014,2906
4117297,PR,Novo Itacolomi,NOVO ITACOLOMI,2015,2907
4117297,PR,Novo Itacolomi,NOVO ITACOLOMI,2016,2907
4117297,PR,Novo Itacolomi,NOVO ITACOLOMI,2017,2908
4117297,PR,Novo Itacolomi,NOVO ITACOLOMI,2018,2848
4117297,PR,Novo Itacolomi,NOVO ITACOLOMI,2019,2844
4117297,PR,Novo Itacolomi,NOVO ITACOLOMI,2020,2840
4117297,PR,Novo Itacolomi,NOVO ITACOLOMI,2021,2836
4117305,PR,Ortigueira,ORTIGUEIRA,2013,23646
4117305,PR,Ortigueira,ORTIGUEIRA,2014,23530
4117305,PR,Ortigueira,ORTIGUEIRA,2015,23418
4117305,PR,Ortigueira,ORTIGUEIRA,2016,23308
4117305,PR,Ortigueira,ORTIGUEIRA,2017,23200
4117305,PR,Ortigueira,ORTIGUEIRA,2018,22327
4117305,PR,Ortigueira,ORTIGUEIRA,2019,22141
4117305,PR,Ortigueira,ORTIGUEIRA,2020,21960
4117305,PR,Ortigueira,ORTIGUEIRA,2021,21783
4117404,PR,Ourizona,OURIZONA,2013,3482
4117404,PR,Ourizona,OURIZONA,2014,3485
4117404,PR,Ourizona,OURIZONA,2015,3488
4117404,PR,Ourizona,OURIZONA,2016,3491
4117404,PR,Ourizona,OURIZONA,2017,3494
4117404,PR,Ourizona,OURIZONA,2018,3430
4117404,PR,Ourizona,OURIZONA,2019,3428
4117404,PR,Ourizona,OURIZONA,2020,3425
4117404,PR,Ourizona,OURIZONA,2021,3423
4117453,PR,Ouro Verde do Oeste,OURO VERDE DO OESTE,2013,5927
4117453,PR,Ouro Verde do Oeste,OURO VERDE DO OESTE,2014,5952
4117453,PR,Ouro Verde do Oeste,OURO VERDE DO OESTE,2015,5976
4117453,PR,Ouro Verde do Oeste,OURO VERDE DO OESTE,2016,6000
4117453,PR,Ouro Verde do Oeste,OURO VERDE DO OESTE,2017,6023
4117453,PR,Ouro Verde do Oeste,OURO VERDE DO OESTE,2018,5975
4117453,PR,Ouro Verde do Oeste,OURO VERDE DO OESTE,2019,5996
4117453,PR,Ouro Verde do Oeste,OURO VERDE DO OESTE,2020,6016
4117453,PR,Ouro Verde do Oeste,OURO VERDE DO OESTE,2021,6036
4117503,PR,Paiçandu,PAICANDU,2013,38385
4117503,PR,Paiçandu,PAICANDU,2014,38846
4117503,PR,Paiçandu,PAICANDU,2015,39291
4117503,PR,Paiçandu,PAICANDU,2016,39728
4117503,PR,Paiçandu,PAICANDU,2017,40156
4117503,PR,Paiçandu,PAICANDU,2018,40777
4117503,PR,Paiçandu,PAICANDU,2019,41281
4117503,PR,Paiçandu,PAICANDU,2020,41773
4117503,PR,Paiçandu,PAICANDU,2021,42251
4117602,PR,Palmas,PALMAS,2013,46294
4117602,PR,Palmas,PALMAS,2014,46996
4117602,PR,Palmas,PALMAS,2015,47674
4117602,PR,Palmas,PALMAS,2016,48339
4117602,PR,Palmas,PALMAS,2017,48990
4117602,PR,Palmas,PALMAS,2018,50198
4117602,PR,Palmas,PALMAS,2019,50986
4117602,PR,Palmas,PALMAS,2020,51755
4117602,PR,Palmas,PALMAS,2021,52503
4117701,PR,Palmeira,PALMEIRA,2013,33469
4117701,PR,Palmeira,PALMEIRA,2014,33613
4117701,PR,Palmeira,PALMEIRA,2015,33753
4117701,PR,Palmeira,PALMEIRA,2016,33889
4117701,PR,Palmeira,PALMEIRA,2017,34023
4117701,PR,Palmeira,PALMEIRA,2018,33757
4117701,PR,Palmeira,PALMEIRA,2019,33877
4117701,PR,Palmeira,PALMEIRA,2020,33994
4117701,PR,Palmeira,PALMEIRA,2021,34109
4117800,PR,Palmital,PALMITAL,2013,14780
4117800,PR,Palmital,PALMITAL,2014,14626
4117800,PR,Palmital,PALMITAL,2015,14477
4117800,PR,Palmital,PALMITAL,2016,14332
4117800,PR,Palmital,PALMITAL,2017,14189
4117800,PR,Palmital,PALMITAL,2018,13389
4117800,PR,Palmital,PALMITAL,2019,13172
4117800,PR,Palmital,PALMITAL,2020,12960
4117800,PR,Palmital,PALMITAL,2021,12755
4117909,PR,Palotina,PALOTINA,2013,30327
4117909,PR,Palotina,PALOTINA,2014,30598
4117909,PR,Palotina,PALOTINA,2015,30859
4117909,PR,Palotina,PALOTINA,2016,31115
4117909,PR,Palotina,PALOTINA,2017,31366
4117909,PR,Palotina,PALOTINA,2018,31564
4117909,PR,Palotina,PALOTINA,2019,31846
4117909,PR,Palotina,PALOTINA,2020,32121
4117909,PR,Palotina,PALOTINA,2021,32389
4118006,PR,Paraíso do Norte,PARAISO DO NORTE,2013,12661
4118006,PR,Paraíso do Norte,PARAISO DO NORTE,2014,12839
4118006,PR,Paraíso do Norte,PARAISO DO NORTE,2015,13011
4118006,PR,Paraíso do Norte,PARAISO DO NORTE,2016,13180
4118006,PR,Paraíso do Norte,PARAISO DO NORTE,2017,13345
4118006,PR,Paraíso do Norte,PARAISO DO NORTE,2018,13631
4118006,PR,Paraíso do Norte,PARAISO DO NORTE,2019,13830
4118006,PR,Paraíso do Norte,PARAISO DO NORTE,2020,14023
4118006,PR,Paraíso do Norte,PARAISO DO NORTE,2021,14211
4118105,PR,Paranacity,PARANACITY,2013,10863
4118105,PR,Paranacity,PARANACITY,2014,10968
4118105,PR,Paranacity,PARANACITY,2015,11069
4118105,PR,Paranacity,PARANACITY,2016,11168
4118105,PR,Paranacity,PARANACITY,2017,11265
4118105,PR,Paranacity,PARANACITY,2018,11361
4118105,PR,Paranacity,PARANACITY,2019,11472
4118105,PR,Paranacity,PARANACITY,2020,11580
4118105,PR,Paranacity,PARANACITY,2021,11685
4118204,PR,Paranaguá,PARANAGUA,2013,148232
4118204,PR,Paranaguá,PARANAGUA,2014,149467
4118204,PR,Paranaguá,PARANAGUA,2015,150660
4118204,PR,Paranaguá,PARANAGUA,2016,151829
4118204,PR,Paranaguá,PARANAGUA,2017,152975
4118204,PR,Paranaguá,PARANAGUA,2018,153666
4118204,PR,Paranaguá,PARANAGUA,2019,154936
4118204,PR,Paranaguá,PARANAGUA,2020,156174
4118204,PR,Paranaguá,PARANAGUA,2021,157378
4118303,PR,Paranapoema,PARANAPOEMA,2013,2980
4118303,PR,Paranapoema,PARANAPOEMA,2014,3016
4118303,PR,Paranapoema,PARANAPOEMA,2015,3050
4118303,PR,Paranapoema,PARANAPOEMA,2016,3084
4118303,PR,Paranapoema,PARANAPOEMA,2017,3117
4118303,PR,Paranapoema,PARANAPOEMA,2018,3164
4118303,PR,Paranapoema,PARANAPOEMA,2019,3203
4118303,PR,Paranapoema,PARANAPOEMA,2020,3241
4118303,PR,Paranapoema,PARANAPOEMA,2021,3277
4118402,PR,Paranavaí,PARANAVAI,2013,85643
4118402,PR,Paranavaí,PARANAVAI,2014,86218
4118402,PR,Paranavaí,PARANAVAI,2015,86773
4118402,PR,Paranavaí,PARANAVAI,2016,87316
4118402,PR,Paranavaí,PARANAVAI,2017,87850
4118402,PR,Paranavaí,PARANAVAI,2018,87813
4118402,PR,Paranavaí,PARANAVAI,2019,88374
4118402,PR,Paranavaí,PARANAVAI,2020,88922
4118402,PR,Paranavaí,PARANAVAI,2021,89454
4118451,PR,Pato Bragado,PATO BRAGADO,2013,5170
4118451,PR,Pato Bragado,PATO BRAGADO,2014,5239
4118451,PR,Pato Bragado,PATO BRAGADO,2015,5304
4118451,PR,Pato Bragado,PATO BRAGADO,2016,5369
4118451,PR,Pato Bragado,PATO BRAGADO,2017,5432
4118451,PR,Pato Bragado,PATO BRAGADO,2018,5535
4118451,PR,Pato Bragado,PATO BRAGADO,2019,5610
4118451,PR,Pato Bragado,PATO BRAGADO,2020,5684
4118451,PR,Pato Bragado,PATO BRAGADO,2021,5755
4118501,PR,Pato Branco,PATO BRANCO,2013,77230
4118501,PR,Pato Branco,PATO BRANCO,2014,78136
4118501,PR,Pato Branco,PATO BRANCO,2015,79011
4118501,PR,Pato Branco,PATO BRANCO,2016,79869
4118501,PR,Pato Branco,PATO BRANCO,2017,80710
4118501,PR,Pato Branco,PATO BRANCO,2018,81893
4118501,PR,Pato Branco,PATO BRANCO,2019,82881
4118501,PR,Pato Branco,PATO BRANCO,2020,83843
4118501,PR,Pato Branco,PATO BRANCO,2021,84779
4118600,PR,Paula Freitas,PAULA FREITAS,2013,5700
4118600,PR,Paula Freitas,PAULA FREITAS,2014,5737
4118600,PR,Paula Freitas,PAULA FREITAS,2015,5773
4118600,PR,Paula Freitas,PAULA FREITAS,2016,5808
4118600,PR,Paula Freitas,PAULA FREITAS,2017,5842
4118600,PR,Paula Freitas,PAULA FREITAS,2018,5837
4118600,PR,Paula Freitas,PAULA FREITAS,2019,5873
4118600,PR,Paula Freitas,PAULA FREITAS,2020,5908
4118600,PR,Paula Freitas,PAULA FREITAS,2021,5942
4118709,PR,Paulo Frontin,PAULO FRONTIN,2013,7219
4118709,PR,Paulo Frontin,PAULO FRONTIN,2014,7256
4118709,PR,Paulo Frontin,PAULO FRONTIN,2015,7291
4118709,PR,Paulo Frontin,PAULO FRONTIN,2016,7326
4118709,PR,Paulo Frontin,PAULO FRONTIN,2017,7360
4118709,PR,Paulo Frontin,PAULO FRONTIN,2018,7321
4118709,PR,Paulo Frontin,PAULO FRONTIN,2019,7354
4118709,PR,Paulo Frontin,PAULO FRONTIN,2020,7387
4118709,PR,Paulo Frontin,PAULO FRONTIN,2021,7418
4118808,PR,Peabiru,PEABIRU,2013,14087
4118808,PR,Peabiru,PEABIRU,2014,14116
4118808,PR,Peabiru,PEABIRU,2015,14144
4118808,PR,Peabiru,PEABIRU,2016,14171
4118808,PR,Peabiru,PEABIRU,2017,14198
4118808,PR,Peabiru,PEABIRU,2018,13985
4118808,PR,Peabiru,PEABIRU,2019,13996
4118808,PR,Peabiru,PEABIRU,2020,14007
4118808,PR,Peabiru,PEABIRU,2021,14017
4118857,PR,Perobal,PEROBAL,2013,5923
4118857,PR,Perobal,PEROBAL,2014,5960
4118857,PR,Perobal,PEROBAL,2015,5995
4118857,PR,Perobal,PEROBAL,2016,6029
4118857,PR,Perobal,PEROBAL,2017,6105
4118857,PR,Perobal,PEROBAL,2018,6092
4118857,PR,Perobal,PEROBAL,2019,6127
4118857,PR,Perobal,PEROBAL,2020,6160
4118857,PR,Perobal,PEROBAL,2021,6194
4118907,PR,Pérola,PEROLA,2013,10765
4118907,PR,Pérola,PEROLA,2014,10852
4118907,PR,Pérola,PEROLA,2015,10937
4118907,PR,Pérola,PEROLA,2016,11020
4118907,PR,Pérola,PEROLA,2017,11101
4118907,PR,Pérola,PEROLA,2018,11144
4118907,PR,Pérola,PEROLA,2019,11234
4118907,PR,Pérola,PEROLA,2020,11321
4118907,PR,Pérola,PEROLA,2021,11406
4119004,PR,Pérola d'Oeste,PEROLA D OESTE,2013,6822
4119004,PR,Pérola d'Oeste,PEROLA D OESTE,2014,6783
4119004,PR,Pérola d'Oeste,PEROLA D OESTE,2015,6746
4119004,PR,Pérola d'Oeste,PEROLA D OESTE,2016,6710
4119004,PR,Pérola d'Oeste,PEROLA D OESTE,2017,6674
4119004,PR,Pérola d'Oeste,PEROLA D OESTE,2018,6407
4119004,PR,Pérola d'Oeste,PEROLA D OESTE,2019,6347
4119004,PR,Pérola d'Oeste,PEROLA D OESTE,2020,6288
4119004,PR,Pérola d'Oeste,PEROLA D OESTE,2021,6232
4119103,PR,Piên,PIEN,2013,11956
4119103,PR,Piên,PIEN,2014,12086
4119103,PR,Piên,PIEN,2015,12211
4119103,PR,Piên,PIEN,2016,12334
4119103,PR,Piên,PIEN,2017,12455
4119103,PR,Piên,PIEN,2018,12606
4119103,PR,Piên,PIEN,2019,12746
4119103,PR,Piên,PIEN,2020,12882
4119103,PR,Piên,PIEN,2021,13015
4119152,PR,Pinhais,PINHAIS,2013,124528
4119152,PR,Pinhais,PINHAIS,2014,125808
4119152,PR,Pinhais,PINHAIS,2015,127045
4119152,PR,Pinhais,PINHAIS,2016,128256
4119152,PR,Pinhais,PINHAIS,2017,129445
4119152,PR,Pinhais,PINHAIS,2018,130789
4119152,PR,Pinhais,PINHAIS,2019,132157
4119152,PR,Pinhais,PINHAIS,2020,133490
4119152,PR,Pinhais,PINHAIS,2021,134788
4119251,PR,Pinhal de São Bento,PINHAL DE SAO BENTO,2013,2724
4119251,PR,Pinhal de São Bento,PINHAL DE SAO BENTO,2014,2732
4119251,PR,Pinhal de São Bento,PINHAL DE SAO BENTO,2015,2740
4119251,PR,Pinhal de São Bento,PINHAL DE SAO BENTO,2016,2749
4119251,PR,Pinhal de São Bento,PINHAL DE SAO BENTO,2017,2757
4119251,PR,Pinhal de São Bento,PINHAL DE SAO BENTO,2018,2725
4119251,PR,Pinhal de São Bento,PINHAL DE SAO BENTO,2019,2731
4119251,PR,Pinhal de São Bento,PINHAL DE SAO BENTO,2020,2737
4119251,PR,Pinhal de São Bento,PINHAL DE SAO BENTO,2021,2742
4119202,PR,Pinhalão,PINHALAO,2013,6409
4119202,PR,Pinhalão,PINHALAO,2014,6417
4119202,PR,Pinhalão,PINHALAO,2015,6425
4119202,PR,Pinhalão,PINHALAO,2016,6433
4119202,PR,Pinhalão,PINHALAO,2017,6440
4119202,PR,Pinhalão,PINHALAO,2018,6327
4119202,PR,Pinhalão,PINHALAO,2019,6326
4119202,PR,Pinhalão,PINHALAO,2020,6324
4119202,PR,Pinhalão,PINHALAO,2021,6323
4119301,PR,Pinhão,PINHAO,2013,31617
4119301,PR,Pinhão,PINHAO,2014,31800
4119301,PR,Pinhão,PINHAO,2015,31978
4119301,PR,Pinhão,PINHAO,2016,32152
4119301,PR,Pinhão,PINHAO,2017,32322
4119301,PR,Pinhão,PINHAO,2018,32219
4119301,PR,Pinhão,PINHAO,2019,32391
4119301,PR,Pinhão,PINHAO,2020,32559
4119301,PR,Pinhão,PINHAO,2021,32722
4119400,PR,Piraí do Sul,PIRAI DO SUL,2013,24613
4119400,PR,Piraí do Sul,PIRAI DO SUL,2014,24786
4119400,PR,Piraí do Sul,PIRAI DO SUL,2015,24953
4119400,PR,Piraí do Sul,PIRAI DO SUL,2016,25117
4119400,PR,Piraí do Sul,PIRAI DO SUL,2017,25277
4119400,PR,Piraí do Sul,PIRAI DO SUL,2018,25291
4119400,PR,Piraí do Sul,PIRAI DO SUL,2019,25463
4119400,PR,Piraí do Sul,PIRAI DO SUL,2020,25617
4119400,PR,Piraí do Sul,PIRAI DO SUL,2021,25779
4119509,PR,Piraquara,PIRAQUARA,2013,101053
4119509,PR,Piraquara,PIRAQUARA,2014,102798
4119509,PR,Piraquara,PIRAQUARA,2015,104481
4119509,PR,Piraquara,PIRAQUARA,2016,106132
4119509,PR,Piraquara,PIRAQUARA,2017,107751
4119509,PR,Piraquara,PIRAQUARA,2018,111052
4119509,PR,Piraquara,PIRAQUARA,2019,113036
4119509,PR,Piraquara,PIRAQUARA,2020,114970
4119509,PR,Piraquara,PIRAQUARA,2021,116852
4119608,PR,Pitanga,PITANGA,2013,32841
4119608,PR,Pitanga,PITANGA,2014,32626
4119608,PR,Pitanga,PITANGA,2015,32419
4119608,PR,Pitanga,PITANGA,2016,32215
4119608,PR,Pitanga,PITANGA,2017,32015
4119608,PR,Pitanga,PITANGA,2018,30635
4119608,PR,Pitanga,PITANGA,2019,30310
4119608,PR,Pitanga,PITANGA,2020,29994
4119608,PR,Pitanga,PITANGA,2021,29686
4119657,PR,Pitangueiras,PITANGUEIRAS,2013,3004
4119657,PR,Pitangueiras,PITANGUEIRAS,2014,3039
4119657,PR,Pitangueiras,PITANGUEIRAS,2015,3073
4119657,PR,Pitangueiras,PITANGUEIRAS,2016,3107
4119657,PR,Pitangueiras,PITANGUEIRAS,2017,3140
4119657,PR,Pitangueiras,PITANGUEIRAS,2018,3185
4119657,PR,Pitangueiras,PITANGUEIRAS,2019,3224
4119657,PR,Pitangueiras,PITANGUEIRAS,2020,3262
4119657,PR,Pitangueiras,PITANGUEIRAS,2021,3298
4119707,PR,Planaltina do Paraná,PLANALTINA DO PARANA,2013,4250
4119707,PR,Planaltina do Paraná,PLANALTINA DO PARANA,2014,4264
4119707,PR,Planaltina do Paraná,PLANALTINA DO PARANA,2015,4277
4119707,PR,Planaltina do Paraná,PLANALTINA DO PARANA,2016,4290
4119707,PR,Planaltina do Paraná,PLANALTINA DO PARANA,2017,4303
4119707,PR,Planaltina do Paraná,PLANALTINA DO PARANA,2018,4254
4119707,PR,Planaltina do Paraná,PLANALTINA DO PARANA,2019,4263
4119707,PR,Planaltina do Paraná,PLANALTINA DO PARANA,2020,4272
4119707,PR,Planaltina do Paraná,PLANALTINA DO PARANA,2021,4281
4119806,PR,Planalto,PLANALTO,2013,13964
4119806,PR,Planalto,PLANALTO,2014,13944
4119806,PR,Planalto,PLANALTO,2015,13926
4119806,PR,Planalto,PLANALTO,2016,13907
4119806,PR,Planalto,PLANALTO,2017,13889
4119806,PR,Planalto,PLANALTO,2018,13528
4119806,PR,Planalto,PLANALTO,2019,13479
4119806,PR,Planalto,PLANALTO,2020,13431
4119806,PR,Planalto,PLANALTO,2021,13385
4119905,PR,Ponta Grossa,PONTA GROSSA,2013,331084
4119905,PR,Ponta Grossa,PONTA GROSSA,2014,334535
4119905,PR,Ponta Grossa,PONTA GROSSA,2015,337865
4119905,PR,Ponta Grossa,PONTA GROSSA,2016,341130
4119905,PR,Ponta Grossa,PONTA GROSSA,2017,344332
4119905,PR,Ponta Grossa,PONTA GROSSA,2018,348043
4119905,PR,Ponta Grossa,PONTA GROSSA,2019,351736
4119905,PR,Ponta Grossa,PONTA GROSSA,2020,355336
4119905,PR,Ponta Grossa,PONTA GROSSA,2021,358838
4119954,PR,Pontal do Paraná,PONTAL DO PARANA,2013,23261
4119954,PR,Pontal do Paraná,PONTAL DO PARANA,2014,23816
4119954,PR,Pontal do Paraná,PONTAL DO PARANA,2015,24352
4119954,PR,Pontal do Paraná,PONTAL DO PARANA,2016,24878
4119954,PR,Pontal do Paraná,PONTAL DO PARANA,2017,25393
4119954,PR,Pontal do Paraná,PONTAL DO PARANA,2018,26636
4119954,PR,Pontal do Paraná,PONTAL DO PARANA,2019,27284
4119954,PR,Pontal do Paraná,PONTAL DO PARANA,2020,27915
4119954,PR,Pontal do Paraná,PONTAL DO PARANA,2021,28529
4120002,PR,Porecatu,PORECATU,2013,14203
4120002,PR,Porecatu,PORECATU,2014,14086
4120002,PR,Porecatu,PORECATU,2015,13973
4120002,PR,Porecatu,PORECATU,2016,13863
4120002,PR,Porecatu,PORECATU,2017,13754
4120002,PR,Porecatu,PORECATU,2018,13084
4120002,PR,Porecatu,PORECATU,2019,12914
4120002,PR,Porecatu,PORECATU,2020,12748
4120002,PR,Porecatu,PORECATU,2021,12587
4120101,PR,Porto Amazonas,PORTO AMAZONAS,2013,4727
4120101,PR,Porto Amazonas,PORTO AMAZONAS,2014,4755
4120101,PR,Porto Amazonas,PORTO AMAZONAS,2015,4782
4120101,PR,Porto Amazonas,PORTO AMAZONAS,2016,4809
4120101,PR,Porto Amazonas,PORTO AMAZONAS,2017,4835
4120101,PR,Porto Amazonas,PORTO AMAZONAS,2018,4821
4120101,PR,Porto Amazonas,PORTO AMAZONAS,2019,4848
4120101,PR,Porto Amazonas,PORTO AMAZONAS,2020,4874
4120101,PR,Porto Amazonas,PORTO AMAZONAS,2021,4899
4120150,PR,Porto Barreiro,PORTO BARREIRO,2013,3640
4120150,PR,Porto Barreiro,PORTO BARREIRO,2014,3601
4120150,PR,Porto Barreiro,PORTO BARREIRO,2015,3564
4120150,PR,Porto Barreiro,PORTO BARREIRO,2016,3527
4120150,PR,Porto Barreiro,PORTO BARREIRO,2017,3491
4120150,PR,Porto Barreiro,PORTO BARREIRO,2018,3292
4120150,PR,Porto Barreiro,PORTO BARREIRO,2019,3237
4120150,PR,Porto Barreiro,PORTO BARREIRO,2020,3184
4120150,PR,Porto Barreiro,PORTO BARREIRO,2021,3133
4120200,PR,Porto Rico,PORTO RICO,2013,2605
4120200,PR,Porto Rico,PORTO RICO,2014,2606
4120200,PR,Porto Rico,PORTO RICO,2015,2608
4120200,PR,Porto Rico,PORTO RICO,2016,2610
4120200,PR,Porto Rico,PORTO RICO,2017,2611
4120200,PR,Porto Rico,PORTO RICO,2018,2561
4120200,PR,Porto Rico,PORTO RICO,2019,2559
4120200,PR,Porto Rico,PORTO RICO,2020,2556
4120200,PR,Porto Rico,PORTO RICO,2021,2554
4120309,PR,Porto Vitória,PORTO VITORIA,2013,4138
4120309,PR,Porto Vitória,PORTO VITORIA,2014,4141
4120309,PR,Porto Vitória,PORTO VITORIA,2015,4143
4120309,PR,Porto Vitória,PORTO VITORIA,2016,4146
4120309,PR,Porto Vitória,PORTO VITORIA,2017,4148
4120309,PR,Porto Vitória,PORTO VITORIA,2018,4068
4120309,PR,Porto Vitória,PORTO VITORIA,2019,4065
4120309,PR,Porto Vitória,PORTO VITORIA,2020,4061
4120309,PR,Porto Vitória,PORTO VITORIA,2021,4057
4120333,PR,Prado Ferreira,PRADO FERREIRA,2013,3614
4120333,PR,Prado Ferreira,PRADO FERREIRA,2014,3641
4120333,PR,Prado Ferreira,PRADO FERREIRA,2015,3668
4120333,PR,Prado Ferreira,PRADO FERREIRA,2016,3693
4120333,PR,Prado Ferreira,PRADO FERREIRA,2017,3718
4120333,PR,Prado Ferreira,PRADO FERREIRA,2018,3726
4120333,PR,Prado Ferreira,PRADO FERREIRA,2019,3753
4120333,PR,Prado Ferreira,PRADO FERREIRA,2020,3780
4120333,PR,Prado Ferreira,PRADO FERREIRA,2021,3806
4120358,PR,Pranchita,PRANCHITA,2013,5643
4120358,PR,Pranchita,PRANCHITA,2014,5600
4120358,PR,Pranchita,PRANCHITA,2015,5558
4120358,PR,Pranchita,PRANCHITA,2016,5517
4120358,PR,Pranchita,PRANCHITA,2017,5477
4120358,PR,Pranchita,PRANCHITA,2018,5221
4120358,PR,Pranchita,PRANCHITA,2019,5157
4120358,PR,Pranchita,PRANCHITA,2020,5095
4120358,PR,Pranchita,PRANCHITA,2021,5035
4120408,PR,Presidente Castelo Branco,PRESIDENTE CASTELO BRANCO,2013,5056
4120408,PR,Presidente Castelo Branco,PRESIDENTE CASTELO BRANCO,2014,5101
4120408,PR,Presidente Castelo Branco,PRESIDENTE CASTELO BRANCO,2015,5144
4120408,PR,Presidente Castelo Branco,PRESIDENTE CASTELO BRANCO,2016,5186
4120408,PR,Presidente Castelo Branco,PRESIDENTE CASTELO BRANCO,2017,5227
4120408,PR,Presidente Castelo Branco,PRESIDENTE CASTELO BRANCO,2018,5260
4120408,PR,Presidente Castelo Branco,PRESIDENTE CASTELO BRANCO,2019,5306
4120408,PR,Presidente Castelo Branco,PRESIDENTE CASTELO BRANCO,2020,5351
4120408,PR,Presidente Castelo Branco,PRESIDENTE CASTELO BRANCO,2021,5395
4120507,PR,Primeiro de Maio,PRIMEIRO DE MAIO,2013,11199
4120507,PR,Primeiro de Maio,PRIMEIRO DE MAIO,2014,11222
4120507,PR,Primeiro de Maio,PRIMEIRO DE MAIO,2015,11243
4120507,PR,Primeiro de Maio,PRIMEIRO DE MAIO,2016,11265
4120507,PR,Primeiro de Maio,PRIMEIRO DE MAIO,2017,11286
4120507,PR,Primeiro de Maio,PRIMEIRO DE MAIO,2018,11114
4120507,PR,Primeiro de Maio,PRIMEIRO DE MAIO,2019,11123
4120507,PR,Primeiro de Maio,PRIMEIRO DE MAIO,2020,11130
4120507,PR,Primeiro de Maio,PRIMEIRO DE MAIO,2021,11138
4120606,PR,Prudentópolis,PRUDENTOPOLIS,2013,50983
4120606,PR,Prudentópolis,PRUDENTOPOLIS,2014,51281
4120606,PR,Prudentópolis,PRUDENTOPOLIS,2015,51567
4120606,PR,Prudentópolis,PRUDENTOPOLIS,2016,51849
4120606,PR,Prudentópolis,PRUDENTOPOLIS,2017,52125
4120606,PR,Prudentópolis,PRUDENTOPOLIS,2018,51961
4120606,PR,Prudentópolis,PRUDENTOPOLIS,2019,52241
4120606,PR,Prudentópolis,PRUDENTOPOLIS,2020,52513
4120606,PR,Prudentópolis,PRUDENTOPOLIS,2021,52776
4120655,PR,Quarto Centenário,QUARTO CENTENARIO,2013,4887
4120655,PR,Quarto Centenário,QUARTO CENTENARIO,2014,4855
4120655,PR,Quarto Centenário,QUARTO CENTENARIO,2015,4824
4120655,PR,Quarto Centenário,QUARTO CENTENARIO,2016,4794
4120655,PR,Quarto Centenário,QUARTO CENTENARIO,2017,4764
4120655,PR,Quarto Centenário,QUARTO CENTENARIO,2018,4560
4120655,PR,Quarto Centenário,QUARTO CENTENARIO,2019,4512
4120655,PR,Quarto Centenário,QUARTO CENTENARIO,2020,4465
4120655,PR,Quarto Centenário,QUARTO CENTENARIO,2021,4420
4120705,PR,Quatiguá,QUATIGUA,2013,7344
4120705,PR,Quatiguá,QUATIGUA,2014,7377
4120705,PR,Quatiguá,QUATIGUA,2015,7410
4120705,PR,Quatiguá,QUATIGUA,2016,7441
4120705,PR,Quatiguá,QUATIGUA,2017,7472
4120705,PR,Quatiguá,QUATIGUA,2018,7420
4120705,PR,Quatiguá,QUATIGUA,2019,7449
4120705,PR,Quatiguá,QUATIGUA,2020,7477
4120705,PR,Quatiguá,QUATIGUA,2021,7504
4120804,PR,Quatro Barras,QUATRO BARRAS,2013,21417
4120804,PR,Quatro Barras,QUATRO BARRAS,2014,21738
4120804,PR,Quatro Barras,QUATRO BARRAS,2015,22048
4120804,PR,Quatro Barras,QUATRO BARRAS,2016,22353
4120804,PR,Quatro Barras,QUATRO BARRAS,2017,22651
4120804,PR,Quatro Barras,QUATRO BARRAS,2018,23199
4120804,PR,Quatro Barras,QUATRO BARRAS,2019,23559
4120804,PR,Quatro Barras,QUATRO BARRAS,2020,23911
4120804,PR,Quatro Barras,QUATRO BARRAS,2021,24253
4120853,PR,Quatro Pontes,QUATRO PONTES,2013,3963
4120853,PR,Quatro Pontes,QUATRO PONTES,2014,3981
4120853,PR,Quatro Pontes,QUATRO PONTES,2015,3998
4120853,PR,Quatro Pontes,QUATRO PONTES,2016,4014
4120853,PR,Quatro Pontes,QUATRO PONTES,2017,4031
4120853,PR,Quatro Pontes,QUATRO PONTES,2018,4000
4120853,PR,Quatro Pontes,QUATRO PONTES,2019,4015
4120853,PR,Quatro Pontes,QUATRO PONTES,2020,4029
4120853,PR,Quatro Pontes,QUATRO PONTES,2021,4043
4120903,PR,Quedas do Iguaçu,QUEDAS DO IGUACU,2013,32393
4120903,PR,Quedas do Iguaçu,QUEDAS DO IGUACU,2014,32693
4120903,PR,Quedas do Iguaçu,QUEDAS DO IGUACU,2015,32982
4120903,PR,Quedas do Iguaçu,QUEDAS DO IGUACU,2016,33265
4120903,PR,Quedas do Iguaçu,QUEDAS DO IGUACU,2017,33543
4120903,PR,Quedas do Iguaçu,QUEDAS DO IGUACU,2018,33788
4120903,PR,Quedas do Iguaçu,QUEDAS DO IGUACU,2019,34103
4120903,PR,Quedas do Iguaçu,QUEDAS DO IGUACU,2020,34409
4120903,PR,Quedas do Iguaçu,QUEDAS DO IGUACU,2021,34707
4121000,PR,Querência do Norte,QUERENCIA DO NORTE,2013,12171
4121000,PR,Querência do Norte,QUERENCIA DO NORTE,2014,12210
4121000,PR,Querência do Norte,QUERENCIA DO NORTE,2015,12247
4121000,PR,Querência do Norte,QUERENCIA DO NORTE,2016,12284
4121000,PR,Querência do Norte,QUERENCIA DO NORTE,2017,12320
4121000,PR,Querência do Norte,QUERENCIA DO NORTE,2018,12180
4121000,PR,Querência do Norte,QUERENCIA DO NORTE,2019,12206
4121000,PR,Querência do Norte,QUERENCIA DO NORTE,2020,12232
4121000,PR,Querência do Norte,QUERENCIA DO NORTE,2021,12257
4121109,PR,Quinta do Sol,QUINTA DO SOL,2013,5077
4121109,PR,Quinta do Sol,QUINTA DO SOL,2014,5030
4121109,PR,Quinta do Sol,QUINTA DO SOL,2015,4985
4121109,PR,Quinta do Sol,QUINTA DO SOL,2016,4941
4121109,PR,Quinta do Sol,QUINTA DO SOL,2017,4897
4121109,PR,Quinta do Sol,QUINTA DO SOL,2018,4640
4121109,PR,Quinta do Sol,QUINTA DO SOL,2019,4573
4121109,PR,Quinta do Sol,QUINTA DO SOL,2020,4508
4121109,PR,Quinta do Sol,QUINTA DO SOL,2021,4444
4121208,PR,Quitandinha,QUITANDINHA,2013,18089
4121208,PR,Quitandinha,QUITANDINHA,2014,18257
4121208,PR,Quitandinha,QUITANDINHA,2015,18419
4121208,PR,Quitandinha,QUITANDINHA,2016,18578
4121208,PR,Quitandinha,QUITANDINHA,2017,18733
4121208,PR,Quitandinha,QUITANDINHA,2018,18873
4121208,PR,Quitandinha,QUITANDINHA,2019,19049
4121208,PR,Quitandinha,QUITANDINHA,2020,19221
4121208,PR,Quitandinha,QUITANDINHA,2021,19388
4121257,PR,Ramilândia,RAMILANDIA,2013,4332
4121257,PR,Ramilândia,RAMILANDIA,2014,4359
4121257,PR,Ramilândia,RAMILANDIA,2015,4385
4121257,PR,Ramilândia,RAMILANDIA,2016,4410
4121257,PR,Ramilândia,RAMILANDIA,2017,4435
4121257,PR,Ramilândia,RAMILANDIA,2018,4426
4121257,PR,Ramilândia,RAMILANDIA,2019,4451
4121257,PR,Ramilândia,RAMILANDIA,2020,4476
4121257,PR,Ramilândia,RAMILANDIA,2021,4500
4121307,PR,Rancho Alegre,RANCHO ALEGRE,2013,4018
4121307,PR,Rancho Alegre,RANCHO ALEGRE,2014,4004
4121307,PR,Rancho Alegre,RANCHO ALEGRE,2015,3990
4121307,PR,Rancho Alegre,RANCHO ALEGRE,2016,3977
4121307,PR,Rancho Alegre,RANCHO ALEGRE,2017,3963
4121307,PR,Rancho Alegre,RANCHO ALEGRE,2018,3832
4121307,PR,Rancho Alegre,RANCHO ALEGRE,2019,3808
4121307,PR,Rancho Alegre,RANCHO ALEGRE,2020,3784
4121307,PR,Rancho Alegre,RANCHO ALEGRE,2021,3760
4121356,PR,Rancho Alegre D'Oeste,RANCHO ALEGRE D OESTE,2013,2868
4121356,PR,Rancho Alegre D'Oeste,RANCHO ALEGRE D OESTE,2014,2850
4121356,PR,Rancho Alegre D'Oeste,RANCHO ALEGRE D OESTE,2015,2833
4121356,PR,Rancho Alegre D'Oeste,RANCHO ALEGRE D OESTE,2016,2816
4121356,PR,Rancho Alegre D'Oeste,RANCHO ALEGRE D OESTE,2017,2800
4121356,PR,Rancho Alegre D'Oeste,RANCHO ALEGRE D OESTE,2018,2682
4121356,PR,Rancho Alegre D'Oeste,RANCHO ALEGRE D OESTE,2019,2655
4121356,PR,Rancho Alegre D'Oeste,RANCHO ALEGRE D OESTE,2020,2628
4121356,PR,Rancho Alegre D'Oeste,RANCHO ALEGRE D OESTE,2021,2602
4121406,PR,Realeza,REALEZA,2013,16932
4121406,PR,Realeza,REALEZA,2014,16978
4121406,PR,Realeza,REALEZA,2015,17023
4121406,PR,Realeza,REALEZA,2016,17068
4121406,PR,Realeza,REALEZA,2017,17111
4121406,PR,Realeza,REALEZA,2018,16894
4121406,PR,Realeza,REALEZA,2019,16922
4121406,PR,Realeza,REALEZA,2020,16950
4121406,PR,Realeza,REALEZA,2021,16976
4121505,PR,Rebouças,REBOUCAS,2013,14752
4121505,PR,Rebouças,REBOUCAS,2014,14812
4121505,PR,Rebouças,REBOUCAS,2015,14869
4121505,PR,Rebouças,REBOUCAS,2016,14926
4121505,PR,Rebouças,REBOUCAS,2017,14981
4121505,PR,Rebouças,REBOUCAS,2018,14851
4121505,PR,Rebouças,REBOUCAS,2019,14899
4121505,PR,Rebouças,REBOUCAS,2020,14946
4121505,PR,Rebouças,REBOUCAS,2021,14991
4121604,PR,Renascença,RENASCENCA,2013,6989
4121604,PR,Renascença,RENASCENCA,2014,6986
4121604,PR,Renascença,RENASCENCA,2015,6984
4121604,PR,Renascença,RENASCENCA,2016,6981
4121604,PR,Renascença,RENASCENCA,2017,6979
4121604,PR,Renascença,RENASCENCA,2018,6818
4121604,PR,Renascença,RENASCENCA,2019,6802
4121604,PR,Renascença,RENASCENCA,2020,6787
4121604,PR,Renascença,RENASCENCA,2021,6772
4121703,PR,Reserva,RESERVA,2013,26268
4121703,PR,Reserva,RESERVA,2014,26397
4121703,PR,Reserva,RESERVA,2015,26522
4121703,PR,Reserva,RESERVA,2016,26643
4121703,PR,Reserva,RESERVA,2017,26763
4121703,PR,Reserva,RESERVA,2018,26602
4121703,PR,Reserva,RESERVA,2019,26715
4121703,PR,Reserva,RESERVA,2020,26825
4121703,PR,Reserva,RESERVA,2021,26933
4121752,PR,Reserva do Iguaçu,RESERVA DO IGUACU,2013,7697
4121752,PR,Reserva do Iguaçu,RESERVA DO IGUACU,2014,7757
4121752,PR,Reserva do Iguaçu,RESERVA DO IGUACU,2015,7815
4121752,PR,Reserva do Iguaçu,RESERVA DO IGUACU,2016,7872
4121752,PR,Reserva do Iguaçu,RESERVA DO IGUACU,2017,7927
4121752,PR,Reserva do Iguaçu,RESERVA DO IGUACU,2018,7950
4121752,PR,Reserva do Iguaçu,RESERVA DO IGUACU,2019,8010
4121752,PR,Reserva do Iguaçu,RESERVA DO IGUACU,2020,8069
4121752,PR,Reserva do Iguaçu,RESERVA DO IGUACU,2021,8127
4121802,PR,Ribeirão Claro,RIBEIRAO CLARO,2013,10956
4121802,PR,Ribeirão Claro,RIBEIRAO CLARO,2014,10952
4121802,PR,Ribeirão Claro,RIBEIRAO CLARO,2015,10949
4121802,PR,Ribeirão Claro,RIBEIRAO CLARO,2016,10945
4121802,PR,Ribeirão Claro,RIBEIRAO CLARO,2017,10941
4121802,PR,Ribeirão Claro,RIBEIRAO CLARO,2018,10693
4121802,PR,Ribeirão Claro,RIBEIRAO CLARO,2019,10668
4121802,PR,Ribeirão Claro,RIBEIRAO CLARO,2020,10645
4121802,PR,Ribeirão Claro,RIBEIRAO CLARO,2021,10622
4121901,PR,Ribeirão do Pinhal,RIBEIRAO DO PINHAL,2013,13740
4121901,PR,Ribeirão do Pinhal,RIBEIRAO DO PINHAL,2014,13692
4121901,PR,Ribeirão do Pinhal,RIBEIRAO DO PINHAL,2015,13646
4121901,PR,Ribeirão do Pinhal,RIBEIRAO DO PINHAL,2016,13601
4121901,PR,Ribeirão do Pinhal,RIBEIRAO DO PINHAL,2017,13557
4121901,PR,Ribeirão do Pinhal,RIBEIRAO DO PINHAL,2018,13112
4121901,PR,Ribeirão do Pinhal,RIBEIRAO DO PINHAL,2019,13029
4121901,PR,Ribeirão do Pinhal,RIBEIRAO DO PINHAL,2020,12948
4121901,PR,Ribeirão do Pinhal,RIBEIRAO DO PINHAL,2021,12869
4122008,PR,Rio Azul,RIO AZUL,2013,14809
4122008,PR,Rio Azul,RIO AZUL,2014,14913
4122008,PR,Rio Azul,RIO AZUL,2015,15014
4122008,PR,Rio Azul,RIO AZUL,2016,15112
4122008,PR,Rio Azul,RIO AZUL,2017,15125
4122008,PR,Rio Azul,RIO AZUL,2018,15134
4122008,PR,Rio Azul,RIO AZUL,2019,15236
4122008,PR,Rio Azul,RIO AZUL,2020,15336
4122008,PR,Rio Azul,RIO AZUL,2021,15433
4122107,PR,Rio Bom,RIO BOM,2013,3385
4122107,PR,Rio Bom,RIO BOM,2014,3372
4122107,PR,Rio Bom,RIO BOM,2015,3360
4122107,PR,Rio Bom,RIO BOM,2016,3348
4122107,PR,Rio Bom,RIO BOM,2017,3337
4122107,PR,Rio Bom,RIO BOM,2018,3225
4122107,PR,Rio Bom,RIO BOM,2019,3203
4122107,PR,Rio Bom,RIO BOM,2020,3182
4122107,PR,Rio Bom,RIO BOM,2021,3162
4122156,PR,Rio Bonito do Iguaçu,RIO BONITO DO IGUACU,2013,13524
4122156,PR,Rio Bonito do Iguaçu,RIO BONITO DO IGUACU,2014,13532
4122156,PR,Rio Bonito do Iguaçu,RIO BONITO DO IGUACU,2015,13538
4122156,PR,Rio Bonito do Iguaçu,RIO BONITO DO IGUACU,2016,13545
4122156,PR,Rio Bonito do Iguaçu,RIO BONITO DO IGUACU,2017,13552
4122156,PR,Rio Bonito do Iguaçu,RIO BONITO DO IGUACU,2018,13283
4122156,PR,Rio Bonito do Iguaçu,RIO BONITO DO IGUACU,2019,13269
4122156,PR,Rio Bonito do Iguaçu,RIO BONITO DO IGUACU,2020,13255
4122156,PR,Rio Bonito do Iguaçu,RIO BONITO DO IGUACU,2021,13240
4122172,PR,Rio Branco do Ivaí,RIO BRANCO DO IVAI,2013,4056
4122172,PR,Rio Branco do Ivaí,RIO BRANCO DO IVAI,2014,4072
4122172,PR,Rio Branco do Ivaí,RIO BRANCO DO IVAI,2015,4088
4122172,PR,Rio Branco do Ivaí,RIO BRANCO DO IVAI,2016,4104
4122172,PR,Rio Branco do Ivaí,RIO BRANCO DO IVAI,2017,4119
4122172,PR,Rio Branco do Ivaí,RIO BRANCO DO IVAI,2018,4083
4122172,PR,Rio Branco do Ivaí,RIO BRANCO DO IVAI,2019,4096
4122172,PR,Rio Branco do Ivaí,RIO BRANCO DO IVAI,2020,4109
4122172,PR,Rio Branco do Ivaí,RIO BRANCO DO IVAI,2021,4121
4122206,PR,Rio Branco do Sul,RIO BRANCO DO SUL,2013,31947
4122206,PR,Rio Branco do Sul,RIO BRANCO DO SUL,2014,32092
4122206,PR,Rio Branco do Sul,RIO BRANCO DO SUL,2015,32232
4122206,PR,Rio Branco do Sul,RIO BRANCO DO SUL,2016,32369
4122206,PR,Rio Branco do Sul,RIO BRANCO DO SUL,2017,32504
4122206,PR,Rio Branco do Sul,RIO BRANCO DO SUL,2018,32273
4122206,PR,Rio Branco do Sul,RIO BRANCO DO SUL,2019,32397
4122206,PR,Rio Branco do Sul,RIO BRANCO DO SUL,2020,32517
4122206,PR,Rio Branco do Sul,RIO BRANCO DO SUL,2021,32635
4122305,PR,Rio Negro,RIO NEGRO,2013,32911
4122305,PR,Rio Negro,RIO NEGRO,2014,33157
4122305,PR,Rio Negro,RIO NEGRO,2015,33395
4122305,PR,Rio Negro,RIO NEGRO,2016,33628
4122305,PR,Rio Negro,RIO NEGRO,2017,33857
4122305,PR,Rio Negro,RIO NEGRO,2018,33922
4122305,PR,Rio Negro,RIO NEGRO,2019,34170
4122305,PR,Rio Negro,RIO NEGRO,2020,34411
4122305,PR,Rio Negro,RIO NEGRO,2021,34645
4122404,PR,Rolândia,ROLANDIA,2013,61837
4122404,PR,Rolândia,ROLANDIA,2014,62590
4122404,PR,Rolândia,ROLANDIA,2015,63316
4122404,PR,Rolândia,ROLANDIA,2016,64028
4122404,PR,Rolândia,ROLANDIA,2017,64726
4122404,PR,Rolândia,ROLANDIA,2018,65757
4122404,PR,Rolândia,ROLANDIA,2019,66580
4122404,PR,Rolândia,ROLANDIA,2020,67383
4122404,PR,Rolândia,ROLANDIA,2021,68165
4122503,PR,Roncador,RONCADOR,2013,11365
4122503,PR,Roncador,RONCADOR,2014,11212
4122503,PR,Roncador,RONCADOR,2015,11065
4122503,PR,Roncador,RONCADOR,2016,10921
4122503,PR,Roncador,RONCADOR,2017,10779
4122503,PR,Roncador,RONCADOR,2018,10058
4122503,PR,Roncador,RONCADOR,2019,9849
4122503,PR,Roncador,RONCADOR,2020,9645
4122503,PR,Roncador,RONCADOR,2021,9447
4122602,PR,Rondon,RONDON,2013,9391
4122602,PR,Rondon,RONDON,2014,9441
4122602,PR,Rondon,RONDON,2015,9488
4122602,PR,Rondon,RONDON,2016,9535
4122602,PR,Rondon,RONDON,2017,9581
4122602,PR,Rondon,RONDON,2018,9534
4122602,PR,Rondon,RONDON,2019,9579
4122602,PR,Rondon,RONDON,2020,9622
4122602,PR,Rondon,RONDON,2021,9664
4122651,PR,Rosário do Ivaí,ROSARIO DO IVAI,2013,5509
4122651,PR,Rosário do Ivaí,ROSARIO DO IVAI,2014,5437
4122651,PR,Rosário do Ivaí,ROSARIO DO IVAI,2015,5367
4122651,PR,Rosário do Ivaí,ROSARIO DO IVAI,2016,5298
4122651,PR,Rosário do Ivaí,ROSARIO DO IVAI,2017,5231
4122651,PR,Rosário do Ivaí,ROSARIO DO IVAI,2018,4886
4122651,PR,Rosário do Ivaí,ROSARIO DO IVAI,2019,4786
4122651,PR,Rosário do Ivaí,ROSARIO DO IVAI,2020,4689
4122651,PR,Rosário do Ivaí,ROSARIO DO IVAI,2021,4595
4122701,PR,Sabáudia,SABAUDIA,2013,6462
4122701,PR,Sabáudia,SABAUDIA,2014,6524
4122701,PR,Sabáudia,SABAUDIA,2015,6585
4122701,PR,Sabáudia,SABAUDIA,2016,6644
4122701,PR,Sabáudia,SABAUDIA,2017,6702
4122701,PR,Sabáudia,SABAUDIA,2018,6760
4122701,PR,Sabáudia,SABAUDIA,2019,6827
4122701,PR,Sabáudia,SABAUDIA,2020,6891
4122701,PR,Sabáudia,SABAUDIA,2021,6954
4122800,PR,Salgado Filho,SALGADO FILHO,2013,4287
4122800,PR,Salgado Filho,SALGADO FILHO,2014,4213
4122800,PR,Salgado Filho,SALGADO FILHO,2015,4142
4122800,PR,Salgado Filho,SALGADO FILHO,2016,4072
4122800,PR,Salgado Filho,SALGADO FILHO,2017,4003
4122800,PR,Salgado Filho,SALGADO FILHO,2018,3679
4122800,PR,Salgado Filho,SALGADO FILHO,2019,3580
4122800,PR,Salgado Filho,SALGADO FILHO,2020,3483
4122800,PR,Salgado Filho,SALGADO FILHO,2021,3389
4122909,PR,Salto do Itararé,SALTO DO ITARARE,2013,5246
4122909,PR,Salto do Itararé,SALTO DO ITARARE,2014,5223
4122909,PR,Salto do Itararé,SALTO DO ITARARE,2015,5201
4122909,PR,Salto do Itararé,SALTO DO ITARARE,2016,5179
4122909,PR,Salto do Itararé,SALTO DO ITARARE,2017,5158
4122909,PR,Salto do Itararé,SALTO DO ITARARE,2018,4973
4122909,PR,Salto do Itararé,SALTO DO ITARARE,2019,4935
4122909,PR,Salto do Itararé,SALTO DO ITARARE,2020,4898
4122909,PR,Salto do Itararé,SALTO DO ITARARE,2021,4862
4123006,PR,Salto do Lontra,SALTO DO LONTRA,2013,14357
4123006,PR,Salto do Lontra,SALTO DO LONTRA,2014,14450
4123006,PR,Salto do Lontra,SALTO DO LONTRA,2015,14539
4123006,PR,Salto do Lontra,SALTO DO LONTRA,2016,14627
4123006,PR,Salto do Lontra,SALTO DO LONTRA,2017,14713
4123006,PR,Salto do Lontra,SALTO DO LONTRA,2018,14695
4123006,PR,Salto do Lontra,SALTO DO LONTRA,2019,14785
4123006,PR,Salto do Lontra,SALTO DO LONTRA,2020,14872
4123006,PR,Salto do Lontra,SALTO DO LONTRA,2021,14957
4123105,PR,Santa Amélia,SANTA AMELIA,2013,3769
4123105,PR,Santa Amélia,SANTA AMELIA,2014,3726
4123105,PR,Santa Amélia,SANTA AMELIA,2015,3684
4123105,PR,Santa Amélia,SANTA AMELIA,2016,3643
4123105,PR,Santa Amélia,SANTA AMELIA,2017,3603
4123105,PR,Santa Amélia,SANTA AMELIA,2018,3385
4123105,PR,Santa Amélia,SANTA AMELIA,2019,3324
4123105,PR,Santa Amélia,SANTA AMELIA,2020,3266
4123105,PR,Santa Amélia,SANTA AMELIA,2021,3208
4123204,PR,Santa Cecília do Pavão,SANTA CECILIA DO PAVAO,2013,3654
4123204,PR,Santa Cecília do Pavão,SANTA CECILIA DO PAVAO,2014,3625
4123204,PR,Santa Cecília do Pavão,SANTA CECILIA DO PAVAO,2015,3597
4123204,PR,Santa Cecília do Pavão,SANTA CECILIA DO PAVAO,2016,3570
4123204,PR,Santa Cecília do Pavão,SANTA CECILIA DO PAVAO,2017,3544
4123204,PR,Santa Cecília do Pavão,SANTA CECILIA DO PAVAO,2018,3376
4123204,PR,Santa Cecília do Pavão,SANTA CECILIA DO PAVAO,2019,3334
4123204,PR,Santa Cecília do Pavão,SANTA CECILIA DO PAVAO,2020,3293
4123204,PR,Santa Cecília do Pavão,SANTA CECILIA DO PAVAO,2021,3253
4123303,PR,Santa Cruz de Monte Castelo,SANTA CRUZ DE MONTE CASTELO,2013,8222
4123303,PR,Santa Cruz de Monte Castelo,SANTA CRUZ DE MONTE CASTELO,2014,8194
4123303,PR,Santa Cruz de Monte Castelo,SANTA CRUZ DE MONTE CASTELO,2015,8166
4123303,PR,Santa Cruz de Monte Castelo,SANTA CRUZ DE MONTE CASTELO,2016,8140
4123303,PR,Santa Cruz de Monte Castelo,SANTA CRUZ DE MONTE CASTELO,2017,8113
4123303,PR,Santa Cruz de Monte Castelo,SANTA CRUZ DE MONTE CASTELO,2018,7849
4123303,PR,Santa Cruz de Monte Castelo,SANTA CRUZ DE MONTE CASTELO,2019,7800
4123303,PR,Santa Cruz de Monte Castelo,SANTA CRUZ DE MONTE CASTELO,2020,7751
4123303,PR,Santa Cruz de Monte Castelo,SANTA CRUZ DE MONTE CASTELO,2021,7705
4123402,PR,Santa Fé,SANTA FE,2013,11158
4123402,PR,Santa Fé,SANTA FE,2014,11297
4123402,PR,Santa Fé,SANTA FE,2015,11431
4123402,PR,Santa Fé,SANTA FE,2016,11562
4123402,PR,Santa Fé,SANTA FE,2017,11691
4123402,PR,Santa Fé,SANTA FE,2018,11885
4123402,PR,Santa Fé,SANTA FE,2019,12037
4123402,PR,Santa Fé,SANTA FE,2020,12186
4123402,PR,Santa Fé,SANTA FE,2021,12330
4123501,PR,Santa Helena,SANTA HELENA,2013,24895
4123501,PR,Santa Helena,SANTA HELENA,2014,25159
4123501,PR,Santa Helena,SANTA HELENA,2015,25415
4123501,PR,Santa Helena,SANTA HELENA,2016,25665
4123501,PR,Santa Helena,SANTA HELENA,2017,25911
4123501,PR,Santa Helena,SANTA HELENA,2018,26206
4123501,PR,Santa Helena,SANTA HELENA,2019,26490
4123501,PR,Santa Helena,SANTA HELENA,2020,26767
4123501,PR,Santa Helena,SANTA HELENA,2021,27036
4123600,PR,Santa Inês,SANTA INES,2013,1804
4123600,PR,Santa Inês,SANTA INES,2014,1784
4123600,PR,Santa Inês,SANTA INES,2015,1765
4123600,PR,Santa Inês,SANTA INES,2016,1746
4123600,PR,Santa Inês,SANTA INES,2017,1727
4123600,PR,Santa Inês,SANTA INES,2018,1624
4123600,PR,Santa Inês,SANTA INES,2019,1596
4123600,PR,Santa Inês,SANTA INES,2020,1594
4123600,PR,Santa Inês,SANTA INES,2021,1568
4123709,PR,Santa Isabel do Ivaí,SANTA ISABEL DO IVAI,2013,8935
4123709,PR,Santa Isabel do Ivaí,SANTA ISABEL DO IVAI,2014,8915
4123709,PR,Santa Isabel do Ivaí,SANTA ISABEL DO IVAI,2015,8896
4123709,PR,Santa Isabel do Ivaí,SANTA ISABEL DO IVAI,2016,8877
4123709,PR,Santa Isabel do Ivaí,SANTA ISABEL DO IVAI,2017,8858
4123709,PR,Santa Isabel do Ivaí,SANTA ISABEL DO IVAI,2018,8603
4123709,PR,Santa Isabel do Ivaí,SANTA ISABEL DO IVAI,2019,8562
4123709,PR,Santa Isabel do Ivaí,SANTA ISABEL DO IVAI,2020,8523
4123709,PR,Santa Isabel do Ivaí,SANTA ISABEL DO IVAI,2021,8484
4123808,PR,Santa Izabel do Oeste,SANTA IZABEL DO OESTE,2013,13908
4123808,PR,Santa Izabel do Oeste,SANTA IZABEL DO OESTE,2014,14039
4123808,PR,Santa Izabel do Oeste,SANTA IZABEL DO OESTE,2015,14165
4123808,PR,Santa Izabel do Oeste,SANTA IZABEL DO OESTE,2016,14289
4123808,PR,Santa Izabel do Oeste,SANTA IZABEL DO OESTE,2017,14411
4123808,PR,Santa Izabel do Oeste,SANTA IZABEL DO OESTE,2018,14521
4123808,PR,Santa Izabel do Oeste,SANTA IZABEL DO OESTE,2019,14659
4123808,PR,Santa Izabel do Oeste,SANTA IZABEL DO OESTE,2020,14794
4123808,PR,Santa Izabel do Oeste,SANTA IZABEL DO OESTE,2021,14924
4123824,PR,Santa Lúcia,SANTA LUCIA,2013,3997
4123824,PR,Santa Lúcia,SANTA LUCIA,2014,3986
4123824,PR,Santa Lúcia,SANTA LUCIA,2015,3976
4123824,PR,Santa Lúcia,SANTA LUCIA,2016,3965
4123824,PR,Santa Lúcia,SANTA LUCIA,2017,3955
4123824,PR,Santa Lúcia,SANTA LUCIA,2018,3834
4123824,PR,Santa Lúcia,SANTA LUCIA,2019,3813
4123824,PR,Santa Lúcia,SANTA LUCIA,2020,3793
4123824,PR,Santa Lúcia,SANTA LUCIA,2021,3795
4123857,PR,Santa Maria do Oeste,SANTA MARIA DO OESTE,2013,11315
4123857,PR,Santa Maria do Oeste,SANTA MARIA DO OESTE,2014,11159
4123857,PR,Santa Maria do Oeste,SANTA MARIA DO OESTE,2015,11009
4123857,PR,Santa Maria do Oeste,SANTA MARIA DO OESTE,2016,10861
4123857,PR,Santa Maria do Oeste,SANTA MARIA DO OESTE,2017,10716
4123857,PR,Santa Maria do Oeste,SANTA MARIA DO OESTE,2018,9824
4123857,PR,Santa Maria do Oeste,SANTA MARIA DO OESTE,2019,9615
4123857,PR,Santa Maria do Oeste,SANTA MARIA DO OESTE,2020,9410
4123857,PR,Santa Maria do Oeste,SANTA MARIA DO OESTE,2021,9210
4123907,PR,Santa Mariana,SANTA MARIANA,2013,12562
4123907,PR,Santa Mariana,SANTA MARIANA,2014,12496
4123907,PR,Santa Mariana,SANTA MARIANA,2015,12432
4123907,PR,Santa Mariana,SANTA MARIANA,2016,12369
4123907,PR,Santa Mariana,SANTA MARIANA,2017,12307
4123907,PR,Santa Mariana,SANTA MARIANA,2018,11829
4123907,PR,Santa Mariana,SANTA MARIANA,2019,11724
4123907,PR,Santa Mariana,SANTA MARIANA,2020,11622
4123907,PR,Santa Mariana,SANTA MARIANA,2021,11523
4123956,PR,Santa Mônica,SANTA MONICA,2013,3780
4123956,PR,Santa Mônica,SANTA MONICA,2014,3815
4123956,PR,Santa Mônica,SANTA MONICA,2015,3849
4123956,PR,Santa Mônica,SANTA MONICA,2016,3882
4123956,PR,Santa Mônica,SANTA MONICA,2017,3915
4123956,PR,Santa Mônica,SANTA MONICA,2018,3944
4123956,PR,Santa Mônica,SANTA MONICA,2019,3981
4123956,PR,Santa Mônica,SANTA MONICA,2020,4017
4123956,PR,Santa Mônica,SANTA MONICA,2021,4052
4124020,PR,Santa Tereza do Oeste,SANTA TEREZA DO OESTE,2013,10548
4124020,PR,Santa Tereza do Oeste,SANTA TEREZA DO OESTE,2014,10528
4124020,PR,Santa Tereza do Oeste,SANTA TEREZA DO OESTE,2015,10509
4124020,PR,Santa Tereza do Oeste,SANTA TEREZA DO OESTE,2016,10489
4124020,PR,Santa Tereza do Oeste,SANTA TEREZA DO OESTE,2017,10471
4124020,PR,Santa Tereza do Oeste,SANTA TEREZA DO OESTE,2018,10182
4124020,PR,Santa Tereza do Oeste,SANTA TEREZA DO OESTE,2019,10139
4124020,PR,Santa Tereza do Oeste,SANTA TEREZA DO OESTE,2020,10096
4124020,PR,Santa Tereza do Oeste,SANTA TEREZA DO OESTE,2021,10055
4124053,PR,Santa Terezinha de Itaipu,SANTA TEREZINHA DE ITAIPU,2013,22127
4124053,PR,Santa Terezinha de Itaipu,SANTA TEREZINHA DE ITAIPU,2014,22353
4124053,PR,Santa Terezinha de Itaipu,SANTA TEREZINHA DE ITAIPU,2015,22570
4124053,PR,Santa Terezinha de Itaipu,SANTA TEREZINHA DE ITAIPU,2016,22783
4124053,PR,Santa Terezinha de Itaipu,SANTA TEREZINHA DE ITAIPU,2017,22992
4124053,PR,Santa Terezinha de Itaipu,SANTA TEREZINHA DE ITAIPU,2018,23224
4124053,PR,Santa Terezinha de Itaipu,SANTA TEREZINHA DE ITAIPU,2019,23465
4124053,PR,Santa Terezinha de Itaipu,SANTA TEREZINHA DE ITAIPU,2020,23699
4124053,PR,Santa Terezinha de Itaipu,SANTA TEREZINHA DE ITAIPU,2021,23927
4124004,PR,Santana do Itararé,SANTANA DO ITARARE,2013,5315
4124004,PR,Santana do Itararé,SANTANA DO ITARARE,2014,5291
4124004,PR,Santana do Itararé,SANTANA DO ITARARE,2015,5267
4124004,PR,Santana do Itararé,SANTANA DO ITARARE,2016,5244
4124004,PR,Santana do Itararé,SANTANA DO ITARARE,2017,5222
4124004,PR,Santana do Itararé,SANTANA DO ITARARE,2018,5031
4124004,PR,Santana do Itararé,SANTANA DO ITARARE,2019,4992
4124004,PR,Santana do Itararé,SANTANA DO ITARARE,2020,4954
4124004,PR,Santana do Itararé,SANTANA DO ITARARE,2021,4916
4124103,PR,Santo Antônio da Platina,SANTO ANTONIO DA PLATINA,2013,44754
4124103,PR,Santo Antônio da Platina,SANTO ANTONIO DA PLATINA,2014,45031
4124103,PR,Santo Antônio da Platina,SANTO ANTONIO DA PLATINA,2015,45299
4124103,PR,Santo Antônio da Platina,SANTO ANTONIO DA PLATINA,2016,45562
4124103,PR,Santo Antônio da Platina,SANTO ANTONIO DA PLATINA,2017,45819
4124103,PR,Santo Antônio da Platina,SANTO ANTONIO DA PLATINA,2018,45728
4124103,PR,Santo Antônio da Platina,SANTO ANTONIO DA PLATINA,2019,45993
4124103,PR,Santo Antônio da Platina,SANTO ANTONIO DA PLATINA,2020,46251
4124103,PR,Santo Antônio da Platina,SANTO ANTONIO DA PLATINA,2021,46503
4124202,PR,Santo Antônio do Caiuá,SANTO ANTONIO DO CAIUA,2013,2774
4124202,PR,Santo Antônio do Caiuá,SANTO ANTONIO DO CAIUA,2014,2765
4124202,PR,Santo Antônio do Caiuá,SANTO ANTONIO DO CAIUA,2015,2757
4124202,PR,Santo Antônio do Caiuá,SANTO ANTONIO DO CAIUA,2016,2749
4124202,PR,Santo Antônio do Caiuá,SANTO ANTONIO DO CAIUA,2017,2741
4124202,PR,Santo Antônio do Caiuá,SANTO ANTONIO DO CAIUA,2018,2656
4124202,PR,Santo Antônio do Caiuá,SANTO ANTONIO DO CAIUA,2019,2641
4124202,PR,Santo Antônio do Caiuá,SANTO ANTONIO DO CAIUA,2020,2626
4124202,PR,Santo Antônio do Caiuá,SANTO ANTONIO DO CAIUA,2021,2611
4124301,PR,Santo Antônio do Paraíso,SANTO ANTONIO DO PARAISO,2013,2387
4124301,PR,Santo Antônio do Paraíso,SANTO ANTONIO DO PARAISO,2014,2359
4124301,PR,Santo Antônio do Paraíso,SANTO ANTONIO DO PARAISO,2015,2333
4124301,PR,Santo Antônio do Paraíso,SANTO ANTONIO DO PARAISO,2016,2307
4124301,PR,Santo Antônio do Paraíso,SANTO ANTONIO DO PARAISO,2017,2281
4124301,PR,Santo Antônio do Paraíso,SANTO ANTONIO DO PARAISO,2018,2144
4124301,PR,Santo Antônio do Paraíso,SANTO ANTONIO DO PARAISO,2019,2106
4124301,PR,Santo Antônio do Paraíso,SANTO ANTONIO DO PARAISO,2020,2068
4124301,PR,Santo Antônio do Paraíso,SANTO ANTONIO DO PARAISO,2021,2032
4124400,PR,Santo Antônio do Sudoeste,SANTO ANTONIO DO SUDOESTE,2013,19748
4124400,PR,Santo Antônio do Sudoeste,SANTO ANTONIO DO SUDOESTE,2014,19855
4124400,PR,Santo Antônio do Sudoeste,SANTO ANTONIO DO SUDOESTE,2015,19958
4124400,PR,Santo Antônio do Sudoeste,SANTO ANTONIO DO SUDOESTE,2016,20059
4124400,PR,Santo Antônio do Sudoeste,SANTO ANTONIO DO SUDOESTE,2017,20158
4124400,PR,Santo Antônio do Sudoeste,SANTO ANTONIO DO SUDOESTE,2018,20069
4124400,PR,Santo Antônio do Sudoeste,SANTO ANTONIO DO SUDOESTE,2019,20166
4124400,PR,Santo Antônio do Sudoeste,SANTO ANTONIO DO SUDOESTE,2020,20261
4124400,PR,Santo Antônio do Sudoeste,SANTO ANTONIO DO SUDOESTE,2021,20354
4124509,PR,Santo Inácio,SANTO INACIO,2013,5455
4124509,PR,Santo Inácio,SANTO INACIO,2014,5468
4124509,PR,Santo Inácio,SANTO INACIO,2015,5481
4124509,PR,Santo Inácio,SANTO INACIO,2016,5494
4124509,PR,Santo Inácio,SANTO INACIO,2017,5506
4124509,PR,Santo Inácio,SANTO INACIO,2018,5431
4124509,PR,Santo Inácio,SANTO INACIO,2019,5438
4124509,PR,Santo Inácio,SANTO INACIO,2020,5416
4124509,PR,Santo Inácio,SANTO INACIO,2021,5422
4124608,PR,São Carlos do Ivaí,SAO CARLOS DO IVAI,2013,6668
4124608,PR,São Carlos do Ivaí,SAO CARLOS DO IVAI,2014,6713
4124608,PR,São Carlos do Ivaí,SAO CARLOS DO IVAI,2015,6756
4124608,PR,São Carlos do Ivaí,SAO CARLOS DO IVAI,2016,6797
4124608,PR,São Carlos do Ivaí,SAO CARLOS DO IVAI,2017,6839
4124608,PR,São Carlos do Ivaí,SAO CARLOS DO IVAI,2018,6834
4124608,PR,São Carlos do Ivaí,SAO CARLOS DO IVAI,2019,6878
4124608,PR,São Carlos do Ivaí,SAO CARLOS DO IVAI,2020,6920
4124608,PR,São Carlos do Ivaí,SAO CARLOS DO IVAI,2021,6961
4124707,PR,São Jerônimo da Serra,SAO JERONIMO DA SERRA,2013,11588
4124707,PR,São Jerônimo da Serra,SAO JERONIMO DA SERRA,2014,11570
4124707,PR,São Jerônimo da Serra,SAO JERONIMO DA SERRA,2015,11553
4124707,PR,São Jerônimo da Serra,SAO JERONIMO DA SERRA,2016,11535
4124707,PR,São Jerônimo da Serra,SAO JERONIMO DA SERRA,2017,11519
4124707,PR,São Jerônimo da Serra,SAO JERONIMO DA SERRA,2018,11213
4124707,PR,São Jerônimo da Serra,SAO JERONIMO DA SERRA,2019,11170
4124707,PR,São Jerônimo da Serra,SAO JERONIMO DA SERRA,2020,11128
4124707,PR,São Jerônimo da Serra,SAO JERONIMO DA SERRA,2021,11088
4124806,PR,São João,SAO JOAO,2013,10777
4124806,PR,São João,SAO JOAO,2014,10743
4124806,PR,São João,SAO JOAO,2015,10709
4124806,PR,São João,SAO JOAO,2016,10676
4124806,PR,São João,SAO JOAO,2017,10644
4124806,PR,São João,SAO JOAO,2018,10303
4124806,PR,São João,SAO JOAO,2019,10241
4124806,PR,São João,SAO JOAO,2020,10181
4124806,PR,São João,SAO JOAO,2021,10122
4124905,PR,São João do Caiuá,SAO JOAO DO CAIUA,2013,6051
4124905,PR,São João do Caiuá,SAO JOAO DO CAIUA,2014,6044
4124905,PR,São João do Caiuá,SAO JOAO DO CAIUA,2015,6038
4124905,PR,São João do Caiuá,SAO JOAO DO CAIUA,2016,6031
4124905,PR,São João do Caiuá,SAO JOAO DO CAIUA,2017,6025
4124905,PR,São João do Caiuá,SAO JOAO DO CAIUA,2018,5874
4124905,PR,São João do Caiuá,SAO JOAO DO CAIUA,2019,5855
4124905,PR,São João do Caiuá,SAO JOAO DO CAIUA,2020,5837
4124905,PR,São João do Caiuá,SAO JOAO DO CAIUA,2021,5819
4125001,PR,São João do Ivaí,SAO JOAO DO IVAI,2013,11461
4125001,PR,São João do Ivaí,SAO JOAO DO IVAI,2014,11342
4125001,PR,São João do Ivaí,SAO JOAO DO IVAI,2015,11228
4125001,PR,São João do Ivaí,SAO JOAO DO IVAI,2016,11115
4125001,PR,São João do Ivaí,SAO JOAO DO IVAI,2017,11005
4125001,PR,São João do Ivaí,SAO JOAO DO IVAI,2018,10386
4125001,PR,São João do Ivaí,SAO JOAO DO IVAI,2019,10219
4125001,PR,São João do Ivaí,SAO JOAO DO IVAI,2020,10056
4125001,PR,São João do Ivaí,SAO JOAO DO IVAI,2021,9897
4125100,PR,São João do Triunfo,SAO JOAO DO TRIUNFO,2013,14462
4125100,PR,São João do Triunfo,SAO JOAO DO TRIUNFO,2014,14583
4125100,PR,São João do Triunfo,SAO JOAO DO TRIUNFO,2015,14700
4125100,PR,São João do Triunfo,SAO JOAO DO TRIUNFO,2016,14815
4125100,PR,São João do Triunfo,SAO JOAO DO TRIUNFO,2017,14927
4125100,PR,São João do Triunfo,SAO JOAO DO TRIUNFO,2018,14996
4125100,PR,São João do Triunfo,SAO JOAO DO TRIUNFO,2019,15120
4125100,PR,São João do Triunfo,SAO JOAO DO TRIUNFO,2020,15241
4125100,PR,São João do Triunfo,SAO JOAO DO TRIUNFO,2021,15359
4125209,PR,São Jorge d'Oeste,SAO JORGE D OESTE,2013,9313
4125209,PR,São Jorge d'Oeste,SAO JORGE D OESTE,2014,9307
4125209,PR,São Jorge d'Oeste,SAO JORGE D OESTE,2015,9302
4125209,PR,São Jorge d'Oeste,SAO JORGE D OESTE,2016,9296
4125209,PR,São Jorge d'Oeste,SAO JORGE D OESTE,2017,9291
4125209,PR,São Jorge d'Oeste,SAO JORGE D OESTE,2018,9074
4125209,PR,São Jorge d'Oeste,SAO JORGE D OESTE,2019,9050
4125209,PR,São Jorge d'Oeste,SAO JORGE D OESTE,2020,9028
4125209,PR,São Jorge d'Oeste,SAO JORGE D OESTE,2021,9005
4125308,PR,São Jorge do Ivaí,SAO JORGE DO IVAI,2013,5671
4125308,PR,São Jorge do Ivaí,SAO JORGE DO IVAI,2014,5673
4125308,PR,São Jorge do Ivaí,SAO JORGE DO IVAI,2015,5674
4125308,PR,São Jorge do Ivaí,SAO JORGE DO IVAI,2016,5675
4125308,PR,São Jorge do Ivaí,SAO JORGE DO IVAI,2017,5676
4125308,PR,São Jorge do Ivaí,SAO JORGE DO IVAI,2018,5559
4125308,PR,São Jorge do Ivaí,SAO JORGE DO IVAI,2019,5551
4125308,PR,São Jorge do Ivaí,SAO JORGE DO IVAI,2020,5543
4125308,PR,São Jorge do Ivaí,SAO JORGE DO IVAI,2021,5535
4125357,PR,São Jorge do Patrocínio,SAO JORGE DO PATROCINIO,2013,6088
4125357,PR,São Jorge do Patrocínio,SAO JORGE DO PATROCINIO,2014,6051
4125357,PR,São Jorge do Patrocínio,SAO JORGE DO PATROCINIO,2015,6015
4125357,PR,São Jorge do Patrocínio,SAO JORGE DO PATROCINIO,2016,5980
4125357,PR,São Jorge do Patrocínio,SAO JORGE DO PATROCINIO,2017,5946
4125357,PR,São Jorge do Patrocínio,SAO JORGE DO PATROCINIO,2018,5698
4125357,PR,São Jorge do Patrocínio,SAO JORGE DO PATROCINIO,2019,5641
4125357,PR,São Jorge do Patrocínio,SAO JORGE DO PATROCINIO,2020,5586
4125357,PR,São Jorge do Patrocínio,SAO JORGE DO PATROCINIO,2021,5532
4125407,PR,São José da Boa Vista,SAO JOSE DA BOA VISTA,2013,6596
4125407,PR,São José da Boa Vista,SAO JOSE DA BOA VISTA,2014,6567
4125407,PR,São José da Boa Vista,SAO JOSE DA BOA VISTA,2015,6539
4125407,PR,São José da Boa Vista,SAO JOSE DA BOA VISTA,2016,6512
4125407,PR,São José da Boa Vista,SAO JOSE DA BOA VISTA,2017,6485
4125407,PR,São José da Boa Vista,SAO JOSE DA BOA VISTA,2018,6254
4125407,PR,São José da Boa Vista,SAO JOSE DA BOA VISTA,2019,6206
4125407,PR,São José da Boa Vista,SAO JOSE DA BOA VISTA,2020,6160
4125407,PR,São José da Boa Vista,SAO JOSE DA BOA VISTA,2021,6115
4125456,PR,São José das Palmeiras,SAO JOSE DAS PALMEIRAS,2013,3880
4125456,PR,São José das Palmeiras,SAO JOSE DAS PALMEIRAS,2014,3864
4125456,PR,São José das Palmeiras,SAO JOSE DAS PALMEIRAS,2015,3847
4125456,PR,São José das Palmeiras,SAO JOSE DAS PALMEIRAS,2016,3832
4125456,PR,São José das Palmeiras,SAO JOSE DAS PALMEIRAS,2017,3816
4125456,PR,São José das Palmeiras,SAO JOSE DAS PALMEIRAS,2018,3682
4125456,PR,São José das Palmeiras,SAO JOSE DAS PALMEIRAS,2019,3654
4125456,PR,São José das Palmeiras,SAO JOSE DAS PALMEIRAS,2020,3627
4125456,PR,São José das Palmeiras,SAO JOSE DAS PALMEIRAS,2021,3601
4125506,PR,São José dos Pinhais,SAO JOSE DOS PINHAIS,2013,287792
4125506,PR,São José dos Pinhais,SAO JOSE DOS PINHAIS,2014,292934
4125506,PR,São José dos Pinhais,SAO JOSE DOS PINHAIS,2015,297895
4125506,PR,São José dos Pinhais,SAO JOSE DOS PINHAIS,2016,302759
4125506,PR,São José dos Pinhais,SAO JOSE DOS PINHAIS,2017,307530
4125506,PR,São José dos Pinhais,SAO JOSE DOS PINHAIS,2018,317476
4125506,PR,São José dos Pinhais,SAO JOSE DOS PINHAIS,2019,323340
4125506,PR,São José dos Pinhais,SAO JOSE DOS PINHAIS,2020,329058
4125506,PR,São José dos Pinhais,SAO JOSE DOS PINHAIS,2021,334620
4125555,PR,São Manoel do Paraná,SAO MANOEL DO PARANA,2013,2170
4125555,PR,São Manoel do Paraná,SAO MANOEL DO PARANA,2014,2175
4125555,PR,São Manoel do Paraná,SAO MANOEL DO PARANA,2015,2180
4125555,PR,São Manoel do Paraná,SAO MANOEL DO PARANA,2016,2184
4125555,PR,São Manoel do Paraná,SAO MANOEL DO PARANA,2017,2189
4125555,PR,São Manoel do Paraná,SAO MANOEL DO PARANA,2018,2158
4125555,PR,São Manoel do Paraná,SAO MANOEL DO PARANA,2019,2160
4125555,PR,São Manoel do Paraná,SAO MANOEL DO PARANA,2020,2163
4125555,PR,São Manoel do Paraná,SAO MANOEL DO PARANA,2021,2165
4125605,PR,São Mateus do Sul,SAO MATEUS DO SUL,2013,43750
4125605,PR,São Mateus do Sul,SAO MATEUS DO SUL,2014,44179
4125605,PR,São Mateus do Sul,SAO MATEUS DO SUL,2015,44594
4125605,PR,São Mateus do Sul,SAO MATEUS DO SUL,2016,45000
4125605,PR,São Mateus do Sul,SAO MATEUS DO SUL,2017,45398
4125605,PR,São Mateus do Sul,SAO MATEUS DO SUL,2018,45806
4125605,PR,São Mateus do Sul,SAO MATEUS DO SUL,2019,46261
4125605,PR,São Mateus do Sul,SAO MATEUS DO SUL,2020,46705
4125605,PR,São Mateus do Sul,SAO MATEUS DO SUL,2021,47137
4125704,PR,São Miguel do Iguaçu,SAO MIGUEL DO IGUACU,2013,26920
4125704,PR,São Miguel do Iguaçu,SAO MIGUEL DO IGUACU,2014,27061
4125704,PR,São Miguel do Iguaçu,SAO MIGUEL DO IGUACU,2015,27197
4125704,PR,São Miguel do Iguaçu,SAO MIGUEL DO IGUACU,2016,27330
4125704,PR,São Miguel do Iguaçu,SAO MIGUEL DO IGUACU,2017,27461
4125704,PR,São Miguel do Iguaçu,SAO MIGUEL DO IGUACU,2018,27325
4125704,PR,São Miguel do Iguaçu,SAO MIGUEL DO IGUACU,2019,27452
4125704,PR,São Miguel do Iguaçu,SAO MIGUEL DO IGUACU,2020,27576
4125704,PR,São Miguel do Iguaçu,SAO MIGUEL DO IGUACU,2021,27696
4125753,PR,São Pedro do Iguaçu,SAO PEDRO DO IGUACU,2013,6495
4125753,PR,São Pedro do Iguaçu,SAO PEDRO DO IGUACU,2014,6440
4125753,PR,São Pedro do Iguaçu,SAO PEDRO DO IGUACU,2015,6388
4125753,PR,São Pedro do Iguaçu,SAO PEDRO DO IGUACU,2016,6336
4125753,PR,São Pedro do Iguaçu,SAO PEDRO DO IGUACU,2017,6286
4125753,PR,São Pedro do Iguaçu,SAO PEDRO DO IGUACU,2018,5976
4125753,PR,São Pedro do Iguaçu,SAO PEDRO DO IGUACU,2019,5897
4125753,PR,São Pedro do Iguaçu,SAO PEDRO DO IGUACU,2020,5820
4125753,PR,São Pedro do Iguaçu,SAO PEDRO DO IGUACU,2021,5745
4125803,PR,São Pedro do Ivaí,SAO PEDRO DO IVAI,2013,10664
4125803,PR,São Pedro do Ivaí,SAO PEDRO DO IVAI,2014,10733
4125803,PR,São Pedro do Ivaí,SAO PEDRO DO IVAI,2015,10799
4125803,PR,São Pedro do Ivaí,SAO PEDRO DO IVAI,2016,10864
4125803,PR,São Pedro do Ivaí,SAO PEDRO DO IVAI,2017,10928
4125803,PR,São Pedro do Ivaí,SAO PEDRO DO IVAI,2018,10915
4125803,PR,São Pedro do Ivaí,SAO PEDRO DO IVAI,2019,10981
4125803,PR,São Pedro do Ivaí,SAO PEDRO DO IVAI,2020,11046
4125803,PR,São Pedro do Ivaí,SAO PEDRO DO IVAI,2021,11109
4125902,PR,São Pedro do Paraná,SAO PEDRO DO PARANA,2013,2506
4125902,PR,São Pedro do Paraná,SAO PEDRO DO PARANA,2014,2490
4125902,PR,São Pedro do Paraná,SAO PEDRO DO PARANA,2015,2474
4125902,PR,São Pedro do Paraná,SAO PEDRO DO PARANA,2016,2459
4125902,PR,São Pedro do Paraná,SAO PEDRO DO PARANA,2017,2443
4125902,PR,São Pedro do Paraná,SAO PEDRO DO PARANA,2018,2338
4125902,PR,São Pedro do Paraná,SAO PEDRO DO PARANA,2019,2313
4125902,PR,São Pedro do Paraná,SAO PEDRO DO PARANA,2020,2289
4125902,PR,São Pedro do Paraná,SAO PEDRO DO PARANA,2021,2265
4126009,PR,São Sebastião da Amoreira,SAO SEBASTIAO DA AMOREIRA,2013,8917
4126009,PR,São Sebastião da Amoreira,SAO SEBASTIAO DA AMOREIRA,2014,8935
4126009,PR,São Sebastião da Amoreira,SAO SEBASTIAO DA AMOREIRA,2015,8952
4126009,PR,São Sebastião da Amoreira,SAO SEBASTIAO DA AMOREIRA,2016,8968
4126009,PR,São Sebastião da Amoreira,SAO SEBASTIAO DA AMOREIRA,2017,8985
4126009,PR,São Sebastião da Amoreira,SAO SEBASTIAO DA AMOREIRA,2018,8847
4126009,PR,São Sebastião da Amoreira,SAO SEBASTIAO DA AMOREIRA,2019,8853
4126009,PR,São Sebastião da Amoreira,SAO SEBASTIAO DA AMOREIRA,2020,8859
4126009,PR,São Sebastião da Amoreira,SAO SEBASTIAO DA AMOREIRA,2021,8865
4126108,PR,São Tomé,SAO TOME,2013,5595
4126108,PR,São Tomé,SAO TOME,2014,5626
4126108,PR,São Tomé,SAO TOME,2015,5657
4126108,PR,São Tomé,SAO TOME,2016,5686
4126108,PR,São Tomé,SAO TOME,2017,5715
4126108,PR,São Tomé,SAO TOME,2018,5693
4126108,PR,São Tomé,SAO TOME,2019,5722
4126108,PR,São Tomé,SAO TOME,2020,5750
4126108,PR,São Tomé,SAO TOME,2021,5778
4126207,PR,Sapopema,SAPOPEMA,2013,6912
4126207,PR,Sapopema,SAPOPEMA,2014,6910
4126207,PR,Sapopema,SAPOPEMA,2015,6908
4126207,PR,Sapopema,SAPOPEMA,2016,6906
4126207,PR,Sapopema,SAPOPEMA,2017,6905
4126207,PR,Sapopema,SAPOPEMA,2018,6751
4126207,PR,Sapopema,SAPOPEMA,2019,6736
4126207,PR,Sapopema,SAPOPEMA,2020,6722
4126207,PR,Sapopema,SAPOPEMA,2021,6708
4126256,PR,Sarandi,SARANDI,2013,88365
4126256,PR,Sarandi,SARANDI,2014,89388
4126256,PR,Sarandi,SARANDI,2015,90376
4126256,PR,Sarandi,SARANDI,2016,91344
4126256,PR,Sarandi,SARANDI,2017,94181
4126256,PR,Sarandi,SARANDI,2018,95543
4126256,PR,Sarandi,SARANDI,2019,96688
4126256,PR,Sarandi,SARANDI,2020,97803
4126256,PR,Sarandi,SARANDI,2021,98888
4126272,PR,Saudade do Iguaçu,SAUDADE DO IGUACU,2013,5293
4126272,PR,Saudade do Iguaçu,SAUDADE DO IGUACU,2014,5333
4126272,PR,Saudade do Iguaçu,SAUDADE DO IGUACU,2015,5372
4126272,PR,Saudade do Iguaçu,SAUDADE DO IGUACU,2016,5410
4126272,PR,Saudade do Iguaçu,SAUDADE DO IGUACU,2017,5448
4126272,PR,Saudade do Iguaçu,SAUDADE DO IGUACU,2018,5459
4126272,PR,Saudade do Iguaçu,SAUDADE DO IGUACU,2019,5500
4126272,PR,Saudade do Iguaçu,SAUDADE DO IGUACU,2020,5539
4126272,PR,Saudade do Iguaçu,SAUDADE DO IGUACU,2021,5578
4126306,PR,Sengés,SENGES,2013,19154
4126306,PR,Sengés,SENGES,2014,19229
4126306,PR,Sengés,SENGES,2015,19302
4126306,PR,Sengés,SENGES,2016,19373
4126306,PR,Sengés,SENGES,2017,19443
4126306,PR,Sengés,SENGES,2018,19267
4126306,PR,Sengés,SENGES,2019,19327
4126306,PR,Sengés,SENGES,2020,19385
4126306,PR,Sengés,SENGES,2021,19441
4126355,PR,Serranópolis do Iguaçu,SERRANOPOLIS DO IGUACU,2013,4667
4126355,PR,Serranópolis do Iguaçu,SERRANOPOLIS DO IGUACU,2014,4659
4126355,PR,Serranópolis do Iguaçu,SERRANOPOLIS DO IGUACU,2015,4652
4126355,PR,Serranópolis do Iguaçu,SERRANOPOLIS DO IGUACU,2016,4645
4126355,PR,Serranópolis do Iguaçu,SERRANOPOLIS DO IGUACU,2017,4637
4126355,PR,Serranópolis do Iguaçu,SERRANOPOLIS DO IGUACU,2018,4513
4126355,PR,Serranópolis do Iguaçu,SERRANOPOLIS DO IGUACU,2019,4495
4126355,PR,Serranópolis do Iguaçu,SERRANOPOLIS DO IGUACU,2020,4477
4126355,PR,Serranópolis do Iguaçu,SERRANOPOLIS DO IGUACU,2021,4460
4126405,PR,Sertaneja,SERTANEJA,2013,5820
4126405,PR,Sertaneja,SERTANEJA,2014,5771
4126405,PR,Sertaneja,SERTANEJA,2015,5724
4126405,PR,Sertaneja,SERTANEJA,2016,5678
4126405,PR,Sertaneja,SERTANEJA,2017,5633
4126405,PR,Sertaneja,SERTANEJA,2018,5355
4126405,PR,Sertaneja,SERTANEJA,2019,5284
4126405,PR,Sertaneja,SERTANEJA,2020,5216
4126405,PR,Sertaneja,SERTANEJA,2021,5149
4126504,PR,Sertanópolis,SERTANOPOLIS,2013,16255
4126504,PR,Sertanópolis,SERTANOPOLIS,2014,16315
4126504,PR,Sertanópolis,SERTANOPOLIS,2015,16373
4126504,PR,Sertanópolis,SERTANOPOLIS,2016,16429
4126504,PR,Sertanópolis,SERTANOPOLIS,2017,16485
4126504,PR,Sertanópolis,SERTANOPOLIS,2018,16323
4126504,PR,Sertanópolis,SERTANOPOLIS,2019,16369
4126504,PR,Sertanópolis,SERTANOPOLIS,2020,16413
4126504,PR,Sertanópolis,SERTANOPOLIS,2021,16456
4126603,PR,Siqueira Campos,SIQUEIRA CAMPOS,2013,19661
4126603,PR,Siqueira Campos,SIQUEIRA CAMPOS,2014,19881
4126603,PR,Siqueira Campos,SIQUEIRA CAMPOS,2015,20094
4126603,PR,Siqueira Campos,SIQUEIRA CAMPOS,2016,20303
4126603,PR,Siqueira Campos,SIQUEIRA CAMPOS,2017,20508
4126603,PR,Siqueira Campos,SIQUEIRA CAMPOS,2018,20778
4126603,PR,Siqueira Campos,SIQUEIRA CAMPOS,2019,21016
4126603,PR,Siqueira Campos,SIQUEIRA CAMPOS,2020,21249
4126603,PR,Siqueira Campos,SIQUEIRA CAMPOS,2021,21476
4126652,PR,Sulina,SULINA,2013,3366
4126652,PR,Sulina,SULINA,2014,3329
4126652,PR,Sulina,SULINA,2015,3293
4126652,PR,Sulina,SULINA,2016,3257
4126652,PR,Sulina,SULINA,2017,3222
4126652,PR,Sulina,SULINA,2018,3033
4126652,PR,Sulina,SULINA,2019,2981
4126652,PR,Sulina,SULINA,2020,2930
4126652,PR,Sulina,SULINA,2021,2880
4126678,PR,Tamarana,TAMARANA,2013,13298
4126678,PR,Tamarana,TAMARANA,2014,13518
4126678,PR,Tamarana,TAMARANA,2015,13730
4126678,PR,Tamarana,TAMARANA,2016,13939
4126678,PR,Tamarana,TAMARANA,2017,14143
4126678,PR,Tamarana,TAMARANA,2018,14548
4126678,PR,Tamarana,TAMARANA,2019,14797
4126678,PR,Tamarana,TAMARANA,2020,15040
4126678,PR,Tamarana,TAMARANA,2021,15277
4126702,PR,Tamboara,TAMBOARA,2013,4915
4126702,PR,Tamboara,TAMBOARA,2014,4954
4126702,PR,Tamboara,TAMBOARA,2015,4991
4126702,PR,Tamboara,TAMBOARA,2016,5028
4126702,PR,Tamboara,TAMBOARA,2017,5064
4126702,PR,Tamboara,TAMBOARA,2018,5080
4126702,PR,Tamboara,TAMBOARA,2019,5120
4126702,PR,Tamboara,TAMBOARA,2020,5158
4126702,PR,Tamboara,TAMBOARA,2021,5196
4126801,PR,Tapejara,TAPEJARA,2013,15434
4126801,PR,Tapejara,TAPEJARA,2014,15572
4126801,PR,Tapejara,TAPEJARA,2015,15704
4126801,PR,Tapejara,TAPEJARA,2016,15835
4126801,PR,Tapejara,TAPEJARA,2017,15962
4126801,PR,Tapejara,TAPEJARA,2018,16062
4126801,PR,Tapejara,TAPEJARA,2019,16205
4126801,PR,Tapejara,TAPEJARA,2020,16345
4126801,PR,Tapejara,TAPEJARA,2021,16480
4126900,PR,Tapira,TAPIRA,2013,5906
4126900,PR,Tapira,TAPIRA,2014,5878
4126900,PR,Tapira,TAPIRA,2015,5851
4126900,PR,Tapira,TAPIRA,2016,5824
4126900,PR,Tapira,TAPIRA,2017,5798
4126900,PR,Tapira,TAPIRA,2018,5584
4126900,PR,Tapira,TAPIRA,2019,5539
4126900,PR,Tapira,TAPIRA,2020,5495
4126900,PR,Tapira,TAPIRA,2021,5452
4127007,PR,Teixeira Soares,TEIXEIRA SOARES,2013,11140
4127007,PR,Teixeira Soares,TEIXEIRA SOARES,2014,11321
4127007,PR,Teixeira Soares,TEIXEIRA SOARES,2015,11495
4127007,PR,Teixeira Soares,TEIXEIRA SOARES,2016,11666
4127007,PR,Teixeira Soares,TEIXEIRA SOARES,2017,11834
4127007,PR,Teixeira Soares,TEIXEIRA SOARES,2018,12163
4127007,PR,Teixeira Soares,TEIXEIRA SOARES,2019,12367
4127007,PR,Teixeira Soares,TEIXEIRA SOARES,2020,12567
4127007,PR,Teixeira Soares,TEIXEIRA SOARES,2021,12761
4127106,PR,Telêmaco Borba,TELEMACO BORBA,2013,74270
4127106,PR,Telêmaco Borba,TELEMACO BORBA,2014,75054
4127106,PR,Telêmaco Borba,TELEMACO BORBA,2015,75809
4127106,PR,Telêmaco Borba,TELEMACO BORBA,2016,76550
4127106,PR,Telêmaco Borba,TELEMACO BORBA,2017,77276
4127106,PR,Telêmaco Borba,TELEMACO BORBA,2018,78135
4127106,PR,Telêmaco Borba,TELEMACO BORBA,2019,78974
4127106,PR,Telêmaco Borba,TELEMACO BORBA,2020,79792
4127106,PR,Telêmaco Borba,TELEMACO BORBA,2021,80588
4127205,PR,Terra Boa,TERRA BOA,2013,16562
4127205,PR,Terra Boa,TERRA BOA,2014,16674
4127205,PR,Terra Boa,TERRA BOA,2015,16781
4127205,PR,Terra Boa,TERRA BOA,2016,16887
4127205,PR,Terra Boa,TERRA BOA,2017,16991
4127205,PR,Terra Boa,TERRA BOA,2018,16984
4127205,PR,Terra Boa,TERRA BOA,2019,17094
4127205,PR,Terra Boa,TERRA BOA,2020,17200
4127205,PR,Terra Boa,TERRA BOA,2021,17304
4127304,PR,Terra Rica,TERRA RICA,2013,16063
4127304,PR,Terra Rica,TERRA RICA,2014,16197
4127304,PR,Terra Rica,TERRA RICA,2015,16326
4127304,PR,Terra Rica,TERRA RICA,2016,16453
4127304,PR,Terra Rica,TERRA RICA,2017,16578
4127304,PR,Terra Rica,TERRA RICA,2018,16652
4127304,PR,Terra Rica,TERRA RICA,2019,16789
4127304,PR,Terra Rica,TERRA RICA,2020,16924
4127304,PR,Terra Rica,TERRA RICA,2021,17054
4127403,PR,Terra Roxa,TERRA ROXA,2013,17402
4127403,PR,Terra Roxa,TERRA ROXA,2014,17461
4127403,PR,Terra Roxa,TERRA ROXA,2015,17517
4127403,PR,Terra Roxa,TERRA ROXA,2016,17573
4127403,PR,Terra Roxa,TERRA ROXA,2017,17627
4127403,PR,Terra Roxa,TERRA ROXA,2018,17439
4127403,PR,Terra Roxa,TERRA ROXA,2019,17481
4127403,PR,Terra Roxa,TERRA ROXA,2020,17522
4127403,PR,Terra Roxa,TERRA ROXA,2021,17562
4127502,PR,Tibagi,TIBAGI,2013,20184
4127502,PR,Tibagi,TIBAGI,2014,20283
4127502,PR,Tibagi,TIBAGI,2015,20377
4127502,PR,Tibagi,TIBAGI,2016,20470
4127502,PR,Tibagi,TIBAGI,2017,20562
4127502,PR,Tibagi,TIBAGI,2018,20436
4127502,PR,Tibagi,TIBAGI,2019,20522
4127502,PR,Tibagi,TIBAGI,2020,20607
4127502,PR,Tibagi,TIBAGI,2021,20688
4127601,PR,Tijucas do Sul,TIJUCAS DO SUL,2013,15575
4127601,PR,Tijucas do Sul,TIJUCAS DO SUL,2014,15776
4127601,PR,Tijucas do Sul,TIJUCAS DO SUL,2015,15970
4127601,PR,Tijucas do Sul,TIJUCAS DO SUL,2016,16161
4127601,PR,Tijucas do Sul,TIJUCAS DO SUL,2017,16348
4127601,PR,Tijucas do Sul,TIJUCAS DO SUL,2018,16646
4127601,PR,Tijucas do Sul,TIJUCAS DO SUL,2019,16868
4127601,PR,Tijucas do Sul,TIJUCAS DO SUL,2020,17084
4127601,PR,Tijucas do Sul,TIJUCAS DO SUL,2021,17295
4127700,PR,Toledo,TOLEDO,2013,128448
4127700,PR,Toledo,TOLEDO,2014,130295
4127700,PR,Toledo,TOLEDO,2015,132077
4127700,PR,Toledo,TOLEDO,2016,133824
4127700,PR,Toledo,TOLEDO,2017,135538
4127700,PR,Toledo,TOLEDO,2018,138572
4127700,PR,Toledo,TOLEDO,2019,140635
4127700,PR,Toledo,TOLEDO,2020,142645
4127700,PR,Toledo,TOLEDO,2021,144601
4127809,PR,Tomazina,TOMAZINA,2013,8776
4127809,PR,Tomazina,TOMAZINA,2014,8696
4127809,PR,Tomazina,TOMAZINA,2015,8619
4127809,PR,Tomazina,TOMAZINA,2016,8544
4127809,PR,Tomazina,TOMAZINA,2017,8470
4127809,PR,Tomazina,TOMAZINA,2018,8032
4127809,PR,Tomazina,TOMAZINA,2019,7918
4127809,PR,Tomazina,TOMAZINA,2020,7807
4127809,PR,Tomazina,TOMAZINA,2021,7699
4127858,PR,Três Barras do Paraná,TRES BARRAS DO PARANA,2013,12196
4127858,PR,Três Barras do Paraná,TRES BARRAS DO PARANA,2014,12212
4127858,PR,Três Barras do Paraná,TRES BARRAS DO PARANA,2015,12227
4127858,PR,Três Barras do Paraná,TRES BARRAS DO PARANA,2016,12242
4127858,PR,Três Barras do Paraná,TRES BARRAS DO PARANA,2017,12256
4127858,PR,Três Barras do Paraná,TRES BARRAS DO PARANA,2018,12043
4127858,PR,Três Barras do Paraná,TRES BARRAS DO PARANA,2019,12040
4127858,PR,Três Barras do Paraná,TRES BARRAS DO PARANA,2020,12038
4127858,PR,Três Barras do Paraná,TRES BARRAS DO PARANA,2021,12036
4127882,PR,Tunas do Paraná,TUNAS DO PARANA,2013,7127
4127882,PR,Tunas do Paraná,TUNAS DO PARANA,2014,7347
4127882,PR,Tunas do Paraná,TUNAS DO PARANA,2015,7559
4127882,PR,Tunas do Paraná,TUNAS DO PARANA,2016,7767
4127882,PR,Tunas do Paraná,TUNAS DO PARANA,2017,7971
4127882,PR,Tunas do Paraná,TUNAS DO PARANA,2018,8509
4127882,PR,Tunas do Paraná,TUNAS DO PARANA,2019,8769
4127882,PR,Tunas do Paraná,TUNAS DO PARANA,2020,9022
4127882,PR,Tunas do Paraná,TUNAS DO PARANA,2021,9269
4127908,PR,Tuneiras do Oeste,TUNEIRAS DO OESTE,2013,8887
4127908,PR,Tuneiras do Oeste,TUNEIRAS DO OESTE,2014,8873
4127908,PR,Tuneiras do Oeste,TUNEIRAS DO OESTE,2015,8860
4127908,PR,Tuneiras do Oeste,TUNEIRAS DO OESTE,2016,8847
4127908,PR,Tuneiras do Oeste,TUNEIRAS DO OESTE,2017,8833
4127908,PR,Tuneiras do Oeste,TUNEIRAS DO OESTE,2018,8599
4127908,PR,Tuneiras do Oeste,TUNEIRAS DO OESTE,2019,8566
4127908,PR,Tuneiras do Oeste,TUNEIRAS DO OESTE,2020,8533
4127908,PR,Tuneiras do Oeste,TUNEIRAS DO OESTE,2021,8502
4127957,PR,Tupãssi,TUPASSI,2013,8243
4127957,PR,Tupãssi,TUPASSI,2014,8252
4127957,PR,Tupãssi,TUPASSI,2015,8261
4127957,PR,Tupãssi,TUPASSI,2016,8269
4127957,PR,Tupãssi,TUPASSI,2017,8277
4127957,PR,Tupãssi,TUPASSI,2018,8128
4127957,PR,Tupãssi,TUPASSI,2019,8124
4127957,PR,Tupãssi,TUPASSI,2020,8109
4127957,PR,Tupãssi,TUPASSI,2021,8105
4127965,PR,Turvo,TURVO,2013,13937
4127965,PR,Turvo,TURVO,2014,13860
4127965,PR,Turvo,TURVO,2015,13785
4127965,PR,Turvo,TURVO,2016,13712
4127965,PR,Turvo,TURVO,2017,13640
4127965,PR,Turvo,TURVO,2018,13340
4127965,PR,Turvo,TURVO,2019,13215
4127965,PR,Turvo,TURVO,2020,13095
4127965,PR,Turvo,TURVO,2021,12977
4128005,PR,Ubiratã,UBIRATA,2013,21971
4128005,PR,Ubiratã,UBIRATA,2014,21916
4128005,PR,Ubiratã,UBIRATA,2015,21864
4128005,PR,Ubiratã,UBIRATA,2016,21812
4128005,PR,Ubiratã,UBIRATA,2017,21762
4128005,PR,Ubiratã,UBIRATA,2018,21119
4128005,PR,Ubiratã,UBIRATA,2019,21013
4128005,PR,Ubiratã,UBIRATA,2020,20909
4128005,PR,Ubiratã,UBIRATA,2021,20809
4128104,PR,Umuarama,UMUARAMA,2013,106387
4128104,PR,Umuarama,UMUARAMA,2014,107319
4128104,PR,Umuarama,UMUARAMA,2015,108218
4128104,PR,Umuarama,UMUARAMA,2016,109132
4128104,PR,Umuarama,UMUARAMA,2017,109955
4128104,PR,Umuarama,UMUARAMA,2018,110590
4128104,PR,Umuarama,UMUARAMA,2019,111557
4128104,PR,Umuarama,UMUARAMA,2020,112500
4128104,PR,Umuarama,UMUARAMA,2021,113416
4128203,PR,União da Vitória,UNIAO DA VITORIA,2013,55467
4128203,PR,União da Vitória,UNIAO DA VITORIA,2014,55874
4128203,PR,União da Vitória,UNIAO DA VITORIA,2015,56265
4128203,PR,União da Vitória,UNIAO DA VITORIA,2016,56650
4128203,PR,União da Vitória,UNIAO DA VITORIA,2017,57027
4128203,PR,União da Vitória,UNIAO DA VITORIA,2018,57111
4128203,PR,União da Vitória,UNIAO DA VITORIA,2019,57517
4128203,PR,União da Vitória,UNIAO DA VITORIA,2020,57913
4128203,PR,União da Vitória,UNIAO DA VITORIA,2021,58298
4128302,PR,Uniflor,UNIFLOR,2013,2570
4128302,PR,Uniflor,UNIFLOR,2014,2581
4128302,PR,Uniflor,UNIFLOR,2015,2593
4128302,PR,Uniflor,UNIFLOR,2016,2604
4128302,PR,Uniflor,UNIFLOR,2017,2614
4128302,PR,Uniflor,UNIFLOR,2018,2595
4128302,PR,Uniflor,UNIFLOR,2019,2605
4128302,PR,Uniflor,UNIFLOR,2020,2614
4128302,PR,Uniflor,UNIFLOR,2021,2623
4128401,PR,Uraí,URAI,2013,11729
4128401,PR,Uraí,URAI,2014,11711
4128401,PR,Uraí,URAI,2015,11695
4128401,PR,Uraí,URAI,2016,11678
4128401,PR,Uraí,URAI,2017,11662
4128401,PR,Uraí,URAI,2018,11356
4128401,PR,Uraí,URAI,2019,11314
4128401,PR,Uraí,URAI,2020,11273
4128401,PR,Uraí,URAI,2021,11233
4128534,PR,Ventania,VENTANIA,2013,10763
4128534,PR,Ventania,VENTANIA,2014,10934
4128534,PR,Ventania,VENTANIA,2015,11093
4128534,PR,Ventania,VENTANIA,2016,11252
4128534,PR,Ventania,VENTANIA,2017,11407
4128534,PR,Ventania,VENTANIA,2018,11703
4128534,PR,Ventania,VENTANIA,2019,11892
4128534,PR,Ventania,VENTANIA,2020,12088
4128534,PR,Ventania,VENTANIA,2021,12267
4128559,PR,Vera Cruz do Oeste,VERA CRUZ DO OESTE,2013,9081
4128559,PR,Vera Cruz do Oeste,VERA CRUZ DO OESTE,2014,9038
4128559,PR,Vera Cruz do Oeste,VERA CRUZ DO OESTE,2015,8998
4128559,PR,Vera Cruz do Oeste,VERA CRUZ DO OESTE,2016,8958
4128559,PR,Vera Cruz do Oeste,VERA CRUZ DO OESTE,2017,8918
4128559,PR,Vera Cruz do Oeste,VERA CRUZ DO OESTE,2018,8590
4128559,PR,Vera Cruz do Oeste,VERA CRUZ DO OESTE,2019,8521
4128559,PR,Vera Cruz do Oeste,VERA CRUZ DO OESTE,2020,8454
4128559,PR,Vera Cruz do Oeste,VERA CRUZ DO OESTE,2021,8389
4128609,PR,Verê,VERE,2013,7911
4128609,PR,Verê,VERE,2014,7853
4128609,PR,Verê,VERE,2015,7799
4128609,PR,Verê,VERE,2016,7745
4128609,PR,Verê,VERE,2017,7692
4128609,PR,Verê,VERE,2018,7342
4128609,PR,Verê,VERE,2019,7257
4128609,PR,Verê,VERE,2020,7174
4128609,PR,Verê,VERE,2021,7094
4128658,PR,Virmond,VIRMOND,2013,4075
4128658,PR,Virmond,VIRMOND,2014,4080
4128658,PR,Virmond,VIRMOND,2015,4085
4128658,PR,Virmond,VIRMOND,2016,4090
4128658,PR,Virmond,VIRMOND,2017,4095
4128658,PR,Virmond,VIRMOND,2018,4023
4128658,PR,Virmond,VIRMOND,2019,4023
4128658,PR,Virmond,VIRMOND,2020,4022
4128658,PR,Virmond,VIRMOND,2021,4051
4128708,PR,Vitorino,VITORINO,2013,6775
4128708,PR,Vitorino,VITORINO,2014,6801
4128708,PR,Vitorino,VITORINO,2015,6828
4128708,PR,Vitorino,VITORINO,2016,6853
4128708,PR,Vitorino,VITORINO,2017,6878
4128708,PR,Vitorino,VITORINO,2018,6817
4128708,PR,Vitorino,VITORINO,2019,6838
4128708,PR,Vitorino,VITORINO,2020,6859
4128708,PR,Vitorino,VITORINO,2021,6879
4128500,PR,Wenceslau Braz,WENCESLAU BRAZ,2013,19838
4128500,PR,Wenceslau Braz,WENCESLAU BRAZ,2014,19843
4128500,PR,Wenceslau Braz,WENCESLAU BRAZ,2015,19847
4128500,PR,Wenceslau Braz,WENCESLAU BRAZ,2016,19852
4128500,PR,Wenceslau Braz,WENCESLAU BRAZ,2017,19856
4128500,PR,Wenceslau Braz,WENCESLAU BRAZ,2018,19444
4128500,PR,Wenceslau Braz,WENCESLAU BRAZ,2019,19414
4128500,PR,Wenceslau Braz,WENCESLAU BRAZ,2020,19386
4128500,PR,Wenceslau Braz,WENCESLAU BRAZ,2021,19358
4128807,PR,Xambrê,XAMBRE,2013,6077
4128807,PR,Xambrê,XAMBRE,2014,6047
4128807,PR,Xambrê,XAMBRE,2015,6016
4128807,PR,Xambrê,XAMBRE,2016,5986
4128807,PR,Xambrê,XAMBRE,2017,5957
4128807,PR,Xambrê,XAMBRE,2018,5728
4128807,PR,Xambrê,XAMBRE,2019,5679
4128807,PR,Xambrê,XAMBRE,2020,5630
4128807,PR,Xambrê,XAMBRE,2021,5584
4300034,RS,Aceguá,ACEGUA,2013,4638
4300034,RS,Aceguá,ACEGUA,2014,4671
4300034,RS,Aceguá,ACEGUA,2015,4702
4300034,RS,Aceguá,ACEGUA,2016,4731
4300034,RS,Aceguá,ACEGUA,2017,4759
4300034,RS,Aceguá,ACEGUA,2018,4858
4300034,RS,Aceguá,ACEGUA,2019,4901
4300034,RS,Aceguá,ACEGUA,2020,4942
4300034,RS,Aceguá,ACEGUA,2021,4981
4300059,RS,Água Santa,AGUA SANTA,2013,3838
4300059,RS,Água Santa,AGUA SANTA,2014,3839
4300059,RS,Água Santa,AGUA SANTA,2015,3840
4300059,RS,Água Santa,AGUA SANTA,2016,3841
4300059,RS,Água Santa,AGUA SANTA,2017,3841
4300059,RS,Água Santa,AGUA SANTA,2018,3753
4300059,RS,Água Santa,AGUA SANTA,2019,3748
4300059,RS,Água Santa,AGUA SANTA,2020,3743
4300059,RS,Água Santa,AGUA SANTA,2021,3738
4300109,RS,Agudo,AGUDO,2013,17161
4300109,RS,Agudo,AGUDO,2014,17140
4300109,RS,Agudo,AGUDO,2015,17120
4300109,RS,Agudo,AGUDO,2016,17102
4300109,RS,Agudo,AGUDO,2017,17085
4300109,RS,Agudo,AGUDO,2018,16524
4300109,RS,Agudo,AGUDO,2019,16461
4300109,RS,Agudo,AGUDO,2020,16401
4300109,RS,Agudo,AGUDO,2021,16344
4300208,RS,Ajuricaba,AJURICABA,2013,7420
4300208,RS,Ajuricaba,AJURICABA,2014,7403
4300208,RS,Ajuricaba,AJURICABA,2015,7387
4300208,RS,Ajuricaba,AJURICABA,2016,7372
4300208,RS,Ajuricaba,AJURICABA,2017,7358
4300208,RS,Ajuricaba,AJURICABA,2018,7063
4300208,RS,Ajuricaba,AJURICABA,2019,7024
4300208,RS,Ajuricaba,AJURICABA,2020,6987
4300208,RS,Ajuricaba,AJURICABA,2021,6951
4300307,RS,Alecrim,ALECRIM,2013,7010
4300307,RS,Alecrim,ALECRIM,2014,6935
4300307,RS,Alecrim,ALECRIM,2015,6865
4300307,RS,Alecrim,ALECRIM,2016,6799
4300307,RS,Alecrim,ALECRIM,2017,6736
4300307,RS,Alecrim,ALECRIM,2018,6077
4300307,RS,Alecrim,ALECRIM,2019,5950
4300307,RS,Alecrim,ALECRIM,2020,5827
4300307,RS,Alecrim,ALECRIM,2021,5710
4300406,RS,Alegrete,ALEGRETE,2013,79054
4300406,RS,Alegrete,ALEGRETE,2014,78768
4300406,RS,Alegrete,ALEGRETE,2015,78499
4300406,RS,Alegrete,ALEGRETE,2016,78244
4300406,RS,Alegrete,ALEGRETE,2017,78003
4300406,RS,Alegrete,ALEGRETE,2018,74173
4300406,RS,Alegrete,ALEGRETE,2019,73589
4300406,RS,Alegrete,ALEGRETE,2020,73028
4300406,RS,Alegrete,ALEGRETE,2021,72493
4300455,RS,Alegria,ALEGRIA,2013,4244
4300455,RS,Alegria,ALEGRIA,2014,4188
4300455,RS,Alegria,ALEGRIA,2015,4135
4300455,RS,Alegria,ALEGRIA,2016,4085
4300455,RS,Alegria,ALEGRIA,2017,4037
4300455,RS,Alegria,ALEGRIA,2018,3559
4300455,RS,Alegria,ALEGRIA,2019,3464
4300455,RS,Alegria,ALEGRIA,2020,3374
4300455,RS,Alegria,ALEGRIA,2021,3287
4300471,RS,Almirante Tamandaré do Sul,ALMIRANTE TAMANDARE DO SUL,2013,2106
4300471,RS,Almirante Tamandaré do Sul,ALMIRANTE TAMANDARE DO SUL,2014,2098
4300471,RS,Almirante Tamandaré do Sul,ALMIRANTE TAMANDARE DO SUL,2015,2091
4300471,RS,Almirante Tamandaré do Sul,ALMIRANTE TAMANDARE DO SUL,2016,2085
4300471,RS,Almirante Tamandaré do Sul,ALMIRANTE TAMANDARE DO SUL,2017,2079
4300471,RS,Almirante Tamandaré do Sul,ALMIRANTE TAMANDARE DO SUL,2018,1979
4300471,RS,Almirante Tamandaré do Sul,ALMIRANTE TAMANDARE DO SUL,2019,1964
4300471,RS,Almirante Tamandaré do Sul,ALMIRANTE TAMANDARE DO SUL,2020,1949
4300471,RS,Almirante Tamandaré do Sul,ALMIRANTE TAMANDARE DO SUL,2021,1935
4300505,RS,Alpestre,ALPESTRE,2013,7871
4300505,RS,Alpestre,ALPESTRE,2014,7752
4300505,RS,Alpestre,ALPESTRE,2015,7640
4300505,RS,Alpestre,ALPESTRE,2016,7533
4300505,RS,Alpestre,ALPESTRE,2017,7433
4300505,RS,Alpestre,ALPESTRE,2018,6458
4300505,RS,Alpestre,ALPESTRE,2019,6258
4300505,RS,Alpestre,ALPESTRE,2020,6067
4300505,RS,Alpestre,ALPESTRE,2021,5885
4300554,RS,Alto Alegre,ALTO ALEGRE,2013,1856
4300554,RS,Alto Alegre,ALTO ALEGRE,2014,1841
4300554,RS,Alto Alegre,ALTO ALEGRE,2015,1828
4300554,RS,Alto Alegre,ALTO ALEGRE,2016,1815
4300554,RS,Alto Alegre,ALTO ALEGRE,2017,1803
4300554,RS,Alto Alegre,ALTO ALEGRE,2018,1663
4300554,RS,Alto Alegre,ALTO ALEGRE,2019,1638
4300554,RS,Alto Alegre,ALTO ALEGRE,2020,1613
4300554,RS,Alto Alegre,ALTO ALEGRE,2021,1590
4300570,RS,Alto Feliz,ALTO FELIZ,2013,3035
4300570,RS,Alto Feliz,ALTO FELIZ,2014,3017
4300570,RS,Alto Feliz,ALTO FELIZ,2015,3025
4300570,RS,Alto Feliz,ALTO FELIZ,2016,3032
4300570,RS,Alto Feliz,ALTO FELIZ,2017,3040
4300570,RS,Alto Feliz,ALTO FELIZ,2018,3020
4300570,RS,Alto Feliz,ALTO FELIZ,2019,3028
4300570,RS,Alto Feliz,ALTO FELIZ,2020,3036
4300570,RS,Alto Feliz,ALTO FELIZ,2021,3043
4300604,RS,Alvorada,ALVORADA,2013,204750
4300604,RS,Alvorada,ALVORADA,2014,205683
4300604,RS,Alvorada,ALVORADA,2015,206561
4300604,RS,Alvorada,ALVORADA,2016,207392
4300604,RS,Alvorada,ALVORADA,2017,208177
4300604,RS,Alvorada,ALVORADA,2018,209213
4300604,RS,Alvorada,ALVORADA,2019,210305
4300604,RS,Alvorada,ALVORADA,2020,211352
4300604,RS,Alvorada,ALVORADA,2021,212352
4300638,RS,Amaral Ferrador,AMARAL FERRADOR,2013,6693
4300638,RS,Amaral Ferrador,AMARAL FERRADOR,2014,6737
4300638,RS,Amaral Ferrador,AMARAL FERRADOR,2015,6778
4300638,RS,Amaral Ferrador,AMARAL FERRADOR,2016,6817
4300638,RS,Amaral Ferrador,AMARAL FERRADOR,2017,6854
4300638,RS,Amaral Ferrador,AMARAL FERRADOR,2018,6974
4300638,RS,Amaral Ferrador,AMARAL FERRADOR,2019,7031
4300638,RS,Amaral Ferrador,AMARAL FERRADOR,2020,7085
4300638,RS,Amaral Ferrador,AMARAL FERRADOR,2021,7136
4300646,RS,Ametista do Sul,AMETISTA DO SUL,2013,7560
4300646,RS,Ametista do Sul,AMETISTA DO SUL,2014,7565
4300646,RS,Ametista do Sul,AMETISTA DO SUL,2015,7569
4300646,RS,Ametista do Sul,AMETISTA DO SUL,2016,7573
4300646,RS,Ametista do Sul,AMETISTA DO SUL,2017,7576
4300646,RS,Ametista do Sul,AMETISTA DO SUL,2018,7416
4300646,RS,Ametista do Sul,AMETISTA DO SUL,2019,7409
4300646,RS,Ametista do Sul,AMETISTA DO SUL,2020,7403
4300646,RS,Ametista do Sul,AMETISTA DO SUL,2021,7396
4300661,RS,André da Rocha,ANDRE DA ROCHA,2013,1278
4300661,RS,André da Rocha,ANDRE DA ROCHA,2014,1286
4300661,RS,André da Rocha,ANDRE DA ROCHA,2015,1293
4300661,RS,André da Rocha,ANDRE DA ROCHA,2016,1300
4300661,RS,André da Rocha,ANDRE DA ROCHA,2017,1306
4300661,RS,André da Rocha,ANDRE DA ROCHA,2018,1324
4300661,RS,André da Rocha,ANDRE DA ROCHA,2019,1333
4300661,RS,André da Rocha,ANDRE DA ROCHA,2020,1343
4300661,RS,André da Rocha,ANDRE DA ROCHA,2021,1351
4300703,RS,Anta Gorda,ANTA GORDA,2013,6235
4300703,RS,Anta Gorda,ANTA GORDA,2014,6228
4300703,RS,Anta Gorda,ANTA GORDA,2015,6222
4300703,RS,Anta Gorda,ANTA GORDA,2016,6216
4300703,RS,Anta Gorda,ANTA GORDA,2017,6210
4300703,RS,Anta Gorda,ANTA GORDA,2018,6003
4300703,RS,Anta Gorda,ANTA GORDA,2019,5981
4300703,RS,Anta Gorda,ANTA GORDA,2020,5961
4300703,RS,Anta Gorda,ANTA GORDA,2021,5941
4300802,RS,Antônio Prado,ANTONIO PRADO,2013,13263
4300802,RS,Antônio Prado,ANTONIO PRADO,2014,13274
4300802,RS,Antônio Prado,ANTONIO PRADO,2015,13285
4300802,RS,Antônio Prado,ANTONIO PRADO,2016,13296
4300802,RS,Antônio Prado,ANTONIO PRADO,2017,13306
4300802,RS,Antônio Prado,ANTONIO PRADO,2018,13055
4300802,RS,Antônio Prado,ANTONIO PRADO,2019,13050
4300802,RS,Antônio Prado,ANTONIO PRADO,2020,13045
4300802,RS,Antônio Prado,ANTONIO PRADO,2021,13041
4300851,RS,Arambaré,ARAMBARE,2013,3778
4300851,RS,Arambaré,ARAMBARE,2014,3769
4300851,RS,Arambaré,ARAMBARE,2015,3762
4300851,RS,Arambaré,ARAMBARE,2016,3755
4300851,RS,Arambaré,ARAMBARE,2017,3748
4300851,RS,Arambaré,ARAMBARE,2018,3600
4300851,RS,Arambaré,ARAMBARE,2019,3581
4300851,RS,Arambaré,ARAMBARE,2020,3562
4300851,RS,Arambaré,ARAMBARE,2021,3544
4300877,RS,Araricá,ARARICA,2013,5195
4300877,RS,Araricá,ARARICA,2014,5249
4300877,RS,Araricá,ARARICA,2015,5301
4300877,RS,Araricá,ARARICA,2016,5349
4300877,RS,Araricá,ARARICA,2017,5395
4300877,RS,Araricá,ARARICA,2018,5622
4300877,RS,Araricá,ARARICA,2019,5698
4300877,RS,Araricá,ARARICA,2020,5771
4300877,RS,Araricá,ARARICA,2021,5840
4300901,RS,Aratiba,ARATIBA,2013,6687
4300901,RS,Aratiba,ARATIBA,2014,6663
4300901,RS,Aratiba,ARATIBA,2015,6641
4300901,RS,Aratiba,ARATIBA,2016,6621
4300901,RS,Aratiba,ARATIBA,2017,6601
4300901,RS,Aratiba,ARATIBA,2018,6283
4300901,RS,Aratiba,ARATIBA,2019,6235
4300901,RS,Aratiba,ARATIBA,2020,6189
4300901,RS,Aratiba,ARATIBA,2021,6145
4301008,RS,Arroio do Meio,ARROIO DO MEIO,2013,19792
4301008,RS,Arroio do Meio,ARROIO DO MEIO,2014,19923
4301008,RS,Arroio do Meio,ARROIO DO MEIO,2015,20045
4301008,RS,Arroio do Meio,ARROIO DO MEIO,2016,20162
4301008,RS,Arroio do Meio,ARROIO DO MEIO,2017,20272
4301008,RS,Arroio do Meio,ARROIO DO MEIO,2018,20637
4301008,RS,Arroio do Meio,ARROIO DO MEIO,2019,20805
4301008,RS,Arroio do Meio,ARROIO DO MEIO,2020,20967
4301008,RS,Arroio do Meio,ARROIO DO MEIO,2021,21121
4301073,RS,Arroio do Padre,ARROIO DO PADRE,2013,2857
4301073,RS,Arroio do Padre,ARROIO DO PADRE,2014,2871
4301073,RS,Arroio do Padre,ARROIO DO PADRE,2015,2883
4301073,RS,Arroio do Padre,ARROIO DO PADRE,2016,2895
4301073,RS,Arroio do Padre,ARROIO DO PADRE,2017,2906
4301073,RS,Arroio do Padre,ARROIO DO PADRE,2018,2921
4301073,RS,Arroio do Padre,ARROIO DO PADRE,2019,2937
4301073,RS,Arroio do Padre,ARROIO DO PADRE,2020,2951
4301073,RS,Arroio do Padre,ARROIO DO PADRE,2021,2966
4301057,RS,Arroio do Sal,ARROIO DO SAL,2013,8488
4301057,RS,Arroio do Sal,ARROIO DO SAL,2014,8641
4301057,RS,Arroio do Sal,ARROIO DO SAL,2015,8785
4301057,RS,Arroio do Sal,ARROIO DO SAL,2016,8921
4301057,RS,Arroio do Sal,ARROIO DO SAL,2017,9050
4301057,RS,Arroio do Sal,ARROIO DO SAL,2018,9842
4301057,RS,Arroio do Sal,ARROIO DO SAL,2019,10065
4301057,RS,Arroio do Sal,ARROIO DO SAL,2020,10279
4301057,RS,Arroio do Sal,ARROIO DO SAL,2021,10483
4301206,RS,Arroio do Tigre,ARROIO DO TIGRE,2013,13235
4301206,RS,Arroio do Tigre,ARROIO DO TIGRE,2014,13277
4301206,RS,Arroio do Tigre,ARROIO DO TIGRE,2015,13316
4301206,RS,Arroio do Tigre,ARROIO DO TIGRE,2016,13353
4301206,RS,Arroio do Tigre,ARROIO DO TIGRE,2017,13388
4301206,RS,Arroio do Tigre,ARROIO DO TIGRE,2018,13332
4301206,RS,Arroio do Tigre,ARROIO DO TIGRE,2019,13373
4301206,RS,Arroio do Tigre,ARROIO DO TIGRE,2020,13413
4301206,RS,Arroio do Tigre,ARROIO DO TIGRE,2021,13452
4301107,RS,Arroio dos Ratos,ARROIO DOS RATOS,2013,14132
4301107,RS,Arroio dos Ratos,ARROIO DOS RATOS,2014,14166
4301107,RS,Arroio dos Ratos,ARROIO DOS RATOS,2015,14197
4301107,RS,Arroio dos Ratos,ARROIO DOS RATOS,2016,14227
4301107,RS,Arroio dos Ratos,ARROIO DOS RATOS,2017,14255
4301107,RS,Arroio dos Ratos,ARROIO DOS RATOS,2018,14123
4301107,RS,Arroio dos Ratos,ARROIO DOS RATOS,2019,14151
4301107,RS,Arroio dos Ratos,ARROIO DOS RATOS,2020,14177
4301107,RS,Arroio dos Ratos,ARROIO DOS RATOS,2021,14201
4301305,RS,Arroio Grande,ARROIO GRANDE,2013,18979
4301305,RS,Arroio Grande,ARROIO GRANDE,2014,18964
4301305,RS,Arroio Grande,ARROIO GRANDE,2015,18949
4301305,RS,Arroio Grande,ARROIO GRANDE,2016,18935
4301305,RS,Arroio Grande,ARROIO GRANDE,2017,18922
4301305,RS,Arroio Grande,ARROIO GRANDE,2018,18351
4301305,RS,Arroio Grande,ARROIO GRANDE,2019,18293
4301305,RS,Arroio Grande,ARROIO GRANDE,2020,18238
4301305,RS,Arroio Grande,ARROIO GRANDE,2021,18185
4301404,RS,Arvorezinha,ARVOREZINHA,2013,10573
4301404,RS,Arvorezinha,ARVOREZINHA,2014,10585
4301404,RS,Arvorezinha,ARVOREZINHA,2015,10595
4301404,RS,Arvorezinha,ARVOREZINHA,2016,10605
4301404,RS,Arvorezinha,ARVOREZINHA,2017,10614
4301404,RS,Arvorezinha,ARVOREZINHA,2018,10425
4301404,RS,Arvorezinha,ARVOREZINHA,2019,10424
4301404,RS,Arvorezinha,ARVOREZINHA,2020,10423
4301404,RS,Arvorezinha,ARVOREZINHA,2021,10422
4301503,RS,Augusto Pestana,AUGUSTO PESTANA,2013,7206
4301503,RS,Augusto Pestana,AUGUSTO PESTANA,2014,7175
4301503,RS,Augusto Pestana,AUGUSTO PESTANA,2015,7145
4301503,RS,Augusto Pestana,AUGUSTO PESTANA,2016,7117
4301503,RS,Augusto Pestana,AUGUSTO PESTANA,2017,7091
4301503,RS,Augusto Pestana,AUGUSTO PESTANA,2018,6706
4301503,RS,Augusto Pestana,AUGUSTO PESTANA,2019,6661
4301503,RS,Augusto Pestana,AUGUSTO PESTANA,2020,6602
4301503,RS,Augusto Pestana,AUGUSTO PESTANA,2021,6545
4301552,RS,Áurea,AUREA,2013,3748
4301552,RS,Áurea,AUREA,2014,3740
4301552,RS,Áurea,AUREA,2015,3732
4301552,RS,Áurea,AUREA,2016,3725
4301552,RS,Áurea,AUREA,2017,3718
4301552,RS,Áurea,AUREA,2018,3573
4301552,RS,Áurea,AUREA,2019,3554
4301552,RS,Áurea,AUREA,2020,3535
4301552,RS,Áurea,AUREA,2021,3517
4301602,RS,Bagé,BAGE,2013,121235
4301602,RS,Bagé,BAGE,2014,121500
4301602,RS,Bagé,BAGE,2015,121749
4301602,RS,Bagé,BAGE,2016,121986
4301602,RS,Bagé,BAGE,2017,122209
4301602,RS,Bagé,BAGE,2018,120943
4301602,RS,Bagé,BAGE,2019,121143
4301602,RS,Bagé,BAGE,2020,121335
4301602,RS,Bagé,BAGE,2021,121518
4301636,RS,Balneário Pinhal,BALNEARIO PINHAL,2013,11895
4301636,RS,Balneário Pinhal,BALNEARIO PINHAL,2014,12106
4301636,RS,Balneário Pinhal,BALNEARIO PINHAL,2015,12305
4301636,RS,Balneário Pinhal,BALNEARIO PINHAL,2016,12493
4301636,RS,Balneário Pinhal,BALNEARIO PINHAL,2017,12671
4301636,RS,Balneário Pinhal,BALNEARIO PINHAL,2018,13760
4301636,RS,Balneário Pinhal,BALNEARIO PINHAL,2019,14068
4301636,RS,Balneário Pinhal,BALNEARIO PINHAL,2020,14363
4301636,RS,Balneário Pinhal,BALNEARIO PINHAL,2021,14645
4301651,RS,Barão,BARAO,2013,6008
4301651,RS,Barão,BARAO,2014,6035
4301651,RS,Barão,BARAO,2015,6061
4301651,RS,Barão,BARAO,2016,6086
4301651,RS,Barão,BARAO,2017,6109
4301651,RS,Barão,BARAO,2018,6139
4301651,RS,Barão,BARAO,2019,6171
4301651,RS,Barão,BARAO,2020,6202
4301651,RS,Barão,BARAO,2021,6232
4301701,RS,Barão de Cotegipe,BARAO DE COTEGIPE,2013,6744
4301701,RS,Barão de Cotegipe,BARAO DE COTEGIPE,2014,6749
4301701,RS,Barão de Cotegipe,BARAO DE COTEGIPE,2015,6754
4301701,RS,Barão de Cotegipe,BARAO DE COTEGIPE,2016,6759
4301701,RS,Barão de Cotegipe,BARAO DE COTEGIPE,2017,6763
4301701,RS,Barão de Cotegipe,BARAO DE COTEGIPE,2018,6627
4301701,RS,Barão de Cotegipe,BARAO DE COTEGIPE,2019,6623
4301701,RS,Barão de Cotegipe,BARAO DE COTEGIPE,2020,6620
4301701,RS,Barão de Cotegipe,BARAO DE COTEGIPE,2021,6616
4301750,RS,Barão do Triunfo,BARAO DO TRIUNFO,2013,7331
4301750,RS,Barão do Triunfo,BARAO DO TRIUNFO,2014,7360
4301750,RS,Barão do Triunfo,BARAO DO TRIUNFO,2015,7388
4301750,RS,Barão do Triunfo,BARAO DO TRIUNFO,2016,7415
4301750,RS,Barão do Triunfo,BARAO DO TRIUNFO,2017,7440
4301750,RS,Barão do Triunfo,BARAO DO TRIUNFO,2018,7454
4301750,RS,Barão do Triunfo,BARAO DO TRIUNFO,2019,7487
4301750,RS,Barão do Triunfo,BARAO DO TRIUNFO,2020,7519
4301750,RS,Barão do Triunfo,BARAO DO TRIUNFO,2021,7550
4301859,RS,Barra do Guarita,BARRA DO GUARITA,2013,3216
4301859,RS,Barra do Guarita,BARRA DO GUARITA,2014,3226
4301859,RS,Barra do Guarita,BARRA DO GUARITA,2015,3236
4301859,RS,Barra do Guarita,BARRA DO GUARITA,2016,3245
4301859,RS,Barra do Guarita,BARRA DO GUARITA,2017,3253
4301859,RS,Barra do Guarita,BARRA DO GUARITA,2018,3238
4301859,RS,Barra do Guarita,BARRA DO GUARITA,2019,3248
4301859,RS,Barra do Guarita,BARRA DO GUARITA,2020,3257
4301859,RS,Barra do Guarita,BARRA DO GUARITA,2021,3266
4301875,RS,Barra do Quaraí,BARRA DO QUARAI,2013,4176
4301875,RS,Barra do Quaraí,BARRA DO QUARAI,2014,4189
4301875,RS,Barra do Quaraí,BARRA DO QUARAI,2015,4201
4301875,RS,Barra do Quaraí,BARRA DO QUARAI,2016,4212
4301875,RS,Barra do Quaraí,BARRA DO QUARAI,2017,4223
4301875,RS,Barra do Quaraí,BARRA DO QUARAI,2018,4202
4301875,RS,Barra do Quaraí,BARRA DO QUARAI,2019,4215
4301875,RS,Barra do Quaraí,BARRA DO QUARAI,2020,4227
4301875,RS,Barra do Quaraí,BARRA DO QUARAI,2021,4238
4301909,RS,Barra do Ribeiro,BARRA DO RIBEIRO,2013,13150
4301909,RS,Barra do Ribeiro,BARRA DO RIBEIRO,2014,13208
4301909,RS,Barra do Ribeiro,BARRA DO RIBEIRO,2015,13263
4301909,RS,Barra do Ribeiro,BARRA DO RIBEIRO,2016,13316
4301909,RS,Barra do Ribeiro,BARRA DO RIBEIRO,2017,13365
4301909,RS,Barra do Ribeiro,BARRA DO RIBEIRO,2018,13423
4301909,RS,Barra do Ribeiro,BARRA DO RIBEIRO,2019,13491
4301909,RS,Barra do Ribeiro,BARRA DO RIBEIRO,2020,13556
4301909,RS,Barra do Ribeiro,BARRA DO RIBEIRO,2021,13618
4301925,RS,Barra do Rio Azul,BARRA DO RIO AZUL,2013,1993
4301925,RS,Barra do Rio Azul,BARRA DO RIO AZUL,2014,1972
4301925,RS,Barra do Rio Azul,BARRA DO RIO AZUL,2015,1952
4301925,RS,Barra do Rio Azul,BARRA DO RIO AZUL,2016,1933
4301925,RS,Barra do Rio Azul,BARRA DO RIO AZUL,2017,1915
4301925,RS,Barra do Rio Azul,BARRA DO RIO AZUL,2018,1726
4301925,RS,Barra do Rio Azul,BARRA DO RIO AZUL,2019,1690
4301925,RS,Barra do Rio Azul,BARRA DO RIO AZUL,2020,1655
4301925,RS,Barra do Rio Azul,BARRA DO RIO AZUL,2021,1621
4301958,RS,Barra Funda,BARRA FUNDA,2013,2476
4301958,RS,Barra Funda,BARRA FUNDA,2014,2487
4301958,RS,Barra Funda,BARRA FUNDA,2015,2497
4301958,RS,Barra Funda,BARRA FUNDA,2016,2507
4301958,RS,Barra Funda,BARRA FUNDA,2017,2516
4301958,RS,Barra Funda,BARRA FUNDA,2018,2527
4301958,RS,Barra Funda,BARRA FUNDA,2019,2539
4301958,RS,Barra Funda,BARRA FUNDA,2020,2551
4301958,RS,Barra Funda,BARRA FUNDA,2021,2563
4301800,RS,Barracão,BARRACAO,2013,5498
4301800,RS,Barracão,BARRACAO,2014,5491
4301800,RS,Barracão,BARRACAO,2015,5485
4301800,RS,Barracão,BARRACAO,2016,5479
4301800,RS,Barracão,BARRACAO,2017,5474
4301800,RS,Barracão,BARRACAO,2018,5295
4301800,RS,Barracão,BARRACAO,2019,5275
4301800,RS,Barracão,BARRACAO,2020,5256
4301800,RS,Barracão,BARRACAO,2021,5237
4302006,RS,Barros Cassal,BARROS CASSAL,2013,11478
4302006,RS,Barros Cassal,BARROS CASSAL,2014,11480
4302006,RS,Barros Cassal,BARROS CASSAL,2015,11482
4302006,RS,Barros Cassal,BARROS CASSAL,2016,11484
4302006,RS,Barros Cassal,BARROS CASSAL,2017,11486
4302006,RS,Barros Cassal,BARROS CASSAL,2018,11216
4302006,RS,Barros Cassal,BARROS CASSAL,2019,11199
4302006,RS,Barros Cassal,BARROS CASSAL,2020,11182
4302006,RS,Barros Cassal,BARROS CASSAL,2021,11167
4302055,RS,Benjamin Constant do Sul,BENJAMIN CONSTANT DO SUL,2013,2305
4302055,RS,Benjamin Constant do Sul,BENJAMIN CONSTANT DO SUL,2014,2284
4302055,RS,Benjamin Constant do Sul,BENJAMIN CONSTANT DO SUL,2015,2264
4302055,RS,Benjamin Constant do Sul,BENJAMIN CONSTANT DO SUL,2016,2245
4302055,RS,Benjamin Constant do Sul,BENJAMIN CONSTANT DO SUL,2017,2227
4302055,RS,Benjamin Constant do Sul,BENJAMIN CONSTANT DO SUL,2018,2031
4302055,RS,Benjamin Constant do Sul,BENJAMIN CONSTANT DO SUL,2019,1994
4302055,RS,Benjamin Constant do Sul,BENJAMIN CONSTANT DO SUL,2020,1958
4302055,RS,Benjamin Constant do Sul,BENJAMIN CONSTANT DO SUL,2021,1924
4302105,RS,Bento Gonçalves,BENTO GONCALVES,2013,111384
4302105,RS,Bento Gonçalves,BENTO GONCALVES,2014,112318
4302105,RS,Bento Gonçalves,BENTO GONCALVES,2015,113287
4302105,RS,Bento Gonçalves,BENTO GONCALVES,2016,114203
4302105,RS,Bento Gonçalves,BENTO GONCALVES,2017,115069
4302105,RS,Bento Gonçalves,BENTO GONCALVES,2018,119049
4302105,RS,Bento Gonçalves,BENTO GONCALVES,2019,120454
4302105,RS,Bento Gonçalves,BENTO GONCALVES,2020,121803
4302105,RS,Bento Gonçalves,BENTO GONCALVES,2021,123090
4302154,RS,Boa Vista das Missões,BOA VISTA DAS MISSOES,2013,2173
4302154,RS,Boa Vista das Missões,BOA VISTA DAS MISSOES,2014,2171
4302154,RS,Boa Vista das Missões,BOA VISTA DAS MISSOES,2015,2170
4302154,RS,Boa Vista das Missões,BOA VISTA DAS MISSOES,2016,2168
4302154,RS,Boa Vista das Missões,BOA VISTA DAS MISSOES,2017,2167
4302154,RS,Boa Vista das Missões,BOA VISTA DAS MISSOES,2018,2104
4302154,RS,Boa Vista das Missões,BOA VISTA DAS MISSOES,2019,2098
4302154,RS,Boa Vista das Missões,BOA VISTA DAS MISSOES,2020,2092
4302154,RS,Boa Vista das Missões,BOA VISTA DAS MISSOES,2021,2087
4302204,RS,Boa Vista do Buricá,BOA VISTA DO BURICA,2013,6800
4302204,RS,Boa Vista do Buricá,BOA VISTA DO BURICA,2014,6808
4302204,RS,Boa Vista do Buricá,BOA VISTA DO BURICA,2015,6815
4302204,RS,Boa Vista do Buricá,BOA VISTA DO BURICA,2016,6822
4302204,RS,Boa Vista do Buricá,BOA VISTA DO BURICA,2017,6829
4302204,RS,Boa Vista do Buricá,BOA VISTA DO BURICA,2018,6712
4302204,RS,Boa Vista do Buricá,BOA VISTA DO BURICA,2019,6712
4302204,RS,Boa Vista do Buricá,BOA VISTA DO BURICA,2020,6712
4302204,RS,Boa Vista do Buricá,BOA VISTA DO BURICA,2021,6712
4302220,RS,Boa Vista do Cadeado,BOA VISTA DO CADEADO,2013,2520
4302220,RS,Boa Vista do Cadeado,BOA VISTA DO CADEADO,2014,2522
4302220,RS,Boa Vista do Cadeado,BOA VISTA DO CADEADO,2015,2523
4302220,RS,Boa Vista do Cadeado,BOA VISTA DO CADEADO,2016,2524
4302220,RS,Boa Vista do Cadeado,BOA VISTA DO CADEADO,2017,2526
4302220,RS,Boa Vista do Cadeado,BOA VISTA DO CADEADO,2018,2473
4302220,RS,Boa Vista do Cadeado,BOA VISTA DO CADEADO,2019,2470
4302220,RS,Boa Vista do Cadeado,BOA VISTA DO CADEADO,2020,2468
4302220,RS,Boa Vista do Cadeado,BOA VISTA DO CADEADO,2021,2466
4302238,RS,Boa Vista do Incra,BOA VISTA DO INCRA,2013,2537
4302238,RS,Boa Vista do Incra,BOA VISTA DO INCRA,2014,2549
4302238,RS,Boa Vista do Incra,BOA VISTA DO INCRA,2015,2559
4302238,RS,Boa Vista do Incra,BOA VISTA DO INCRA,2016,2569
4302238,RS,Boa Vista do Incra,BOA VISTA DO INCRA,2017,2579
4302238,RS,Boa Vista do Incra,BOA VISTA DO INCRA,2018,2590
4302238,RS,Boa Vista do Incra,BOA VISTA DO INCRA,2019,2603
4302238,RS,Boa Vista do Incra,BOA VISTA DO INCRA,2020,2616
4302238,RS,Boa Vista do Incra,BOA VISTA DO INCRA,2021,2628
4302253,RS,Boa Vista do Sul,BOA VISTA DO SUL,2013,2860
4302253,RS,Boa Vista do Sul,BOA VISTA DO SUL,2014,2859
4302253,RS,Boa Vista do Sul,BOA VISTA DO SUL,2015,2859
4302253,RS,Boa Vista do Sul,BOA VISTA DO SUL,2016,2859
4302253,RS,Boa Vista do Sul,BOA VISTA DO SUL,2017,2859
4302253,RS,Boa Vista do Sul,BOA VISTA DO SUL,2018,2788
4302253,RS,Boa Vista do Sul,BOA VISTA DO SUL,2019,2783
4302253,RS,Boa Vista do Sul,BOA VISTA DO SUL,2020,2778
4302253,RS,Boa Vista do Sul,BOA VISTA DO SUL,2021,2773
4302303,RS,Bom Jesus,BOM JESUS,2013,11823
4302303,RS,Bom Jesus,BOM JESUS,2014,11809
4302303,RS,Bom Jesus,BOM JESUS,2015,11797
4302303,RS,Bom Jesus,BOM JESUS,2016,11784
4302303,RS,Bom Jesus,BOM JESUS,2017,11773
4302303,RS,Bom Jesus,BOM JESUS,2018,11391
4302303,RS,Bom Jesus,BOM JESUS,2019,11349
4302303,RS,Bom Jesus,BOM JESUS,2020,11309
4302303,RS,Bom Jesus,BOM JESUS,2021,11270
4302352,RS,Bom Princípio,BOM PRINCIPIO,2013,12644
4302352,RS,Bom Princípio,BOM PRINCIPIO,2014,12792
4302352,RS,Bom Princípio,BOM PRINCIPIO,2015,12932
4302352,RS,Bom Princípio,BOM PRINCIPIO,2016,13064
4302352,RS,Bom Princípio,BOM PRINCIPIO,2017,13189
4302352,RS,Bom Princípio,BOM PRINCIPIO,2018,13846
4302352,RS,Bom Princípio,BOM PRINCIPIO,2019,14055
4302352,RS,Bom Princípio,BOM PRINCIPIO,2020,14255
4302352,RS,Bom Princípio,BOM PRINCIPIO,2021,14446
4302378,RS,Bom Progresso,BOM PROGRESSO,2013,2311
4302378,RS,Bom Progresso,BOM PROGRESSO,2014,2285
4302378,RS,Bom Progresso,BOM PROGRESSO,2015,2261
4302378,RS,Bom Progresso,BOM PROGRESSO,2016,2238
4302378,RS,Bom Progresso,BOM PROGRESSO,2017,2216
4302378,RS,Bom Progresso,BOM PROGRESSO,2018,1987
4302378,RS,Bom Progresso,BOM PROGRESSO,2019,1942
4302378,RS,Bom Progresso,BOM PROGRESSO,2020,1899
4302378,RS,Bom Progresso,BOM PROGRESSO,2021,1858
4302402,RS,Bom Retiro do Sul,BOM RETIRO DO SUL,2013,12004
4302402,RS,Bom Retiro do Sul,BOM RETIRO DO SUL,2014,12058
4302402,RS,Bom Retiro do Sul,BOM RETIRO DO SUL,2015,12110
4302402,RS,Bom Retiro do Sul,BOM RETIRO DO SUL,2016,12158
4302402,RS,Bom Retiro do Sul,BOM RETIRO DO SUL,2017,12204
4302402,RS,Bom Retiro do Sul,BOM RETIRO DO SUL,2018,12265
4302402,RS,Bom Retiro do Sul,BOM RETIRO DO SUL,2019,12328
4302402,RS,Bom Retiro do Sul,BOM RETIRO DO SUL,2020,12390
4302402,RS,Bom Retiro do Sul,BOM RETIRO DO SUL,2021,12448
4302451,RS,Boqueirão do Leão,BOQUEIRAO DO LEAO,2013,7910
4302451,RS,Boqueirão do Leão,BOQUEIRAO DO LEAO,2014,7911
4302451,RS,Boqueirão do Leão,BOQUEIRAO DO LEAO,2015,7912
4302451,RS,Boqueirão do Leão,BOQUEIRAO DO LEAO,2016,7913
4302451,RS,Boqueirão do Leão,BOQUEIRAO DO LEAO,2017,7914
4302451,RS,Boqueirão do Leão,BOQUEIRAO DO LEAO,2018,7726
4302451,RS,Boqueirão do Leão,BOQUEIRAO DO LEAO,2019,7714
4302451,RS,Boqueirão do Leão,BOQUEIRAO DO LEAO,2020,7702
4302451,RS,Boqueirão do Leão,BOQUEIRAO DO LEAO,2021,7691
4302501,RS,Bossoroca,BOSSOROCA,2013,6953
4302501,RS,Bossoroca,BOSSOROCA,2014,6912
4302501,RS,Bossoroca,BOSSOROCA,2015,6873
4302501,RS,Bossoroca,BOSSOROCA,2016,6836
4302501,RS,Bossoroca,BOSSOROCA,2017,6801
4302501,RS,Bossoroca,BOSSOROCA,2018,6356
4302501,RS,Bossoroca,BOSSOROCA,2019,6279
4302501,RS,Bossoroca,BOSSOROCA,2020,6205
4302501,RS,Bossoroca,BOSSOROCA,2021,6135
4302584,RS,Bozano,BOZANO,2013,2248
4302584,RS,Bozano,BOZANO,2014,2243
4302584,RS,Bozano,BOZANO,2015,2238
4302584,RS,Bozano,BOZANO,2016,2233
4302584,RS,Bozano,BOZANO,2017,2228
4302584,RS,Bozano,BOZANO,2018,2135
4302584,RS,Bozano,BOZANO,2019,2123
4302584,RS,Bozano,BOZANO,2020,2111
4302584,RS,Bozano,BOZANO,2021,2099
4302600,RS,Braga,BRAGA,2013,3735
4302600,RS,Braga,BRAGA,2014,3711
4302600,RS,Braga,BRAGA,2015,3688
4302600,RS,Braga,BRAGA,2016,3667
4302600,RS,Braga,BRAGA,2017,3647
4302600,RS,Braga,BRAGA,2018,3397
4302600,RS,Braga,BRAGA,2019,3353
4302600,RS,Braga,BRAGA,2020,3311
4302600,RS,Braga,BRAGA,2021,3271
4302659,RS,Brochier,BROCHIER,2013,4902
4302659,RS,Brochier,BROCHIER,2014,4928
4302659,RS,Brochier,BROCHIER,2015,4952
4302659,RS,Brochier,BROCHIER,2016,4975
4302659,RS,Brochier,BROCHIER,2017,4996
4302659,RS,Brochier,BROCHIER,2018,5043
4302659,RS,Brochier,BROCHIER,2019,5074
4302659,RS,Brochier,BROCHIER,2020,5104
4302659,RS,Brochier,BROCHIER,2021,5132
4302709,RS,Butiá,BUTIA,2013,21131
4302709,RS,Butiá,BUTIA,2014,21163
4302709,RS,Butiá,BUTIA,2015,21192
4302709,RS,Butiá,BUTIA,2016,21220
4302709,RS,Butiá,BUTIA,2017,21247
4302709,RS,Butiá,BUTIA,2018,20929
4302709,RS,Butiá,BUTIA,2019,20941
4302709,RS,Butiá,BUTIA,2020,20952
4302709,RS,Butiá,BUTIA,2021,20963
4302808,RS,Caçapava do Sul,CACAPAVA DO SUL,2013,34676
4302808,RS,Caçapava do Sul,CACAPAVA DO SUL,2014,34665
4302808,RS,Caçapava do Sul,CACAPAVA DO SUL,2015,34654
4302808,RS,Caçapava do Sul,CACAPAVA DO SUL,2016,34644
4302808,RS,Caçapava do Sul,CACAPAVA DO SUL,2017,34634
4302808,RS,Caçapava do Sul,CACAPAVA DO SUL,2018,33702
4302808,RS,Caçapava do Sul,CACAPAVA DO SUL,2019,33624
4302808,RS,Caçapava do Sul,CACAPAVA DO SUL,2020,33548
4302808,RS,Caçapava do Sul,CACAPAVA DO SUL,2021,33476
4302907,RS,Cacequi,CACEQUI,2013,13834
4302907,RS,Cacequi,CACEQUI,2014,13757
4302907,RS,Cacequi,CACEQUI,2015,13685
4302907,RS,Cacequi,CACEQUI,2016,13616
4302907,RS,Cacequi,CACEQUI,2017,13552
4302907,RS,Cacequi,CACEQUI,2018,12705
4302907,RS,Cacequi,CACEQUI,2019,12561
4302907,RS,Cacequi,CACEQUI,2020,12423
4302907,RS,Cacequi,CACEQUI,2021,12291
4303004,RS,Cachoeira do Sul,CACHOEIRA DO SUL,2013,85955
4303004,RS,Cachoeira do Sul,CACHOEIRA DO SUL,2014,85830
4303004,RS,Cachoeira do Sul,CACHOEIRA DO SUL,2015,85712
4303004,RS,Cachoeira do Sul,CACHOEIRA DO SUL,2016,85600
4303004,RS,Cachoeira do Sul,CACHOEIRA DO SUL,2017,85495
4303004,RS,Cachoeira do Sul,CACHOEIRA DO SUL,2018,82547
4303004,RS,Cachoeira do Sul,CACHOEIRA DO SUL,2019,82201
4303004,RS,Cachoeira do Sul,CACHOEIRA DO SUL,2020,81869
4303004,RS,Cachoeira do Sul,CACHOEIRA DO SUL,2021,81552
4303103,RS,Cachoeirinha,CACHOEIRINHA,2013,124472
4303103,RS,Cachoeirinha,CACHOEIRINHA,2014,125246
4303103,RS,Cachoeirinha,CACHOEIRINHA,2015,125975
4303103,RS,Cachoeirinha,CACHOEIRINHA,2016,126666
4303103,RS,Cachoeirinha,CACHOEIRINHA,2017,127318
4303103,RS,Cachoeirinha,CACHOEIRINHA,2018,129307
4303103,RS,Cachoeirinha,CACHOEIRINHA,2019,130293
4303103,RS,Cachoeirinha,CACHOEIRINHA,2020,131240
4303103,RS,Cachoeirinha,CACHOEIRINHA,2021,132144
4303202,RS,Cacique Doble,CACIQUE DOBLE,2013,5056
4303202,RS,Cacique Doble,CACIQUE DOBLE,2014,5068
4303202,RS,Cacique Doble,CACIQUE DOBLE,2015,5080
4303202,RS,Cacique Doble,CACIQUE DOBLE,2016,5090
4303202,RS,Cacique Doble,CACIQUE DOBLE,2017,5100
4303202,RS,Cacique Doble,CACIQUE DOBLE,2018,5055
4303202,RS,Cacique Doble,CACIQUE DOBLE,2019,5065
4303202,RS,Cacique Doble,CACIQUE DOBLE,2020,5074
4303202,RS,Cacique Doble,CACIQUE DOBLE,2021,5083
4303301,RS,Caibaté,CAIBATE,2013,5075
4303301,RS,Caibaté,CAIBATE,2014,5066
4303301,RS,Caibaté,CAIBATE,2015,5058
4303301,RS,Caibaté,CAIBATE,2016,5050
4303301,RS,Caibaté,CAIBATE,2017,5042
4303301,RS,Caibaté,CAIBATE,2018,4856
4303301,RS,Caibaté,CAIBATE,2019,4846
4303301,RS,Caibaté,CAIBATE,2020,4823
4303301,RS,Caibaté,CAIBATE,2021,4802
4303400,RS,Caiçara,CAICARA,2013,5148
4303400,RS,Caiçara,CAICARA,2014,5125
4303400,RS,Caiçara,CAICARA,2015,5104
4303400,RS,Caiçara,CAICARA,2016,5083
4303400,RS,Caiçara,CAICARA,2017,5064
4303400,RS,Caiçara,CAICARA,2018,4788
4303400,RS,Caiçara,CAICARA,2019,4743
4303400,RS,Caiçara,CAICARA,2020,4700
4303400,RS,Caiçara,CAICARA,2021,4659
4303509,RS,Camaquã,CAMAQUA,2013,65409
4303509,RS,Camaquã,CAMAQUA,2014,65628
4303509,RS,Camaquã,CAMAQUA,2015,65835
4303509,RS,Camaquã,CAMAQUA,2016,66031
4303509,RS,Camaquã,CAMAQUA,2017,66215
4303509,RS,Camaquã,CAMAQUA,2018,66034
4303509,RS,Camaquã,CAMAQUA,2019,66261
4303509,RS,Camaquã,CAMAQUA,2020,66478
4303509,RS,Camaquã,CAMAQUA,2021,66686
4303558,RS,Camargo,CAMARGO,2013,2701
4303558,RS,Camargo,CAMARGO,2014,2710
4303558,RS,Camargo,CAMARGO,2015,2718
4303558,RS,Camargo,CAMARGO,2016,2726
4303558,RS,Camargo,CAMARGO,2017,2733
4303558,RS,Camargo,CAMARGO,2018,2724
4303558,RS,Camargo,CAMARGO,2019,2733
4303558,RS,Camargo,CAMARGO,2020,2742
4303558,RS,Camargo,CAMARGO,2021,2750
4303608,RS,Cambará do Sul,CAMBARA DO SUL,2013,6712
4303608,RS,Cambará do Sul,CAMBARA DO SUL,2014,6703
4303608,RS,Cambará do Sul,CAMBARA DO SUL,2015,6695
4303608,RS,Cambará do Sul,CAMBARA DO SUL,2016,6687
4303608,RS,Cambará do Sul,CAMBARA DO SUL,2017,6680
4303608,RS,Cambará do Sul,CAMBARA DO SUL,2018,6456
4303608,RS,Cambará do Sul,CAMBARA DO SUL,2019,6431
4303608,RS,Cambará do Sul,CAMBARA DO SUL,2020,6406
4303608,RS,Cambará do Sul,CAMBARA DO SUL,2021,6383
4303673,RS,Campestre da Serra,CAMPESTRE DA SERRA,2013,3375
4303673,RS,Campestre da Serra,CAMPESTRE DA SERRA,2014,3384
4303673,RS,Campestre da Serra,CAMPESTRE DA SERRA,2015,3392
4303673,RS,Campestre da Serra,CAMPESTRE DA SERRA,2016,3400
4303673,RS,Campestre da Serra,CAMPESTRE DA SERRA,2017,3407
4303673,RS,Campestre da Serra,CAMPESTRE DA SERRA,2018,3380
4303673,RS,Campestre da Serra,CAMPESTRE DA SERRA,2019,3388
4303673,RS,Campestre da Serra,CAMPESTRE DA SERRA,2020,3395
4303673,RS,Campestre da Serra,CAMPESTRE DA SERRA,2021,3402
4303707,RS,Campina das Missões,CAMPINA DAS MISSOES,2013,6156
4303707,RS,Campina das Missões,CAMPINA DAS MISSOES,2014,6112
4303707,RS,Campina das Missões,CAMPINA DAS MISSOES,2015,6070
4303707,RS,Campina das Missões,CAMPINA DAS MISSOES,2016,6031
4303707,RS,Campina das Missões,CAMPINA DAS MISSOES,2017,5994
4303707,RS,Campina das Missões,CAMPINA DAS MISSOES,2018,5553
4303707,RS,Campina das Missões,CAMPINA DAS MISSOES,2019,5474
4303707,RS,Campina das Missões,CAMPINA DAS MISSOES,2020,5398
4303707,RS,Campina das Missões,CAMPINA DAS MISSOES,2021,5325
4303806,RS,Campinas do Sul,CAMPINAS DO SUL,2013,5658
4303806,RS,Campinas do Sul,CAMPINAS DO SUL,2014,5653
4303806,RS,Campinas do Sul,CAMPINAS DO SUL,2015,5649
4303806,RS,Campinas do Sul,CAMPINAS DO SUL,2016,5645
4303806,RS,Campinas do Sul,CAMPINAS DO SUL,2017,5641
4303806,RS,Campinas do Sul,CAMPINAS DO SUL,2018,5471
4303806,RS,Campinas do Sul,CAMPINAS DO SUL,2019,5454
4303806,RS,Campinas do Sul,CAMPINAS DO SUL,2020,5438
4303806,RS,Campinas do Sul,CAMPINAS DO SUL,2021,5422
4303905,RS,Campo Bom,CAMPO BOM,2013,63339
4303905,RS,Campo Bom,CAMPO BOM,2014,63767
4303905,RS,Campo Bom,CAMPO BOM,2015,64171
4303905,RS,Campo Bom,CAMPO BOM,2016,64553
4303905,RS,Campo Bom,CAMPO BOM,2017,64914
4303905,RS,Campo Bom,CAMPO BOM,2018,66156
4303905,RS,Campo Bom,CAMPO BOM,2019,66712
4303905,RS,Campo Bom,CAMPO BOM,2020,69458
4303905,RS,Campo Bom,CAMPO BOM,2021,69981
4304002,RS,Campo Novo,CAMPO NOVO,2013,5404
4304002,RS,Campo Novo,CAMPO NOVO,2014,5338
4304002,RS,Campo Novo,CAMPO NOVO,2015,5276
4304002,RS,Campo Novo,CAMPO NOVO,2016,5217
4304002,RS,Campo Novo,CAMPO NOVO,2017,5161
4304002,RS,Campo Novo,CAMPO NOVO,2018,4596
4304002,RS,Campo Novo,CAMPO NOVO,2019,4484
4304002,RS,Campo Novo,CAMPO NOVO,2020,4376
4304002,RS,Campo Novo,CAMPO NOVO,2021,4273
4304101,RS,Campos Borges,CAMPOS BORGES,2013,3559
4304101,RS,Campos Borges,CAMPOS BORGES,2014,3546
4304101,RS,Campos Borges,CAMPOS BORGES,2015,3535
4304101,RS,Campos Borges,CAMPOS BORGES,2016,3524
4304101,RS,Campos Borges,CAMPOS BORGES,2017,3514
4304101,RS,Campos Borges,CAMPOS BORGES,2018,3345
4304101,RS,Campos Borges,CAMPOS BORGES,2019,3320
4304101,RS,Campos Borges,CAMPOS BORGES,2020,3295
4304101,RS,Campos Borges,CAMPOS BORGES,2021,3272
4304200,RS,Candelária,CANDELARIA,2013,31334
4304200,RS,Candelária,CANDELARIA,2014,31407
4304200,RS,Candelária,CANDELARIA,2015,31476
4304200,RS,Candelária,CANDELARIA,2016,31541
4304200,RS,Candelária,CANDELARIA,2017,31603
4304200,RS,Candelária,CANDELARIA,2018,31306
4304200,RS,Candelária,CANDELARIA,2019,31365
4304200,RS,Candelária,CANDELARIA,2020,31421
4304200,RS,Candelária,CANDELARIA,2021,31475
4304309,RS,Cândido Godói,CANDIDO GODOI,2013,6654
4304309,RS,Cândido Godói,CANDIDO GODOI,2014,6631
4304309,RS,Cândido Godói,CANDIDO GODOI,2015,6608
4304309,RS,Cândido Godói,CANDIDO GODOI,2016,6587
4304309,RS,Cândido Godói,CANDIDO GODOI,2017,6567
4304309,RS,Cândido Godói,CANDIDO GODOI,2018,6246
4304309,RS,Cândido Godói,CANDIDO GODOI,2019,6198
4304309,RS,Cândido Godói,CANDIDO GODOI,2020,6151
4304309,RS,Cândido Godói,CANDIDO GODOI,2021,6106
4304358,RS,Candiota,CANDIOTA,2013,9214
4304358,RS,Candiota,CANDIOTA,2014,9266
4304358,RS,Candiota,CANDIOTA,2015,9315
4304358,RS,Candiota,CANDIOTA,2016,9362
4304358,RS,Candiota,CANDIOTA,2017,9406
4304358,RS,Candiota,CANDIOTA,2018,9519
4304358,RS,Candiota,CANDIOTA,2019,9584
4304358,RS,Candiota,CANDIOTA,2020,9647
4304358,RS,Candiota,CANDIOTA,2021,9707
4304408,RS,Canela,CANELA,2013,41682
4304408,RS,Canela,CANELA,2014,42057
4304408,RS,Canela,CANELA,2015,42411
4304408,RS,Canela,CANELA,2016,42746
4304408,RS,Canela,CANELA,2017,43062
4304408,RS,Canela,CANELA,2018,44489
4304408,RS,Canela,CANELA,2019,44998
4304408,RS,Canela,CANELA,2020,45488
4304408,RS,Canela,CANELA,2021,45957
4304507,RS,Canguçu,CANGUCU,2013,55462
4304507,RS,Canguçu,CANGUCU,2014,55637
4304507,RS,Canguçu,CANGUCU,2015,55801
4304507,RS,Canguçu,CANGUCU,2016,55956
4304507,RS,Canguçu,CANGUCU,2017,56103
4304507,RS,Canguçu,CANGUCU,2018,55871
4304507,RS,Canguçu,CANGUCU,2019,56045
4304507,RS,Canguçu,CANGUCU,2020,56211
4304507,RS,Canguçu,CANGUCU,2021,56370
4304606,RS,Canoas,CANOAS,2013,338531
4304606,RS,Canoas,CANOAS,2014,339979
4304606,RS,Canoas,CANOAS,2015,341343
4304606,RS,Canoas,CANOAS,2016,342634
4304606,RS,Canoas,CANOAS,2017,343853
4304606,RS,Canoas,CANOAS,2018,344957
4304606,RS,Canoas,CANOAS,2019,346616
4304606,RS,Canoas,CANOAS,2020,348208
4304606,RS,Canoas,CANOAS,2021,349728
4304614,RS,Canudos do Vale,CANUDOS DO VALE,2013,1841
4304614,RS,Canudos do Vale,CANUDOS DO VALE,2014,1834
4304614,RS,Canudos do Vale,CANUDOS DO VALE,2015,1828
4304614,RS,Canudos do Vale,CANUDOS DO VALE,2016,1823
4304614,RS,Canudos do Vale,CANUDOS DO VALE,2017,1817
4304614,RS,Canudos do Vale,CANUDOS DO VALE,2018,1729
4304614,RS,Canudos do Vale,CANUDOS DO VALE,2019,1716
4304614,RS,Canudos do Vale,CANUDOS DO VALE,2020,1705
4304614,RS,Canudos do Vale,CANUDOS DO VALE,2021,1693
4304622,RS,Capão Bonito do Sul,CAPAO BONITO DO SUL,2013,1783
4304622,RS,Capão Bonito do Sul,CAPAO BONITO DO SUL,2014,1776
4304622,RS,Capão Bonito do Sul,CAPAO BONITO DO SUL,2015,1770
4304622,RS,Capão Bonito do Sul,CAPAO BONITO DO SUL,2016,1764
4304622,RS,Capão Bonito do Sul,CAPAO BONITO DO SUL,2017,1758
4304622,RS,Capão Bonito do Sul,CAPAO BONITO DO SUL,2018,1668
4304622,RS,Capão Bonito do Sul,CAPAO BONITO DO SUL,2019,1654
4304622,RS,Capão Bonito do Sul,CAPAO BONITO DO SUL,2020,1641
4304622,RS,Capão Bonito do Sul,CAPAO BONITO DO SUL,2021,1628
4304630,RS,Capão da Canoa,CAPAO DA CANOA,2013,45744
4304630,RS,Capão da Canoa,CAPAO DA CANOA,2014,46467
4304630,RS,Capão da Canoa,CAPAO DA CANOA,2015,47148
4304630,RS,Capão da Canoa,CAPAO DA CANOA,2016,47792
4304630,RS,Capão da Canoa,CAPAO DA CANOA,2017,48401
4304630,RS,Capão da Canoa,CAPAO DA CANOA,2018,52004
4304630,RS,Capão da Canoa,CAPAO DA CANOA,2019,53049
4304630,RS,Capão da Canoa,CAPAO DA CANOA,2020,54051
4304630,RS,Capão da Canoa,CAPAO DA CANOA,2021,55009
4304655,RS,Capão do Cipó,CAPAO DO CIPO,2013,3318
4304655,RS,Capão do Cipó,CAPAO DO CIPO,2014,3354
4304655,RS,Capão do Cipó,CAPAO DO CIPO,2015,3387
4304655,RS,Capão do Cipó,CAPAO DO CIPO,2016,3419
4304655,RS,Capão do Cipó,CAPAO DO CIPO,2017,3449
4304655,RS,Capão do Cipó,CAPAO DO CIPO,2018,3602
4304655,RS,Capão do Cipó,CAPAO DO CIPO,2019,3651
4304655,RS,Capão do Cipó,CAPAO DO CIPO,2020,3699
4304655,RS,Capão do Cipó,CAPAO DO CIPO,2021,3745
4304663,RS,Capão do Leão,CAPAO DO LEAO,2013,25256
4304663,RS,Capão do Leão,CAPAO DO LEAO,2014,25321
4304663,RS,Capão do Leão,CAPAO DO LEAO,2015,25382
4304663,RS,Capão do Leão,CAPAO DO LEAO,2016,25441
4304663,RS,Capão do Leão,CAPAO DO LEAO,2017,25495
4304663,RS,Capão do Leão,CAPAO DO LEAO,2018,25297
4304663,RS,Capão do Leão,CAPAO DO LEAO,2019,25354
4304663,RS,Capão do Leão,CAPAO DO LEAO,2020,25409
4304663,RS,Capão do Leão,CAPAO DO LEAO,2021,25462
4304689,RS,Capela de Santana,CAPELA DE SANTANA,2013,12323
4304689,RS,Capela de Santana,CAPELA DE SANTANA,2014,11198
4304689,RS,Capela de Santana,CAPELA DE SANTANA,2015,11289
4304689,RS,Capela de Santana,CAPELA DE SANTANA,2016,11375
4304689,RS,Capela de Santana,CAPELA DE SANTANA,2017,11455
4304689,RS,Capela de Santana,CAPELA DE SANTANA,2018,11810
4304689,RS,Capela de Santana,CAPELA DE SANTANA,2019,11940
4304689,RS,Capela de Santana,CAPELA DE SANTANA,2020,12064
4304689,RS,Capela de Santana,CAPELA DE SANTANA,2021,12183
4304697,RS,Capitão,CAPITAO,2013,2741
4304697,RS,Capitão,CAPITAO,2014,2749
4304697,RS,Capitão,CAPITAO,2015,2756
4304697,RS,Capitão,CAPITAO,2016,2763
4304697,RS,Capitão,CAPITAO,2017,2769
4304697,RS,Capitão,CAPITAO,2018,2750
4304697,RS,Capitão,CAPITAO,2019,2757
4304697,RS,Capitão,CAPITAO,2020,2763
4304697,RS,Capitão,CAPITAO,2021,2770
4304671,RS,Capivari do Sul,CAPIVARI DO SUL,2013,4177
4304671,RS,Capivari do Sul,CAPIVARI DO SUL,2014,4227
4304671,RS,Capivari do Sul,CAPIVARI DO SUL,2015,4275
4304671,RS,Capivari do Sul,CAPIVARI DO SUL,2016,4320
4304671,RS,Capivari do Sul,CAPIVARI DO SUL,2017,4362
4304671,RS,Capivari do Sul,CAPIVARI DO SUL,2018,4589
4304671,RS,Capivari do Sul,CAPIVARI DO SUL,2019,4660
4304671,RS,Capivari do Sul,CAPIVARI DO SUL,2020,4728
4304671,RS,Capivari do Sul,CAPIVARI DO SUL,2021,4793
4304713,RS,Caraá,CARAA,2013,7742
4304713,RS,Caraá,CARAA,2014,7804
4304713,RS,Caraá,CARAA,2015,7863
4304713,RS,Caraá,CARAA,2016,7918
4304713,RS,Caraá,CARAA,2017,7971
4304713,RS,Caraá,CARAA,2018,8187
4304713,RS,Caraá,CARAA,2019,8270
4304713,RS,Caraá,CARAA,2020,8350
4304713,RS,Caraá,CARAA,2021,8426
4304705,RS,Carazinho,CARAZINHO,2013,61702
4304705,RS,Carazinho,CARAZINHO,2014,61875
4304705,RS,Carazinho,CARAZINHO,2015,62039
4304705,RS,Carazinho,CARAZINHO,2016,62193
4304705,RS,Carazinho,CARAZINHO,2017,62339
4304705,RS,Carazinho,CARAZINHO,2018,61949
4304705,RS,Carazinho,CARAZINHO,2019,62110
4304705,RS,Carazinho,CARAZINHO,2020,62265
4304705,RS,Carazinho,CARAZINHO,2021,62413
4304804,RS,Carlos Barbosa,CARLOS BARBOSA,2013,26976
4304804,RS,Carlos Barbosa,CARLOS BARBOSA,2014,27279
4304804,RS,Carlos Barbosa,CARLOS BARBOSA,2015,27565
4304804,RS,Carlos Barbosa,CARLOS BARBOSA,2016,27835
4304804,RS,Carlos Barbosa,CARLOS BARBOSA,2017,28091
4304804,RS,Carlos Barbosa,CARLOS BARBOSA,2018,29409
4304804,RS,Carlos Barbosa,CARLOS BARBOSA,2019,29833
4304804,RS,Carlos Barbosa,CARLOS BARBOSA,2020,30241
4304804,RS,Carlos Barbosa,CARLOS BARBOSA,2021,30630
4304853,RS,Carlos Gomes,CARLOS GOMES,2013,1604
4304853,RS,Carlos Gomes,CARLOS GOMES,2014,1588
4304853,RS,Carlos Gomes,CARLOS GOMES,2015,1574
4304853,RS,Carlos Gomes,CARLOS GOMES,2016,1560
4304853,RS,Carlos Gomes,CARLOS GOMES,2017,1547
4304853,RS,Carlos Gomes,CARLOS GOMES,2018,1404
4304853,RS,Carlos Gomes,CARLOS GOMES,2019,1377
4304853,RS,Carlos Gomes,CARLOS GOMES,2020,1351
4304853,RS,Carlos Gomes,CARLOS GOMES,2021,1327
4304903,RS,Casca,CASCA,2013,8993
4304903,RS,Casca,CASCA,2014,9016
4304903,RS,Casca,CASCA,2015,9038
4304903,RS,Casca,CASCA,2016,9059
4304903,RS,Casca,CASCA,2017,9079
4304903,RS,Casca,CASCA,2018,9010
4304903,RS,Casca,CASCA,2019,9031
4304903,RS,Casca,CASCA,2020,9051
4304903,RS,Casca,CASCA,2021,9070
4304952,RS,Caseiros,CASEIROS,2013,3139
4304952,RS,Caseiros,CASEIROS,2014,3152
4304952,RS,Caseiros,CASEIROS,2015,3163
4304952,RS,Caseiros,CASEIROS,2016,3174
4304952,RS,Caseiros,CASEIROS,2017,3185
4304952,RS,Caseiros,CASEIROS,2018,3189
4304952,RS,Caseiros,CASEIROS,2019,3202
4304952,RS,Caseiros,CASEIROS,2020,3216
4304952,RS,Caseiros,CASEIROS,2021,3228
4305009,RS,Catuípe,CATUIPE,2013,9477
4305009,RS,Catuípe,CATUIPE,2014,9438
4305009,RS,Catuípe,CATUIPE,2015,9402
4305009,RS,Catuípe,CATUIPE,2016,9367
4305009,RS,Catuípe,CATUIPE,2017,9335
4305009,RS,Catuípe,CATUIPE,2018,8851
4305009,RS,Catuípe,CATUIPE,2019,8774
4305009,RS,Catuípe,CATUIPE,2020,8701
4305009,RS,Catuípe,CATUIPE,2021,8631
4305108,RS,Caxias do Sul,CAXIAS DO SUL,2013,465304
4305108,RS,Caxias do Sul,CAXIAS DO SUL,2014,470223
4305108,RS,Caxias do Sul,CAXIAS DO SUL,2015,474853
4305108,RS,Caxias do Sul,CAXIAS DO SUL,2016,479236
4305108,RS,Caxias do Sul,CAXIAS DO SUL,2017,483377
4305108,RS,Caxias do Sul,CAXIAS DO SUL,2018,504069
4305108,RS,Caxias do Sul,CAXIAS DO SUL,2019,510906
4305108,RS,Caxias do Sul,CAXIAS DO SUL,2020,517451
4305108,RS,Caxias do Sul,CAXIAS DO SUL,2021,523716
4305116,RS,Centenário,CENTENARIO,2013,3036
4305116,RS,Centenário,CENTENARIO,2014,3031
4305116,RS,Centenário,CENTENARIO,2015,3026
4305116,RS,Centenário,CENTENARIO,2016,3021
4305116,RS,Centenário,CENTENARIO,2017,3016
4305116,RS,Centenário,CENTENARIO,2018,2905
4305116,RS,Centenário,CENTENARIO,2019,2891
4305116,RS,Centenário,CENTENARIO,2020,2877
4305116,RS,Centenário,CENTENARIO,2021,2865
4305124,RS,Cerrito,CERRITO,2013,6523
4305124,RS,Cerrito,CERRITO,2014,6501
4305124,RS,Cerrito,CERRITO,2015,6481
4305124,RS,Cerrito,CERRITO,2016,6461
4305124,RS,Cerrito,CERRITO,2017,6443
4305124,RS,Cerrito,CERRITO,2018,6136
4305124,RS,Cerrito,CERRITO,2019,6091
4305124,RS,Cerrito,CERRITO,2020,6047
4305124,RS,Cerrito,CERRITO,2021,6005
4305132,RS,Cerro Branco,CERRO BRANCO,2013,4639
4305132,RS,Cerro Branco,CERRO BRANCO,2014,4654
4305132,RS,Cerro Branco,CERRO BRANCO,2015,4668
4305132,RS,Cerro Branco,CERRO BRANCO,2016,4681
4305132,RS,Cerro Branco,CERRO BRANCO,2017,4694
4305132,RS,Cerro Branco,CERRO BRANCO,2018,4676
4305132,RS,Cerro Branco,CERRO BRANCO,2019,4691
4305132,RS,Cerro Branco,CERRO BRANCO,2020,4706
4305132,RS,Cerro Branco,CERRO BRANCO,2021,4720
4305157,RS,Cerro Grande,CERRO GRANDE,2013,2465
4305157,RS,Cerro Grande,CERRO GRANDE,2014,2457
4305157,RS,Cerro Grande,CERRO GRANDE,2015,2450
4305157,RS,Cerro Grande,CERRO GRANDE,2016,2443
4305157,RS,Cerro Grande,CERRO GRANDE,2017,2437
4305157,RS,Cerro Grande,CERRO GRANDE,2018,2327
4305157,RS,Cerro Grande,CERRO GRANDE,2019,2311
4305157,RS,Cerro Grande,CERRO GRANDE,2020,2296
4305157,RS,Cerro Grande,CERRO GRANDE,2021,2281
4305173,RS,Cerro Grande do Sul,CERRO GRANDE DO SUL,2013,11012
4305173,RS,Cerro Grande do Sul,CERRO GRANDE DO SUL,2014,11141
4305173,RS,Cerro Grande do Sul,CERRO GRANDE DO SUL,2015,11263
4305173,RS,Cerro Grande do Sul,CERRO GRANDE DO SUL,2016,11377
4305173,RS,Cerro Grande do Sul,CERRO GRANDE DO SUL,2017,11486
4305173,RS,Cerro Grande do Sul,CERRO GRANDE DO SUL,2018,12058
4305173,RS,Cerro Grande do Sul,CERRO GRANDE DO SUL,2019,12239
4305173,RS,Cerro Grande do Sul,CERRO GRANDE DO SUL,2020,12413
4305173,RS,Cerro Grande do Sul,CERRO GRANDE DO SUL,2021,12579
4305207,RS,Cerro Largo,CERRO LARGO,2013,13872
4305207,RS,Cerro Largo,CERRO LARGO,2014,13926
4305207,RS,Cerro Largo,CERRO LARGO,2015,13976
4305207,RS,Cerro Largo,CERRO LARGO,2016,14024
4305207,RS,Cerro Largo,CERRO LARGO,2017,14069
4305207,RS,Cerro Largo,CERRO LARGO,2018,14074
4305207,RS,Cerro Largo,CERRO LARGO,2019,14133
4305207,RS,Cerro Largo,CERRO LARGO,2020,14189
4305207,RS,Cerro Largo,CERRO LARGO,2021,14243
4305306,RS,Chapada,CHAPADA,2013,9631
4305306,RS,Chapada,CHAPADA,2014,9622
4305306,RS,Chapada,CHAPADA,2015,9613
4305306,RS,Chapada,CHAPADA,2016,9605
4305306,RS,Chapada,CHAPADA,2017,9597
4305306,RS,Chapada,CHAPADA,2018,9300
4305306,RS,Chapada,CHAPADA,2019,9269
4305306,RS,Chapada,CHAPADA,2020,9239
4305306,RS,Chapada,CHAPADA,2021,9211
4305355,RS,Charqueadas,CHARQUEADAS,2013,37589
4305355,RS,Charqueadas,CHARQUEADAS,2014,37946
4305355,RS,Charqueadas,CHARQUEADAS,2015,38281
4305355,RS,Charqueadas,CHARQUEADAS,2016,38599
4305355,RS,Charqueadas,CHARQUEADAS,2017,38899
4305355,RS,Charqueadas,CHARQUEADAS,2018,40301
4305355,RS,Charqueadas,CHARQUEADAS,2019,40789
4305355,RS,Charqueadas,CHARQUEADAS,2020,41258
4305355,RS,Charqueadas,CHARQUEADAS,2021,41705
4305371,RS,Charrua,CHARRUA,2013,3532
4305371,RS,Charrua,CHARRUA,2014,3518
4305371,RS,Charrua,CHARRUA,2015,3505
4305371,RS,Charrua,CHARRUA,2016,3493
4305371,RS,Charrua,CHARRUA,2017,3482
4305371,RS,Charrua,CHARRUA,2018,3306
4305371,RS,Charrua,CHARRUA,2019,3279
4305371,RS,Charrua,CHARRUA,2020,3252
4305371,RS,Charrua,CHARRUA,2021,3228
4305405,RS,Chiapetta,CHIAPETTA,2013,4100
4305405,RS,Chiapetta,CHIAPETTA,2014,4080
4305405,RS,Chiapetta,CHIAPETTA,2015,4061
4305405,RS,Chiapetta,CHIAPETTA,2016,4043
4305405,RS,Chiapetta,CHIAPETTA,2017,4026
4305405,RS,Chiapetta,CHIAPETTA,2018,3794
4305405,RS,Chiapetta,CHIAPETTA,2019,3756
4305405,RS,Chiapetta,CHIAPETTA,2020,3719
4305405,RS,Chiapetta,CHIAPETTA,2021,3684
4305439,RS,Chuí,CHUI,2013,6269
4305439,RS,Chuí,CHUI,2014,6320
4305439,RS,Chuí,CHUI,2015,6368
4305439,RS,Chuí,CHUI,2016,6413
4305439,RS,Chuí,CHUI,2017,6456
4305439,RS,Chuí,CHUI,2018,6635
4305439,RS,Chuí,CHUI,2019,6704
4305439,RS,Chuí,CHUI,2020,6770
4305439,RS,Chuí,CHUI,2021,6832
4305447,RS,Chuvisca,CHUVISCA,2013,5201
4305447,RS,Chuvisca,CHUVISCA,2014,5233
4305447,RS,Chuvisca,CHUVISCA,2015,5264
4305447,RS,Chuvisca,CHUVISCA,2016,5292
4305447,RS,Chuvisca,CHUVISCA,2017,5319
4305447,RS,Chuvisca,CHUVISCA,2018,5401
4305447,RS,Chuvisca,CHUVISCA,2019,5441
4305447,RS,Chuvisca,CHUVISCA,2020,5480
4305447,RS,Chuvisca,CHUVISCA,2021,5518
4305454,RS,Cidreira,CIDREIRA,2013,13844
4305454,RS,Cidreira,CIDREIRA,2014,14079
4305454,RS,Cidreira,CIDREIRA,2015,14301
4305454,RS,Cidreira,CIDREIRA,2016,14511
4305454,RS,Cidreira,CIDREIRA,2017,14710
4305454,RS,Cidreira,CIDREIRA,2018,15912
4305454,RS,Cidreira,CIDREIRA,2019,16254
4305454,RS,Cidreira,CIDREIRA,2020,16583
4305454,RS,Cidreira,CIDREIRA,2021,16897
4305504,RS,Ciríaco,CIRIACO,2013,5029
4305504,RS,Ciríaco,CIRIACO,2014,5017
4305504,RS,Ciríaco,CIRIACO,2015,5005
4305504,RS,Ciríaco,CIRIACO,2016,4993
4305504,RS,Ciríaco,CIRIACO,2017,4983
4305504,RS,Ciríaco,CIRIACO,2018,4775
4305504,RS,Ciríaco,CIRIACO,2019,4747
4305504,RS,Ciríaco,CIRIACO,2020,4719
4305504,RS,Ciríaco,CIRIACO,2021,4693
4305587,RS,Colinas,COLINAS,2013,2497
4305587,RS,Colinas,COLINAS,2014,2497
4305587,RS,Colinas,COLINAS,2015,2498
4305587,RS,Colinas,COLINAS,2016,2499
4305587,RS,Colinas,COLINAS,2017,2499
4305587,RS,Colinas,COLINAS,2018,2442
4305587,RS,Colinas,COLINAS,2019,2438
4305587,RS,Colinas,COLINAS,2020,2469
4305587,RS,Colinas,COLINAS,2021,2466
4305603,RS,Colorado,COLORADO,2013,3572
4305603,RS,Colorado,COLORADO,2014,3546
4305603,RS,Colorado,COLORADO,2015,3522
4305603,RS,Colorado,COLORADO,2016,3499
4305603,RS,Colorado,COLORADO,2017,3478
4305603,RS,Colorado,COLORADO,2018,3221
4305603,RS,Colorado,COLORADO,2019,3175
4305603,RS,Colorado,COLORADO,2020,3130
4305603,RS,Colorado,COLORADO,2021,3088
4305702,RS,Condor,CONDOR,2013,6791
4305702,RS,Condor,CONDOR,2014,6804
4305702,RS,Condor,CONDOR,2015,6815
4305702,RS,Condor,CONDOR,2016,6826
4305702,RS,Condor,CONDOR,2017,6836
4305702,RS,Condor,CONDOR,2018,6746
4305702,RS,Condor,CONDOR,2019,6753
4305702,RS,Condor,CONDOR,2020,6759
4305702,RS,Condor,CONDOR,2021,6766
4305801,RS,Constantina,CONSTANTINA,2013,10077
4305801,RS,Constantina,CONSTANTINA,2014,10086
4305801,RS,Constantina,CONSTANTINA,2015,10094
4305801,RS,Constantina,CONSTANTINA,2016,10101
4305801,RS,Constantina,CONSTANTINA,2017,10109
4305801,RS,Constantina,CONSTANTINA,2018,9915
4305801,RS,Constantina,CONSTANTINA,2019,9911
4305801,RS,Constantina,CONSTANTINA,2020,9907
4305801,RS,Constantina,CONSTANTINA,2021,9903
4305835,RS,Coqueiro Baixo,COQUEIRO BAIXO,2013,1567
4305835,RS,Coqueiro Baixo,COQUEIRO BAIXO,2014,1564
4305835,RS,Coqueiro Baixo,COQUEIRO BAIXO,2015,1562
4305835,RS,Coqueiro Baixo,COQUEIRO BAIXO,2016,1560
4305835,RS,Coqueiro Baixo,COQUEIRO BAIXO,2017,1559
4305835,RS,Coqueiro Baixo,COQUEIRO BAIXO,2018,1507
4305835,RS,Coqueiro Baixo,COQUEIRO BAIXO,2019,1501
4305835,RS,Coqueiro Baixo,COQUEIRO BAIXO,2020,1495
4305835,RS,Coqueiro Baixo,COQUEIRO BAIXO,2021,1490
4305850,RS,Coqueiros do Sul,COQUEIROS DO SUL,2013,2497
4305850,RS,Coqueiros do Sul,COQUEIROS DO SUL,2014,2486
4305850,RS,Coqueiros do Sul,COQUEIROS DO SUL,2015,2476
4305850,RS,Coqueiros do Sul,COQUEIROS DO SUL,2016,2467
4305850,RS,Coqueiros do Sul,COQUEIROS DO SUL,2017,2458
4305850,RS,Coqueiros do Sul,COQUEIROS DO SUL,2018,2327
4305850,RS,Coqueiros do Sul,COQUEIROS DO SUL,2019,2306
4305850,RS,Coqueiros do Sul,COQUEIROS DO SUL,2020,2286
4305850,RS,Coqueiros do Sul,COQUEIROS DO SUL,2021,2267
4305871,RS,Coronel Barros,CORONEL BARROS,2013,2546
4305871,RS,Coronel Barros,CORONEL BARROS,2014,2549
4305871,RS,Coronel Barros,CORONEL BARROS,2015,2553
4305871,RS,Coronel Barros,CORONEL BARROS,2016,2556
4305871,RS,Coronel Barros,CORONEL BARROS,2017,2559
4305871,RS,Coronel Barros,CORONEL BARROS,2018,2518
4305871,RS,Coronel Barros,CORONEL BARROS,2019,2519
4305871,RS,Coronel Barros,CORONEL BARROS,2020,2520
4305871,RS,Coronel Barros,CORONEL BARROS,2021,2521
4305900,RS,Coronel Bicaco,CORONEL BICACO,2013,7885
4305900,RS,Coronel Bicaco,CORONEL BICACO,2014,7855
4305900,RS,Coronel Bicaco,CORONEL BICACO,2015,7827
4305900,RS,Coronel Bicaco,CORONEL BICACO,2016,7801
4305900,RS,Coronel Bicaco,CORONEL BICACO,2017,7776
4305900,RS,Coronel Bicaco,CORONEL BICACO,2018,7385
4305900,RS,Coronel Bicaco,CORONEL BICACO,2019,7325
4305900,RS,Coronel Bicaco,CORONEL BICACO,2020,7268
4305900,RS,Coronel Bicaco,CORONEL BICACO,2021,7213
4305934,RS,Coronel Pilar,CORONEL PILAR,2013,1754
4305934,RS,Coronel Pilar,CORONEL PILAR,2014,1747
4305934,RS,Coronel Pilar,CORONEL PILAR,2015,1740
4305934,RS,Coronel Pilar,CORONEL PILAR,2016,1734
4305934,RS,Coronel Pilar,CORONEL PILAR,2017,1728
4305934,RS,Coronel Pilar,CORONEL PILAR,2018,1641
4305934,RS,Coronel Pilar,CORONEL PILAR,2019,1628
4305934,RS,Coronel Pilar,CORONEL PILAR,2020,1614
4305934,RS,Coronel Pilar,CORONEL PILAR,2021,1602
4305959,RS,Cotiporã,COTIPORA,2013,4019
4305959,RS,Cotiporã,COTIPORA,2014,4014
4305959,RS,Cotiporã,COTIPORA,2015,4009
4305959,RS,Cotiporã,COTIPORA,2016,4004
4305959,RS,Cotiporã,COTIPORA,2017,4000
4305959,RS,Cotiporã,COTIPORA,2018,3868
4305959,RS,Cotiporã,COTIPORA,2019,3853
4305959,RS,Cotiporã,COTIPORA,2020,3838
4305959,RS,Cotiporã,COTIPORA,2021,3824
4305975,RS,Coxilha,COXILHA,2013,2895
4305975,RS,Coxilha,COXILHA,2014,2889
4305975,RS,Coxilha,COXILHA,2015,2885
4305975,RS,Coxilha,COXILHA,2016,2880
4305975,RS,Coxilha,COXILHA,2017,2876
4305975,RS,Coxilha,COXILHA,2018,2769
4305975,RS,Coxilha,COXILHA,2019,2756
4305975,RS,Coxilha,COXILHA,2020,2743
4305975,RS,Coxilha,COXILHA,2021,2731
4306007,RS,Crissiumal,CRISSIUMAL,2013,14360
4306007,RS,Crissiumal,CRISSIUMAL,2014,14315
4306007,RS,Crissiumal,CRISSIUMAL,2015,14273
4306007,RS,Crissiumal,CRISSIUMAL,2016,14233
4306007,RS,Crissiumal,CRISSIUMAL,2017,14195
4306007,RS,Crissiumal,CRISSIUMAL,2018,13544
4306007,RS,Crissiumal,CRISSIUMAL,2019,13448
4306007,RS,Crissiumal,CRISSIUMAL,2020,13357
4306007,RS,Crissiumal,CRISSIUMAL,2021,13269
4306056,RS,Cristal,CRISTAL,2013,7659
4306056,RS,Cristal,CRISTAL,2014,7706
4306056,RS,Cristal,CRISTAL,2015,7750
4306056,RS,Cristal,CRISTAL,2016,7792
4306056,RS,Cristal,CRISTAL,2017,7831
4306056,RS,Cristal,CRISTAL,2018,7950
4306056,RS,Cristal,CRISTAL,2019,8009
4306056,RS,Cristal,CRISTAL,2020,8067
4306056,RS,Cristal,CRISTAL,2021,8121
4306072,RS,Cristal do Sul,CRISTAL DO SUL,2013,2915
4306072,RS,Cristal do Sul,CRISTAL DO SUL,2014,2916
4306072,RS,Cristal do Sul,CRISTAL DO SUL,2015,2917
4306072,RS,Cristal do Sul,CRISTAL DO SUL,2016,2918
4306072,RS,Cristal do Sul,CRISTAL DO SUL,2017,2918
4306072,RS,Cristal do Sul,CRISTAL DO SUL,2018,2851
4306072,RS,Cristal do Sul,CRISTAL DO SUL,2019,2847
4306072,RS,Cristal do Sul,CRISTAL DO SUL,2020,2844
4306072,RS,Cristal do Sul,CRISTAL DO SUL,2021,2840
4306106,RS,Cruz Alta,CRUZ ALTA,2013,64126
4306106,RS,Cruz Alta,CRUZ ALTA,2014,63946
4306106,RS,Cruz Alta,CRUZ ALTA,2015,63776
4306106,RS,Cruz Alta,CRUZ ALTA,2016,63615
4306106,RS,Cruz Alta,CRUZ ALTA,2017,63463
4306106,RS,Cruz Alta,CRUZ ALTA,2018,60693
4306106,RS,Cruz Alta,CRUZ ALTA,2019,60299
4306106,RS,Cruz Alta,CRUZ ALTA,2020,59922
4306106,RS,Cruz Alta,CRUZ ALTA,2021,59561
4306130,RS,Cruzaltense,CRUZALTENSE,2013,2136
4306130,RS,Cruzaltense,CRUZALTENSE,2014,2115
4306130,RS,Cruzaltense,CRUZALTENSE,2015,2096
4306130,RS,Cruzaltense,CRUZALTENSE,2016,2077
4306130,RS,Cruzaltense,CRUZALTENSE,2017,2059
4306130,RS,Cruzaltense,CRUZALTENSE,2018,1870
4306130,RS,Cruzaltense,CRUZALTENSE,2019,1833
4306130,RS,Cruzaltense,CRUZALTENSE,2020,1799
4306130,RS,Cruzaltense,CRUZALTENSE,2021,1765
4306205,RS,Cruzeiro do Sul,CRUZEIRO DO SUL,2013,12876
4306205,RS,Cruzeiro do Sul,CRUZEIRO DO SUL,2014,12122
4306205,RS,Cruzeiro do Sul,CRUZEIRO DO SUL,2015,12169
4306205,RS,Cruzeiro do Sul,CRUZEIRO DO SUL,2016,12215
4306205,RS,Cruzeiro do Sul,CRUZEIRO DO SUL,2017,12258
4306205,RS,Cruzeiro do Sul,CRUZEIRO DO SUL,2018,12290
4306205,RS,Cruzeiro do Sul,CRUZEIRO DO SUL,2019,12348
4306205,RS,Cruzeiro do Sul,CRUZEIRO DO SUL,2020,12402
4306205,RS,Cruzeiro do Sul,CRUZEIRO DO SUL,2021,12457
4306304,RS,David Canabarro,DAVID CANABARRO,2013,4834
4306304,RS,David Canabarro,DAVID CANABARRO,2014,4837
4306304,RS,David Canabarro,DAVID CANABARRO,2015,4840
4306304,RS,David Canabarro,DAVID CANABARRO,2016,4842
4306304,RS,David Canabarro,DAVID CANABARRO,2017,4844
4306304,RS,David Canabarro,DAVID CANABARRO,2018,4744
4306304,RS,David Canabarro,DAVID CANABARRO,2019,4740
4306304,RS,David Canabarro,DAVID CANABARRO,2020,4736
4306304,RS,David Canabarro,DAVID CANABARRO,2021,4732
4306320,RS,Derrubadas,DERRUBADAS,2013,3199
4306320,RS,Derrubadas,DERRUBADAS,2014,3173
4306320,RS,Derrubadas,DERRUBADAS,2015,3148
4306320,RS,Derrubadas,DERRUBADAS,2016,3125
4306320,RS,Derrubadas,DERRUBADAS,2017,3102
4306320,RS,Derrubadas,DERRUBADAS,2018,2852
4306320,RS,Derrubadas,DERRUBADAS,2019,2805
4306320,RS,Derrubadas,DERRUBADAS,2020,2761
4306320,RS,Derrubadas,DERRUBADAS,2021,2718
4306353,RS,Dezesseis de Novembro,DEZESSEIS DE NOVEMBRO,2013,2853
4306353,RS,Dezesseis de Novembro,DEZESSEIS DE NOVEMBRO,2014,2823
4306353,RS,Dezesseis de Novembro,DEZESSEIS DE NOVEMBRO,2015,2795
4306353,RS,Dezesseis de Novembro,DEZESSEIS DE NOVEMBRO,2016,2769
4306353,RS,Dezesseis de Novembro,DEZESSEIS DE NOVEMBRO,2017,2744
4306353,RS,Dezesseis de Novembro,DEZESSEIS DE NOVEMBRO,2018,2478
4306353,RS,Dezesseis de Novembro,DEZESSEIS DE NOVEMBRO,2019,2427
4306353,RS,Dezesseis de Novembro,DEZESSEIS DE NOVEMBRO,2020,2378
4306353,RS,Dezesseis de Novembro,DEZESSEIS DE NOVEMBRO,2021,2331
4306379,RS,Dilermando de Aguiar,DILERMANDO DE AGUIAR,2013,3144
4306379,RS,Dilermando de Aguiar,DILERMANDO DE AGUIAR,2014,3140
4306379,RS,Dilermando de Aguiar,DILERMANDO DE AGUIAR,2015,3136
4306379,RS,Dilermando de Aguiar,DILERMANDO DE AGUIAR,2016,3133
4306379,RS,Dilermando de Aguiar,DILERMANDO DE AGUIAR,2017,3130
4306379,RS,Dilermando de Aguiar,DILERMANDO DE AGUIAR,2018,3026
4306379,RS,Dilermando de Aguiar,DILERMANDO DE AGUIAR,2019,3014
4306379,RS,Dilermando de Aguiar,DILERMANDO DE AGUIAR,2020,3002
4306379,RS,Dilermando de Aguiar,DILERMANDO DE AGUIAR,2021,2991
4306403,RS,Dois Irmãos,DOIS IRMAOS,2013,29528
4306403,RS,Dois Irmãos,DOIS IRMAOS,2014,29862
4306403,RS,Dois Irmãos,DOIS IRMAOS,2015,30175
4306403,RS,Dois Irmãos,DOIS IRMAOS,2016,30472
4306403,RS,Dois Irmãos,DOIS IRMAOS,2017,30753
4306403,RS,Dois Irmãos,DOIS IRMAOS,2018,32205
4306403,RS,Dois Irmãos,DOIS IRMAOS,2019,32671
4306403,RS,Dois Irmãos,DOIS IRMAOS,2020,33119
4306403,RS,Dois Irmãos,DOIS IRMAOS,2021,33547
4306429,RS,Dois Irmãos das Missões,DOIS IRMAOS DAS MISSOES,2013,2192
4306429,RS,Dois Irmãos das Missões,DOIS IRMAOS DAS MISSOES,2014,2183
4306429,RS,Dois Irmãos das Missões,DOIS IRMAOS DAS MISSOES,2015,2174
4306429,RS,Dois Irmãos das Missões,DOIS IRMAOS DAS MISSOES,2016,2166
4306429,RS,Dois Irmãos das Missões,DOIS IRMAOS DAS MISSOES,2017,2158
4306429,RS,Dois Irmãos das Missões,DOIS IRMAOS DAS MISSOES,2018,2044
4306429,RS,Dois Irmãos das Missões,DOIS IRMAOS DAS MISSOES,2019,2026
4306429,RS,Dois Irmãos das Missões,DOIS IRMAOS DAS MISSOES,2020,2008
4306429,RS,Dois Irmãos das Missões,DOIS IRMAOS DAS MISSOES,2021,1992
4306452,RS,Dois Lajeados,DOIS LAJEADOS,2013,3403
4306452,RS,Dois Lajeados,DOIS LAJEADOS,2014,3410
4306452,RS,Dois Lajeados,DOIS LAJEADOS,2015,3417
4306452,RS,Dois Lajeados,DOIS LAJEADOS,2016,3424
4306452,RS,Dois Lajeados,DOIS LAJEADOS,2017,3430
4306452,RS,Dois Lajeados,DOIS LAJEADOS,2018,3394
4306452,RS,Dois Lajeados,DOIS LAJEADOS,2019,3400
4306452,RS,Dois Lajeados,DOIS LAJEADOS,2020,3405
4306452,RS,Dois Lajeados,DOIS LAJEADOS,2021,3410
4306502,RS,Dom Feliciano,DOM FELICIANO,2013,15038
4306502,RS,Dom Feliciano,DOM FELICIANO,2014,15103
4306502,RS,Dom Feliciano,DOM FELICIANO,2015,15165
4306502,RS,Dom Feliciano,DOM FELICIANO,2016,15224
4306502,RS,Dom Feliciano,DOM FELICIANO,2017,15279
4306502,RS,Dom Feliciano,DOM FELICIANO,2018,15338
4306502,RS,Dom Feliciano,DOM FELICIANO,2019,15414
4306502,RS,Dom Feliciano,DOM FELICIANO,2020,15487
4306502,RS,Dom Feliciano,DOM FELICIANO,2021,15556
4306601,RS,Dom Pedrito,DOM PEDRITO,2013,39957
4306601,RS,Dom Pedrito,DOM PEDRITO,2014,39920
4306601,RS,Dom Pedrito,DOM PEDRITO,2015,39886
4306601,RS,Dom Pedrito,DOM PEDRITO,2016,39853
4306601,RS,Dom Pedrito,DOM PEDRITO,2017,39822
4306601,RS,Dom Pedrito,DOM PEDRITO,2018,38589
4306601,RS,Dom Pedrito,DOM PEDRITO,2019,38461
4306601,RS,Dom Pedrito,DOM PEDRITO,2020,38339
4306601,RS,Dom Pedrito,DOM PEDRITO,2021,38222
4306551,RS,Dom Pedro de Alcântara,DOM PEDRO DE ALCANTARA,2013,2623
4306551,RS,Dom Pedro de Alcântara,DOM PEDRO DE ALCANTARA,2014,2621
4306551,RS,Dom Pedro de Alcântara,DOM PEDRO DE ALCANTARA,2015,2619
4306551,RS,Dom Pedro de Alcântara,DOM PEDRO DE ALCANTARA,2016,2618
4306551,RS,Dom Pedro de Alcântara,DOM PEDRO DE ALCANTARA,2017,2617
4306551,RS,Dom Pedro de Alcântara,DOM PEDRO DE ALCANTARA,2018,2541
4306551,RS,Dom Pedro de Alcântara,DOM PEDRO DE ALCANTARA,2019,2534
4306551,RS,Dom Pedro de Alcântara,DOM PEDRO DE ALCANTARA,2020,2527
4306551,RS,Dom Pedro de Alcântara,DOM PEDRO DE ALCANTARA,2021,2520
4306700,RS,Dona Francisca,DONA FRANCISCA,2013,3421
4306700,RS,Dona Francisca,DONA FRANCISCA,2014,3397
4306700,RS,Dona Francisca,DONA FRANCISCA,2015,3374
4306700,RS,Dona Francisca,DONA FRANCISCA,2016,3352
4306700,RS,Dona Francisca,DONA FRANCISCA,2017,3331
4306700,RS,Dona Francisca,DONA FRANCISCA,2018,3086
4306700,RS,Dona Francisca,DONA FRANCISCA,2019,3041
4306700,RS,Dona Francisca,DONA FRANCISCA,2020,2999
4306700,RS,Dona Francisca,DONA FRANCISCA,2021,2958
4306734,RS,Doutor Maurício Cardoso,DOUTOR MAURICIO CARDOSO,2013,5301
4306734,RS,Doutor Maurício Cardoso,DOUTOR MAURICIO CARDOSO,2014,5249
4306734,RS,Doutor Maurício Cardoso,DOUTOR MAURICIO CARDOSO,2015,5200
4306734,RS,Doutor Maurício Cardoso,DOUTOR MAURICIO CARDOSO,2016,5154
4306734,RS,Doutor Maurício Cardoso,DOUTOR MAURICIO CARDOSO,2017,5110
4306734,RS,Doutor Maurício Cardoso,DOUTOR MAURICIO CARDOSO,2018,4639
4306734,RS,Doutor Maurício Cardoso,DOUTOR MAURICIO CARDOSO,2019,4549
4306734,RS,Doutor Maurício Cardoso,DOUTOR MAURICIO CARDOSO,2020,4462
4306734,RS,Doutor Maurício Cardoso,DOUTOR MAURICIO CARDOSO,2021,4380
4306759,RS,Doutor Ricardo,DOUTOR RICARDO,2013,2082
4306759,RS,Doutor Ricardo,DOUTOR RICARDO,2014,2079
4306759,RS,Doutor Ricardo,DOUTOR RICARDO,2015,2076
4306759,RS,Doutor Ricardo,DOUTOR RICARDO,2016,2074
4306759,RS,Doutor Ricardo,DOUTOR RICARDO,2017,2071
4306759,RS,Doutor Ricardo,DOUTOR RICARDO,2018,1994
4306759,RS,Doutor Ricardo,DOUTOR RICARDO,2019,1983
4306759,RS,Doutor Ricardo,DOUTOR RICARDO,2020,1975
4306759,RS,Doutor Ricardo,DOUTOR RICARDO,2021,1967
4306767,RS,Eldorado do Sul,ELDORADO DO SUL,2013,36911
4306767,RS,Eldorado do Sul,ELDORADO DO SUL,2014,37366
4306767,RS,Eldorado do Sul,ELDORADO DO SUL,2015,37794
4306767,RS,Eldorado do Sul,ELDORADO DO SUL,2016,38199
4306767,RS,Eldorado do Sul,ELDORADO DO SUL,2017,38581
4306767,RS,Eldorado do Sul,ELDORADO DO SUL,2018,40643
4306767,RS,Eldorado do Sul,ELDORADO DO SUL,2019,41285
4306767,RS,Eldorado do Sul,ELDORADO DO SUL,2020,41902
4306767,RS,Eldorado do Sul,ELDORADO DO SUL,2021,42490
4306809,RS,Encantado,ENCANTADO,2013,21609
4306809,RS,Encantado,ENCANTADO,2014,21750
4306809,RS,Encantado,ENCANTADO,2015,21883
4306809,RS,Encantado,ENCANTADO,2016,22009
4306809,RS,Encantado,ENCANTADO,2017,22128
4306809,RS,Encantado,ENCANTADO,2018,22520
4306809,RS,Encantado,ENCANTADO,2019,22706
4306809,RS,Encantado,ENCANTADO,2020,22880
4306809,RS,Encantado,ENCANTADO,2021,23047
4306908,RS,Encruzilhada do Sul,ENCRUZILHADA DO SUL,2013,25563
4306908,RS,Encruzilhada do Sul,ENCRUZILHADA DO SUL,2014,25647
4306908,RS,Encruzilhada do Sul,ENCRUZILHADA DO SUL,2015,25726
4306908,RS,Encruzilhada do Sul,ENCRUZILHADA DO SUL,2016,25801
4306908,RS,Encruzilhada do Sul,ENCRUZILHADA DO SUL,2017,25872
4306908,RS,Encruzilhada do Sul,ENCRUZILHADA DO SUL,2018,25791
4306908,RS,Encruzilhada do Sul,ENCRUZILHADA DO SUL,2019,25877
4306908,RS,Encruzilhada do Sul,ENCRUZILHADA DO SUL,2020,25960
4306908,RS,Encruzilhada do Sul,ENCRUZILHADA DO SUL,2021,26039
4306924,RS,Engenho Velho,ENGENHO VELHO,2013,1462
4306924,RS,Engenho Velho,ENGENHO VELHO,2014,1428
4306924,RS,Engenho Velho,ENGENHO VELHO,2015,1397
4306924,RS,Engenho Velho,ENGENHO VELHO,2016,1367
4306924,RS,Engenho Velho,ENGENHO VELHO,2017,1340
4306924,RS,Engenho Velho,ENGENHO VELHO,2018,1088
4306924,RS,Engenho Velho,ENGENHO VELHO,2019,1034
4306924,RS,Engenho Velho,ENGENHO VELHO,2020,982
4306924,RS,Engenho Velho,ENGENHO VELHO,2021,932
4306957,RS,Entre Rios do Sul,ENTRE RIOS DO SUL,2013,3108
4306957,RS,Entre Rios do Sul,ENTRE RIOS DO SUL,2014,3088
4306957,RS,Entre Rios do Sul,ENTRE RIOS DO SUL,2015,3069
4306957,RS,Entre Rios do Sul,ENTRE RIOS DO SUL,2016,3052
4306957,RS,Entre Rios do Sul,ENTRE RIOS DO SUL,2017,3035
4306957,RS,Entre Rios do Sul,ENTRE RIOS DO SUL,2018,2829
4306957,RS,Entre Rios do Sul,ENTRE RIOS DO SUL,2019,2792
4306957,RS,Entre Rios do Sul,ENTRE RIOS DO SUL,2020,2758
4306957,RS,Entre Rios do Sul,ENTRE RIOS DO SUL,2021,2724
4306932,RS,Entre-Ijuís,ENTRE-IJUIS,2013,9101
4306932,RS,Entre-Ijuís,ENTRE-IJUIS,2014,9068
4306932,RS,Entre-Ijuís,ENTRE-IJUIS,2015,9037
4306932,RS,Entre-Ijuís,ENTRE-IJUIS,2016,9008
4306932,RS,Entre-Ijuís,ENTRE-IJUIS,2017,8981
4306932,RS,Entre-Ijuís,ENTRE-IJUIS,2018,8542
4306932,RS,Entre-Ijuís,ENTRE-IJUIS,2019,8475
4306932,RS,Entre-Ijuís,ENTRE-IJUIS,2020,8411
4306932,RS,Entre-Ijuís,ENTRE-IJUIS,2021,8350
4306973,RS,Erebango,EREBANGO,2013,3063
4306973,RS,Erebango,EREBANGO,2014,3064
4306973,RS,Erebango,EREBANGO,2015,3064
4306973,RS,Erebango,EREBANGO,2016,3065
4306973,RS,Erebango,EREBANGO,2017,3066
4306973,RS,Erebango,EREBANGO,2018,2995
4306973,RS,Erebango,EREBANGO,2019,2991
4306973,RS,Erebango,EREBANGO,2020,2982
4306973,RS,Erebango,EREBANGO,2021,2978
4307005,RS,Erechim,ERECHIM,2013,101122
4307005,RS,Erechim,ERECHIM,2014,101752
4307005,RS,Erechim,ERECHIM,2015,102345
4307005,RS,Erechim,ERECHIM,2016,102906
4307005,RS,Erechim,ERECHIM,2017,103437
4307005,RS,Erechim,ERECHIM,2018,105059
4307005,RS,Erechim,ERECHIM,2019,105862
4307005,RS,Erechim,ERECHIM,2020,106633
4307005,RS,Erechim,ERECHIM,2021,107368
4307054,RS,Ernestina,ERNESTINA,2013,3198
4307054,RS,Ernestina,ERNESTINA,2014,3202
4307054,RS,Ernestina,ERNESTINA,2015,3207
4307054,RS,Ernestina,ERNESTINA,2016,3211
4307054,RS,Ernestina,ERNESTINA,2017,3215
4307054,RS,Ernestina,ERNESTINA,2018,3167
4307054,RS,Ernestina,ERNESTINA,2019,3168
4307054,RS,Ernestina,ERNESTINA,2020,3170
4307054,RS,Ernestina,ERNESTINA,2021,3171
4307203,RS,Erval Grande,ERVAL GRANDE,2013,5248
4307203,RS,Erval Grande,ERVAL GRANDE,2014,5227
4307203,RS,Erval Grande,ERVAL GRANDE,2015,5207
4307203,RS,Erval Grande,ERVAL GRANDE,2016,5188
4307203,RS,Erval Grande,ERVAL GRANDE,2017,5170
4307203,RS,Erval Grande,ERVAL GRANDE,2018,4902
4307203,RS,Erval Grande,ERVAL GRANDE,2019,4859
4307203,RS,Erval Grande,ERVAL GRANDE,2020,4819
4307203,RS,Erval Grande,ERVAL GRANDE,2021,4780
4307302,RS,Erval Seco,ERVAL SECO,2013,7899
4307302,RS,Erval Seco,ERVAL SECO,2014,7834
4307302,RS,Erval Seco,ERVAL SECO,2015,7773
4307302,RS,Erval Seco,ERVAL SECO,2016,7715
4307302,RS,Erval Seco,ERVAL SECO,2017,7660
4307302,RS,Erval Seco,ERVAL SECO,2018,7040
4307302,RS,Erval Seco,ERVAL SECO,2019,6912
4307302,RS,Erval Seco,ERVAL SECO,2020,6802
4307302,RS,Erval Seco,ERVAL SECO,2021,6697
4307401,RS,Esmeralda,ESMERALDA,2013,3287
4307401,RS,Esmeralda,ESMERALDA,2014,3294
4307401,RS,Esmeralda,ESMERALDA,2015,3301
4307401,RS,Esmeralda,ESMERALDA,2016,3307
4307401,RS,Esmeralda,ESMERALDA,2017,3313
4307401,RS,Esmeralda,ESMERALDA,2018,3277
4307401,RS,Esmeralda,ESMERALDA,2019,3282
4307401,RS,Esmeralda,ESMERALDA,2020,3287
4307401,RS,Esmeralda,ESMERALDA,2021,3291
4307450,RS,Esperança do Sul,ESPERANCA DO SUL,2013,3291
4307450,RS,Esperança do Sul,ESPERANCA DO SUL,2014,3268
4307450,RS,Esperança do Sul,ESPERANCA DO SUL,2015,3245
4307450,RS,Esperança do Sul,ESPERANCA DO SUL,2016,3224
4307450,RS,Esperança do Sul,ESPERANCA DO SUL,2017,3204
4307450,RS,Esperança do Sul,ESPERANCA DO SUL,2018,2969
4307450,RS,Esperança do Sul,ESPERANCA DO SUL,2019,2926
4307450,RS,Esperança do Sul,ESPERANCA DO SUL,2020,2885
4307450,RS,Esperança do Sul,ESPERANCA DO SUL,2021,2846
4307500,RS,Espumoso,ESPUMOSO,2013,15770
4307500,RS,Espumoso,ESPUMOSO,2014,15790
4307500,RS,Espumoso,ESPUMOSO,2015,15809
4307500,RS,Espumoso,ESPUMOSO,2016,15826
4307500,RS,Espumoso,ESPUMOSO,2017,15843
4307500,RS,Espumoso,ESPUMOSO,2018,15584
4307500,RS,Espumoso,ESPUMOSO,2019,15588
4307500,RS,Espumoso,ESPUMOSO,2020,15591
4307500,RS,Espumoso,ESPUMOSO,2021,15594
4307559,RS,Estação,ESTACAO,2013,6178
4307559,RS,Estação,ESTACAO,2014,6173
4307559,RS,Estação,ESTACAO,2015,6169
4307559,RS,Estação,ESTACAO,2016,6165
4307559,RS,Estação,ESTACAO,2017,6161
4307559,RS,Estação,ESTACAO,2018,5976
4307559,RS,Estação,ESTACAO,2019,5958
4307559,RS,Estação,ESTACAO,2020,5940
4307559,RS,Estação,ESTACAO,2021,5924
4307609,RS,Estância Velha,ESTANCIA VELHA,2013,45500
4307609,RS,Estância Velha,ESTANCIA VELHA,2014,45986
4307609,RS,Estância Velha,ESTANCIA VELHA,2015,46444
4307609,RS,Estância Velha,ESTANCIA VELHA,2016,46877
4307609,RS,Estância Velha,ESTANCIA VELHA,2017,47287
4307609,RS,Estância Velha,ESTANCIA VELHA,2018,49345
4307609,RS,Estância Velha,ESTANCIA VELHA,2019,50022
4307609,RS,Estância Velha,ESTANCIA VELHA,2020,50672
4307609,RS,Estância Velha,ESTANCIA VELHA,2021,51292
4307708,RS,Esteio,ESTEIO,2013,83700
4307708,RS,Esteio,ESTEIO,2014,83846
4307708,RS,Esteio,ESTEIO,2015,83984
4307708,RS,Esteio,ESTEIO,2016,84114
4307708,RS,Esteio,ESTEIO,2017,84237
4307708,RS,Esteio,ESTEIO,2018,83121
4307708,RS,Esteio,ESTEIO,2019,83202
4307708,RS,Esteio,ESTEIO,2020,83279
4307708,RS,Esteio,ESTEIO,2021,83352
4307807,RS,Estrela,ESTRELA,2013,32309
4307807,RS,Estrela,ESTRELA,2014,32535
4307807,RS,Estrela,ESTRELA,2015,32748
4307807,RS,Estrela,ESTRELA,2016,32950
4307807,RS,Estrela,ESTRELA,2017,33140
4307807,RS,Estrela,ESTRELA,2018,33820
4307807,RS,Estrela,ESTRELA,2019,34116
4307807,RS,Estrela,ESTRELA,2020,34399
4307807,RS,Estrela,ESTRELA,2021,34669
4307815,RS,Estrela Velha,ESTRELA VELHA,2013,3741
4307815,RS,Estrela Velha,ESTRELA VELHA,2014,3743
4307815,RS,Estrela Velha,ESTRELA VELHA,2015,3743
4307815,RS,Estrela Velha,ESTRELA VELHA,2016,3744
4307815,RS,Estrela Velha,ESTRELA VELHA,2017,3745
4307815,RS,Estrela Velha,ESTRELA VELHA,2018,3660
4307815,RS,Estrela Velha,ESTRELA VELHA,2019,3655
4307815,RS,Estrela Velha,ESTRELA VELHA,2020,3650
4307815,RS,Estrela Velha,ESTRELA VELHA,2021,3646
4307831,RS,Eugênio de Castro,EUGENIO DE CASTRO,2013,2795
4307831,RS,Eugênio de Castro,EUGENIO DE CASTRO,2014,2769
4307831,RS,Eugênio de Castro,EUGENIO DE CASTRO,2015,2744
4307831,RS,Eugênio de Castro,EUGENIO DE CASTRO,2016,2721
4307831,RS,Eugênio de Castro,EUGENIO DE CASTRO,2017,2699
4307831,RS,Eugênio de Castro,EUGENIO DE CASTRO,2018,2458
4307831,RS,Eugênio de Castro,EUGENIO DE CASTRO,2019,2396
4307831,RS,Eugênio de Castro,EUGENIO DE CASTRO,2020,2352
4307831,RS,Eugênio de Castro,EUGENIO DE CASTRO,2021,2310
4307864,RS,Fagundes Varela,FAGUNDES VARELA,2013,2689
4307864,RS,Fagundes Varela,FAGUNDES VARELA,2014,2699
4307864,RS,Fagundes Varela,FAGUNDES VARELA,2015,2708
4307864,RS,Fagundes Varela,FAGUNDES VARELA,2016,2716
4307864,RS,Fagundes Varela,FAGUNDES VARELA,2017,2724
4307864,RS,Fagundes Varela,FAGUNDES VARELA,2018,2721
4307864,RS,Fagundes Varela,FAGUNDES VARELA,2019,2731
4307864,RS,Fagundes Varela,FAGUNDES VARELA,2020,2741
4307864,RS,Fagundes Varela,FAGUNDES VARELA,2021,2750
4307906,RS,Farroupilha,FARROUPILHA,2013,67465
4307906,RS,Farroupilha,FARROUPILHA,2014,68030
4307906,RS,Farroupilha,FARROUPILHA,2015,68562
4307906,RS,Farroupilha,FARROUPILHA,2016,69066
4307906,RS,Farroupilha,FARROUPILHA,2017,69542
4307906,RS,Farroupilha,FARROUPILHA,2018,71570
4307906,RS,Farroupilha,FARROUPILHA,2019,72331
4307906,RS,Farroupilha,FARROUPILHA,2020,73061
4307906,RS,Farroupilha,FARROUPILHA,2021,73758
4308003,RS,Faxinal do Soturno,FAXINAL DO SOTURNO,2013,6871
4308003,RS,Faxinal do Soturno,FAXINAL DO SOTURNO,2014,6870
4308003,RS,Faxinal do Soturno,FAXINAL DO SOTURNO,2015,6869
4308003,RS,Faxinal do Soturno,FAXINAL DO SOTURNO,2016,6868
4308003,RS,Faxinal do Soturno,FAXINAL DO SOTURNO,2017,6867
4308003,RS,Faxinal do Soturno,FAXINAL DO SOTURNO,2018,6690
4308003,RS,Faxinal do Soturno,FAXINAL DO SOTURNO,2019,6677
4308003,RS,Faxinal do Soturno,FAXINAL DO SOTURNO,2020,6663
4308003,RS,Faxinal do Soturno,FAXINAL DO SOTURNO,2021,6651
4308052,RS,Faxinalzinho,FAXINALZINHO,2013,2587
4308052,RS,Faxinalzinho,FAXINALZINHO,2014,2570
4308052,RS,Faxinalzinho,FAXINALZINHO,2015,2553
4308052,RS,Faxinalzinho,FAXINALZINHO,2016,2538
4308052,RS,Faxinalzinho,FAXINALZINHO,2017,2523
4308052,RS,Faxinalzinho,FAXINALZINHO,2018,2346
4308052,RS,Faxinalzinho,FAXINALZINHO,2019,2315
4308052,RS,Faxinalzinho,FAXINALZINHO,2020,2284
4308052,RS,Faxinalzinho,FAXINALZINHO,2021,2256
4308078,RS,Fazenda Vilanova,FAZENDA VILANOVA,2013,3993
4308078,RS,Fazenda Vilanova,FAZENDA VILANOVA,2014,4048
4308078,RS,Fazenda Vilanova,FAZENDA VILANOVA,2015,4099
4308078,RS,Fazenda Vilanova,FAZENDA VILANOVA,2016,4148
4308078,RS,Fazenda Vilanova,FAZENDA VILANOVA,2017,4194
4308078,RS,Fazenda Vilanova,FAZENDA VILANOVA,2018,4455
4308078,RS,Fazenda Vilanova,FAZENDA VILANOVA,2019,4533
4308078,RS,Fazenda Vilanova,FAZENDA VILANOVA,2020,4608
4308078,RS,Fazenda Vilanova,FAZENDA VILANOVA,2021,4680
4308102,RS,Feliz,FELIZ,2013,12992
4308102,RS,Feliz,FELIZ,2014,13068
4308102,RS,Feliz,FELIZ,2015,13140
4308102,RS,Feliz,FELIZ,2016,13208
4308102,RS,Feliz,FELIZ,2017,13273
4308102,RS,Feliz,FELIZ,2018,13451
4308102,RS,Feliz,FELIZ,2019,13547
4308102,RS,Feliz,FELIZ,2020,13640
4308102,RS,Feliz,FELIZ,2021,13728
4308201,RS,Flores da Cunha,FLORES DA CUNHA,2013,28739
4308201,RS,Flores da Cunha,FLORES DA CUNHA,2014,28974
4308201,RS,Flores da Cunha,FLORES DA CUNHA,2015,29196
4308201,RS,Flores da Cunha,FLORES DA CUNHA,2016,29405
4308201,RS,Flores da Cunha,FLORES DA CUNHA,2017,29603
4308201,RS,Flores da Cunha,FLORES DA CUNHA,2018,30430
4308201,RS,Flores da Cunha,FLORES DA CUNHA,2019,30745
4308201,RS,Flores da Cunha,FLORES DA CUNHA,2020,31063
4308201,RS,Flores da Cunha,FLORES DA CUNHA,2021,31352
4308250,RS,Floriano Peixoto,FLORIANO PEIXOTO,2013,2021
4308250,RS,Floriano Peixoto,FLORIANO PEIXOTO,2014,2004
4308250,RS,Floriano Peixoto,FLORIANO PEIXOTO,2015,1988
4308250,RS,Floriano Peixoto,FLORIANO PEIXOTO,2016,1972
4308250,RS,Floriano Peixoto,FLORIANO PEIXOTO,2017,1958
4308250,RS,Floriano Peixoto,FLORIANO PEIXOTO,2018,1796
4308250,RS,Floriano Peixoto,FLORIANO PEIXOTO,2019,1766
4308250,RS,Floriano Peixoto,FLORIANO PEIXOTO,2020,1737
4308250,RS,Floriano Peixoto,FLORIANO PEIXOTO,2021,1709
4308300,RS,Fontoura Xavier,FONTOURA XAVIER,2013,10945
4308300,RS,Fontoura Xavier,FONTOURA XAVIER,2014,10916
4308300,RS,Fontoura Xavier,FONTOURA XAVIER,2015,10888
4308300,RS,Fontoura Xavier,FONTOURA XAVIER,2016,10861
4308300,RS,Fontoura Xavier,FONTOURA XAVIER,2017,10836
4308300,RS,Fontoura Xavier,FONTOURA XAVIER,2018,10370
4308300,RS,Fontoura Xavier,FONTOURA XAVIER,2019,10304
4308300,RS,Fontoura Xavier,FONTOURA XAVIER,2020,10241
4308300,RS,Fontoura Xavier,FONTOURA XAVIER,2021,10181
4308409,RS,Formigueiro,FORMIGUEIRO,2013,7144
4308409,RS,Formigueiro,FORMIGUEIRO,2014,7119
4308409,RS,Formigueiro,FORMIGUEIRO,2015,7096
4308409,RS,Formigueiro,FORMIGUEIRO,2016,7074
4308409,RS,Formigueiro,FORMIGUEIRO,2017,7053
4308409,RS,Formigueiro,FORMIGUEIRO,2018,6715
4308409,RS,Formigueiro,FORMIGUEIRO,2019,6664
4308409,RS,Formigueiro,FORMIGUEIRO,2020,6616
4308409,RS,Formigueiro,FORMIGUEIRO,2021,6569
4308433,RS,Forquetinha,FORQUETINHA,2013,2537
4308433,RS,Forquetinha,FORQUETINHA,2014,2532
4308433,RS,Forquetinha,FORQUETINHA,2015,2528
4308433,RS,Forquetinha,FORQUETINHA,2016,2523
4308433,RS,Forquetinha,FORQUETINHA,2017,2519
4308433,RS,Forquetinha,FORQUETINHA,2018,2424
4308433,RS,Forquetinha,FORQUETINHA,2019,2412
4308433,RS,Forquetinha,FORQUETINHA,2020,2400
4308433,RS,Forquetinha,FORQUETINHA,2021,2389
4308458,RS,Fortaleza dos Valos,FORTALEZA DOS VALOS,2013,4654
4308458,RS,Fortaleza dos Valos,FORTALEZA DOS VALOS,2014,4636
4308458,RS,Fortaleza dos Valos,FORTALEZA DOS VALOS,2015,4619
4308458,RS,Fortaleza dos Valos,FORTALEZA DOS VALOS,2016,4603
4308458,RS,Fortaleza dos Valos,FORTALEZA DOS VALOS,2017,4588
4308458,RS,Fortaleza dos Valos,FORTALEZA DOS VALOS,2018,4356
4308458,RS,Fortaleza dos Valos,FORTALEZA DOS VALOS,2019,4320
4308458,RS,Fortaleza dos Valos,FORTALEZA DOS VALOS,2020,4285
4308458,RS,Fortaleza dos Valos,FORTALEZA DOS VALOS,2021,4252
4308508,RS,Frederico Westphalen,FREDERICO WESTPHALEN,2013,30251
4308508,RS,Frederico Westphalen,FREDERICO WESTPHALEN,2014,30409
4308508,RS,Frederico Westphalen,FREDERICO WESTPHALEN,2015,30558
4308508,RS,Frederico Westphalen,FREDERICO WESTPHALEN,2016,30699
4308508,RS,Frederico Westphalen,FREDERICO WESTPHALEN,2017,30832
4308508,RS,Frederico Westphalen,FREDERICO WESTPHALEN,2018,31120
4308508,RS,Frederico Westphalen,FREDERICO WESTPHALEN,2019,31313
4308508,RS,Frederico Westphalen,FREDERICO WESTPHALEN,2020,31498
4308508,RS,Frederico Westphalen,FREDERICO WESTPHALEN,2021,31675
4308607,RS,Garibaldi,GARIBALDI,2013,32578
4308607,RS,Garibaldi,GARIBALDI,2014,32862
4308607,RS,Garibaldi,GARIBALDI,2015,33131
4308607,RS,Garibaldi,GARIBALDI,2016,33384
4308607,RS,Garibaldi,GARIBALDI,2017,33624
4308607,RS,Garibaldi,GARIBALDI,2018,34684
4308607,RS,Garibaldi,GARIBALDI,2019,35070
4308607,RS,Garibaldi,GARIBALDI,2020,35440
4308607,RS,Garibaldi,GARIBALDI,2021,35794
4308656,RS,Garruchos,GARRUCHOS,2013,3260
4308656,RS,Garruchos,GARRUCHOS,2014,3239
4308656,RS,Garruchos,GARRUCHOS,2015,3219
4308656,RS,Garruchos,GARRUCHOS,2016,3200
4308656,RS,Garruchos,GARRUCHOS,2017,3182
4308656,RS,Garruchos,GARRUCHOS,2018,2963
4308656,RS,Garruchos,GARRUCHOS,2019,2924
4308656,RS,Garruchos,GARRUCHOS,2020,2886
4308656,RS,Garruchos,GARRUCHOS,2021,2851
4308706,RS,Gaurama,GAURAMA,2013,5963
4308706,RS,Gaurama,GAURAMA,2014,5940
4308706,RS,Gaurama,GAURAMA,2015,5918
4308706,RS,Gaurama,GAURAMA,2016,5897
4308706,RS,Gaurama,GAURAMA,2017,5878
4308706,RS,Gaurama,GAURAMA,2018,5580
4308706,RS,Gaurama,GAURAMA,2019,5534
4308706,RS,Gaurama,GAURAMA,2020,5489
4308706,RS,Gaurama,GAURAMA,2021,5447
4308805,RS,General Câmara,GENERAL CAMARA,2013,8685
4308805,RS,General Câmara,GENERAL CAMARA,2014,8679
4308805,RS,General Câmara,GENERAL CAMARA,2015,8673
4308805,RS,General Câmara,GENERAL CAMARA,2016,8668
4308805,RS,General Câmara,GENERAL CAMARA,2017,8663
4308805,RS,General Câmara,GENERAL CAMARA,2018,8409
4308805,RS,General Câmara,GENERAL CAMARA,2019,8385
4308805,RS,General Câmara,GENERAL CAMARA,2020,8361
4308805,RS,General Câmara,GENERAL CAMARA,2021,8339
4308854,RS,Gentil,GENTIL,2013,1717
4308854,RS,Gentil,GENTIL,2014,1714
4308854,RS,Gentil,GENTIL,2015,1711
4308854,RS,Gentil,GENTIL,2016,1708
4308854,RS,Gentil,GENTIL,2017,1705
4308854,RS,Gentil,GENTIL,2018,1642
4308854,RS,Gentil,GENTIL,2019,1634
4308854,RS,Gentil,GENTIL,2020,1626
4308854,RS,Gentil,GENTIL,2021,1619
4308904,RS,Getúlio Vargas,GETULIO VARGAS,2013,16647
4308904,RS,Getúlio Vargas,GETULIO VARGAS,2014,16647
4308904,RS,Getúlio Vargas,GETULIO VARGAS,2015,16647
4308904,RS,Getúlio Vargas,GETULIO VARGAS,2016,16648
4308904,RS,Getúlio Vargas,GETULIO VARGAS,2017,16648
4308904,RS,Getúlio Vargas,GETULIO VARGAS,2018,16240
4308904,RS,Getúlio Vargas,GETULIO VARGAS,2019,16212
4308904,RS,Getúlio Vargas,GETULIO VARGAS,2020,16184
4308904,RS,Getúlio Vargas,GETULIO VARGAS,2021,16158
4309001,RS,Giruá,GIRUA,2013,17343
4309001,RS,Giruá,GIRUA,2014,17269
4309001,RS,Giruá,GIRUA,2015,17198
4309001,RS,Giruá,GIRUA,2016,17132
4309001,RS,Giruá,GIRUA,2017,17069
4309001,RS,Giruá,GIRUA,2018,16151
4309001,RS,Giruá,GIRUA,2019,16004
4309001,RS,Giruá,GIRUA,2020,15863
4309001,RS,Giruá,GIRUA,2021,15729
4309050,RS,Glorinha,GLORINHA,2013,7364
4309050,RS,Glorinha,GLORINHA,2014,7443
4309050,RS,Glorinha,GLORINHA,2015,7518
4309050,RS,Glorinha,GLORINHA,2016,7588
4309050,RS,Glorinha,GLORINHA,2017,7654
4309050,RS,Glorinha,GLORINHA,2018,7988
4309050,RS,Glorinha,GLORINHA,2019,8098
4309050,RS,Glorinha,GLORINHA,2020,8204
4309050,RS,Glorinha,GLORINHA,2021,8304
4309100,RS,Gramado,GRAMADO,2013,34110
4309100,RS,Gramado,GRAMADO,2014,34365
4309100,RS,Gramado,GRAMADO,2015,34605
4309100,RS,Gramado,GRAMADO,2016,34832
4309100,RS,Gramado,GRAMADO,2017,35047
4309100,RS,Gramado,GRAMADO,2018,35875
4309100,RS,Gramado,GRAMADO,2019,36232
4309100,RS,Gramado,GRAMADO,2020,36555
4309100,RS,Gramado,GRAMADO,2021,36864
4309126,RS,Gramado dos Loureiros,GRAMADO DOS LOUREIROS,2013,2295
4309126,RS,Gramado dos Loureiros,GRAMADO DOS LOUREIROS,2014,2282
4309126,RS,Gramado dos Loureiros,GRAMADO DOS LOUREIROS,2015,2270
4309126,RS,Gramado dos Loureiros,GRAMADO DOS LOUREIROS,2016,2258
4309126,RS,Gramado dos Loureiros,GRAMADO DOS LOUREIROS,2017,2247
4309126,RS,Gramado dos Loureiros,GRAMADO DOS LOUREIROS,2018,2106
4309126,RS,Gramado dos Loureiros,GRAMADO DOS LOUREIROS,2019,2082
4309126,RS,Gramado dos Loureiros,GRAMADO DOS LOUREIROS,2020,2058
4309126,RS,Gramado dos Loureiros,GRAMADO DOS LOUREIROS,2021,2036
4309159,RS,Gramado Xavier,GRAMADO XAVIER,2013,4168
4309159,RS,Gramado Xavier,GRAMADO XAVIER,2014,4190
4309159,RS,Gramado Xavier,GRAMADO XAVIER,2015,4212
4309159,RS,Gramado Xavier,GRAMADO XAVIER,2016,4232
4309159,RS,Gramado Xavier,GRAMADO XAVIER,2017,4251
4309159,RS,Gramado Xavier,GRAMADO XAVIER,2018,4297
4309159,RS,Gramado Xavier,GRAMADO XAVIER,2019,4325
4309159,RS,Gramado Xavier,GRAMADO XAVIER,2020,4352
4309159,RS,Gramado Xavier,GRAMADO XAVIER,2021,4378
4309209,RS,Gravataí,GRAVATAI,2013,269022
4309209,RS,Gravataí,GRAVATAI,2014,270689
4309209,RS,Gravataí,GRAVATAI,2015,272257
4309209,RS,Gravataí,GRAVATAI,2016,273742
4309209,RS,Gravataí,GRAVATAI,2017,275146
4309209,RS,Gravataí,GRAVATAI,2018,279398
4309209,RS,Gravataí,GRAVATAI,2019,281519
4309209,RS,Gravataí,GRAVATAI,2020,283620
4309209,RS,Gravataí,GRAVATAI,2021,285564
4309258,RS,Guabiju,GUABIJU,2013,1625
4309258,RS,Guabiju,GUABIJU,2014,1618
4309258,RS,Guabiju,GUABIJU,2015,1612
4309258,RS,Guabiju,GUABIJU,2016,1606
4309258,RS,Guabiju,GUABIJU,2017,1600
4309258,RS,Guabiju,GUABIJU,2018,1516
4309258,RS,Guabiju,GUABIJU,2019,1503
4309258,RS,Guabiju,GUABIJU,2020,1490
4309258,RS,Guabiju,GUABIJU,2021,1478
4309308,RS,Guaíba,GUAIBA,2013,98688
4309308,RS,Guaíba,GUAIBA,2014,98864
4309308,RS,Guaíba,GUAIBA,2015,99029
4309308,RS,Guaíba,GUAIBA,2016,99186
4309308,RS,Guaíba,GUAIBA,2017,99334
4309308,RS,Guaíba,GUAIBA,2018,98043
4309308,RS,Guaíba,GUAIBA,2019,98143
4309308,RS,Guaíba,GUAIBA,2020,98239
4309308,RS,Guaíba,GUAIBA,2021,98331
4309407,RS,Guaporé,GUAPORE,2013,24142
4309407,RS,Guaporé,GUAPORE,2014,24331
4309407,RS,Guaporé,GUAPORE,2015,24509
4309407,RS,Guaporé,GUAPORE,2016,24677
4309407,RS,Guaporé,GUAPORE,2017,24836
4309407,RS,Guaporé,GUAPORE,2018,25475
4309407,RS,Guaporé,GUAPORE,2019,25727
4309407,RS,Guaporé,GUAPORE,2020,25968
4309407,RS,Guaporé,GUAPORE,2021,26199
4309506,RS,Guarani das Missões,GUARANI DAS MISSOES,2013,8227
4309506,RS,Guarani das Missões,GUARANI DAS MISSOES,2014,8187
4309506,RS,Guarani das Missões,GUARANI DAS MISSOES,2015,8150
4309506,RS,Guarani das Missões,GUARANI DAS MISSOES,2016,8114
4309506,RS,Guarani das Missões,GUARANI DAS MISSOES,2017,8080
4309506,RS,Guarani das Missões,GUARANI DAS MISSOES,2018,7614
4309506,RS,Guarani das Missões,GUARANI DAS MISSOES,2019,7537
4309506,RS,Guarani das Missões,GUARANI DAS MISSOES,2020,7463
4309506,RS,Guarani das Missões,GUARANI DAS MISSOES,2021,7393
4309555,RS,Harmonia,HARMONIA,2013,4517
4309555,RS,Harmonia,HARMONIA,2014,4557
4309555,RS,Harmonia,HARMONIA,2015,4595
4309555,RS,Harmonia,HARMONIA,2016,4630
4309555,RS,Harmonia,HARMONIA,2017,4664
4309555,RS,Harmonia,HARMONIA,2018,4812
4309555,RS,Harmonia,HARMONIA,2019,4866
4309555,RS,Harmonia,HARMONIA,2020,4917
4309555,RS,Harmonia,HARMONIA,2021,4967
4307104,RS,Herval,HERVAL,2013,6969
4307104,RS,Herval,HERVAL,2014,6972
4307104,RS,Herval,HERVAL,2015,6975
4307104,RS,Herval,HERVAL,2016,6978
4307104,RS,Herval,HERVAL,2017,6980
4307104,RS,Herval,HERVAL,2018,6828
4307104,RS,Herval,HERVAL,2019,6821
4307104,RS,Herval,HERVAL,2020,6814
4307104,RS,Herval,HERVAL,2021,6807
4309571,RS,Herveiras,HERVEIRAS,2013,3056
4309571,RS,Herveiras,HERVEIRAS,2014,3060
4309571,RS,Herveiras,HERVEIRAS,2015,3063
4309571,RS,Herveiras,HERVEIRAS,2016,3067
4309571,RS,Herveiras,HERVEIRAS,2017,3070
4309571,RS,Herveiras,HERVEIRAS,2018,3018
4309571,RS,Herveiras,HERVEIRAS,2019,3018
4309571,RS,Herveiras,HERVEIRAS,2020,3019
4309571,RS,Herveiras,HERVEIRAS,2021,3019
4309605,RS,Horizontina,HORIZONTINA,2013,19112
4309605,RS,Horizontina,HORIZONTINA,2014,19174
4309605,RS,Horizontina,HORIZONTINA,2015,19232
4309605,RS,Horizontina,HORIZONTINA,2016,19286
4309605,RS,Horizontina,HORIZONTINA,2017,19338
4309605,RS,Horizontina,HORIZONTINA,2018,19267
4309605,RS,Horizontina,HORIZONTINA,2019,19329
4309605,RS,Horizontina,HORIZONTINA,2020,19389
4309605,RS,Horizontina,HORIZONTINA,2021,19446
4309654,RS,Hulha Negra,HULHA NEGRA,2013,6386
4309654,RS,Hulha Negra,HULHA NEGRA,2014,6434
4309654,RS,Hulha Negra,HULHA NEGRA,2015,6478
4309654,RS,Hulha Negra,HULHA NEGRA,2016,6521
4309654,RS,Hulha Negra,HULHA NEGRA,2017,6561
4309654,RS,Hulha Negra,HULHA NEGRA,2018,6714
4309654,RS,Hulha Negra,HULHA NEGRA,2019,6776
4309654,RS,Hulha Negra,HULHA NEGRA,2020,6836
4309654,RS,Hulha Negra,HULHA NEGRA,2021,6894
4309704,RS,Humaitá,HUMAITA,2013,5030
4309704,RS,Humaitá,HUMAITA,2014,5019
4309704,RS,Humaitá,HUMAITA,2015,5008
4309704,RS,Humaitá,HUMAITA,2016,4998
4309704,RS,Humaitá,HUMAITA,2017,4988
4309704,RS,Humaitá,HUMAITA,2018,4788
4309704,RS,Humaitá,HUMAITA,2019,4762
4309704,RS,Humaitá,HUMAITA,2020,4736
4309704,RS,Humaitá,HUMAITA,2021,4712
4309753,RS,Ibarama,IBARAMA,2013,4516
4309753,RS,Ibarama,IBARAMA,2014,4517
4309753,RS,Ibarama,IBARAMA,2015,4518
4309753,RS,Ibarama,IBARAMA,2016,4518
4309753,RS,Ibarama,IBARAMA,2017,4519
4309753,RS,Ibarama,IBARAMA,2018,4412
4309753,RS,Ibarama,IBARAMA,2019,4406
4309753,RS,Ibarama,IBARAMA,2020,4399
4309753,RS,Ibarama,IBARAMA,2021,4393
4309803,RS,Ibiaçá,IBIACA,2013,4850
4309803,RS,Ibiaçá,IBIACA,2014,4848
4309803,RS,Ibiaçá,IBIACA,2015,4848
4309803,RS,Ibiaçá,IBIACA,2016,4847
4309803,RS,Ibiaçá,IBIACA,2017,4846
4309803,RS,Ibiaçá,IBIACA,2018,4719
4309803,RS,Ibiaçá,IBIACA,2019,4709
4309803,RS,Ibiaçá,IBIACA,2020,4699
4309803,RS,Ibiaçá,IBIACA,2021,4690
4309902,RS,Ibiraiaras,IBIRAIARAS,2013,7422
4309902,RS,Ibiraiaras,IBIRAIARAS,2014,7432
4309902,RS,Ibiraiaras,IBIRAIARAS,2015,7441
4309902,RS,Ibiraiaras,IBIRAIARAS,2016,7449
4309902,RS,Ibiraiaras,IBIRAIARAS,2017,7458
4309902,RS,Ibiraiaras,IBIRAIARAS,2018,7338
4309902,RS,Ibiraiaras,IBIRAIARAS,2019,7262
4309902,RS,Ibiraiaras,IBIRAIARAS,2020,7265
4309902,RS,Ibiraiaras,IBIRAIARAS,2021,7267
4309951,RS,Ibirapuitã,IBIRAPUITA,2013,4170
4309951,RS,Ibirapuitã,IBIRAPUITA,2014,4166
4309951,RS,Ibirapuitã,IBIRAPUITA,2015,4162
4309951,RS,Ibirapuitã,IBIRAPUITA,2016,4159
4309951,RS,Ibirapuitã,IBIRAPUITA,2017,4155
4309951,RS,Ibirapuitã,IBIRAPUITA,2018,4027
4309951,RS,Ibirapuitã,IBIRAPUITA,2019,4013
4309951,RS,Ibirapuitã,IBIRAPUITA,2020,4000
4309951,RS,Ibirapuitã,IBIRAPUITA,2021,3988
4310009,RS,Ibirubá,IBIRUBA,2013,20116
4310009,RS,Ibirubá,IBIRUBA,2014,20181
4310009,RS,Ibirubá,IBIRUBA,2015,20242
4310009,RS,Ibirubá,IBIRUBA,2016,20300
4310009,RS,Ibirubá,IBIRUBA,2017,20355
4310009,RS,Ibirubá,IBIRUBA,2018,20284
4310009,RS,Ibirubá,IBIRUBA,2019,20350
4310009,RS,Ibirubá,IBIRUBA,2020,20413
4310009,RS,Ibirubá,IBIRUBA,2021,20474
4310108,RS,Igrejinha,IGREJINHA,2013,33711
4310108,RS,Igrejinha,IGREJINHA,2014,34035
4310108,RS,Igrejinha,IGREJINHA,2015,34341
4310108,RS,Igrejinha,IGREJINHA,2016,34630
4310108,RS,Igrejinha,IGREJINHA,2017,34903
4310108,RS,Igrejinha,IGREJINHA,2018,36450
4310108,RS,Igrejinha,IGREJINHA,2019,36899
4310108,RS,Igrejinha,IGREJINHA,2020,37340
4310108,RS,Igrejinha,IGREJINHA,2021,37754
4310207,RS,Ijuí,IJUI,2013,82276
4310207,RS,Ijuí,IJUI,2014,82563
4310207,RS,Ijuí,IJUI,2015,82833
4310207,RS,Ijuí,IJUI,2016,83089
4310207,RS,Ijuí,IJUI,2017,83330
4310207,RS,Ijuí,IJUI,2018,83173
4310207,RS,Ijuí,IJUI,2019,83475
4310207,RS,Ijuí,IJUI,2020,83764
4310207,RS,Ijuí,IJUI,2021,84041
4310306,RS,Ilópolis,ILOPOLIS,2013,4215
4310306,RS,Ilópolis,ILOPOLIS,2014,4212
4310306,RS,Ilópolis,ILOPOLIS,2015,4208
4310306,RS,Ilópolis,ILOPOLIS,2016,4205
4310306,RS,Ilópolis,ILOPOLIS,2017,4202
4310306,RS,Ilópolis,ILOPOLIS,2018,4091
4310306,RS,Ilópolis,ILOPOLIS,2019,4078
4310306,RS,Ilópolis,ILOPOLIS,2020,4066
4310306,RS,Ilópolis,ILOPOLIS,2021,4054
4310330,RS,Imbé,IMBE,2013,19338
4310330,RS,Imbé,IMBE,2014,19676
4310330,RS,Imbé,IMBE,2015,19993
4310330,RS,Imbé,IMBE,2016,20294
4310330,RS,Imbé,IMBE,2017,20578
4310330,RS,Imbé,IMBE,2018,22309
4310330,RS,Imbé,IMBE,2019,22800
4310330,RS,Imbé,IMBE,2020,23271
4310330,RS,Imbé,IMBE,2021,23721
4310363,RS,Imigrante,IMIGRANTE,2013,3135
4310363,RS,Imigrante,IMIGRANTE,2014,3141
4310363,RS,Imigrante,IMIGRANTE,2015,3146
4310363,RS,Imigrante,IMIGRANTE,2016,3152
4310363,RS,Imigrante,IMIGRANTE,2017,3157
4310363,RS,Imigrante,IMIGRANTE,2018,3116
4310363,RS,Imigrante,IMIGRANTE,2019,3120
4310363,RS,Imigrante,IMIGRANTE,2020,3100
4310363,RS,Imigrante,IMIGRANTE,2021,3103
4310405,RS,Independência,INDEPENDENCIA,2013,6714
4310405,RS,Independência,INDEPENDENCIA,2014,6682
4310405,RS,Independência,INDEPENDENCIA,2015,6653
4310405,RS,Independência,INDEPENDENCIA,2016,6625
4310405,RS,Independência,INDEPENDENCIA,2017,6598
4310405,RS,Independência,INDEPENDENCIA,2018,6228
4310405,RS,Independência,INDEPENDENCIA,2019,6167
4310405,RS,Independência,INDEPENDENCIA,2020,6109
4310405,RS,Independência,INDEPENDENCIA,2021,6054
4310413,RS,Inhacorá,INHACORA,2013,2324
4310413,RS,Inhacorá,INHACORA,2014,2321
4310413,RS,Inhacorá,INHACORA,2015,2318
4310413,RS,Inhacorá,INHACORA,2016,2315
4310413,RS,Inhacorá,INHACORA,2017,2312
4310413,RS,Inhacorá,INHACORA,2018,2235
4310413,RS,Inhacorá,INHACORA,2019,2226
4310413,RS,Inhacorá,INHACORA,2020,2215
4310413,RS,Inhacorá,INHACORA,2021,2207
4310439,RS,Ipê,IPE,2013,6334
4310439,RS,Ipê,IPE,2014,6374
4310439,RS,Ipê,IPE,2015,6412
4310439,RS,Ipê,IPE,2016,6448
4310439,RS,Ipê,IPE,2017,6482
4310439,RS,Ipê,IPE,2018,6588
4310439,RS,Ipê,IPE,2019,6640
4310439,RS,Ipê,IPE,2020,6689
4310439,RS,Ipê,IPE,2021,6736
4310462,RS,Ipiranga do Sul,IPIRANGA DO SUL,2013,1990
4310462,RS,Ipiranga do Sul,IPIRANGA DO SUL,2014,1985
4310462,RS,Ipiranga do Sul,IPIRANGA DO SUL,2015,1982
4310462,RS,Ipiranga do Sul,IPIRANGA DO SUL,2016,1978
4310462,RS,Ipiranga do Sul,IPIRANGA DO SUL,2017,1975
4310462,RS,Ipiranga do Sul,IPIRANGA DO SUL,2018,1899
4310462,RS,Ipiranga do Sul,IPIRANGA DO SUL,2019,1889
4310462,RS,Ipiranga do Sul,IPIRANGA DO SUL,2020,1880
4310462,RS,Ipiranga do Sul,IPIRANGA DO SUL,2021,1871
4310504,RS,Iraí,IRAI,2013,8132
4310504,RS,Iraí,IRAI,2014,8074
4310504,RS,Iraí,IRAI,2015,8020
4310504,RS,Iraí,IRAI,2016,7969
4310504,RS,Iraí,IRAI,2017,7921
4310504,RS,Iraí,IRAI,2018,7344
4310504,RS,Iraí,IRAI,2019,7241
4310504,RS,Iraí,IRAI,2020,7141
4310504,RS,Iraí,IRAI,2021,7046
4310538,RS,Itaara,ITAARA,2013,5268
4310538,RS,Itaara,ITAARA,2014,5299
4310538,RS,Itaara,ITAARA,2015,5329
4310538,RS,Itaara,ITAARA,2016,5357
4310538,RS,Itaara,ITAARA,2017,5384
4310538,RS,Itaara,ITAARA,2018,5459
4310538,RS,Itaara,ITAARA,2019,5499
4310538,RS,Itaara,ITAARA,2020,5537
4310538,RS,Itaara,ITAARA,2021,5573
4310553,RS,Itacurubi,ITACURUBI,2013,3549
4310553,RS,Itacurubi,ITACURUBI,2014,3550
4310553,RS,Itacurubi,ITACURUBI,2015,3551
4310553,RS,Itacurubi,ITACURUBI,2016,3552
4310553,RS,Itacurubi,ITACURUBI,2017,3552
4310553,RS,Itacurubi,ITACURUBI,2018,3470
4310553,RS,Itacurubi,ITACURUBI,2019,3465
4310553,RS,Itacurubi,ITACURUBI,2020,3460
4310553,RS,Itacurubi,ITACURUBI,2021,3456
4310579,RS,Itapuca,ITAPUCA,2013,2358
4310579,RS,Itapuca,ITAPUCA,2014,2341
4310579,RS,Itapuca,ITAPUCA,2015,2325
4310579,RS,Itapuca,ITAPUCA,2016,2309
4310579,RS,Itapuca,ITAPUCA,2017,2295
4310579,RS,Itapuca,ITAPUCA,2018,2125
4310579,RS,Itapuca,ITAPUCA,2019,2094
4310579,RS,Itapuca,ITAPUCA,2020,2065
4310579,RS,Itapuca,ITAPUCA,2021,2037
4310603,RS,Itaqui,ITAQUI,2013,39173
4310603,RS,Itaqui,ITAQUI,2014,39129
4310603,RS,Itaqui,ITAQUI,2015,39088
4310603,RS,Itaqui,ITAQUI,2016,39049
4310603,RS,Itaqui,ITAQUI,2017,39012
4310603,RS,Itaqui,ITAQUI,2018,37757
4310603,RS,Itaqui,ITAQUI,2019,37620
4310603,RS,Itaqui,ITAQUI,2020,37489
4310603,RS,Itaqui,ITAQUI,2021,37363
4310652,RS,Itati,ITATI,2013,2625
4310652,RS,Itati,ITATI,2014,2613
4310652,RS,Itati,ITATI,2015,2602
4310652,RS,Itati,ITATI,2016,2592
4310652,RS,Itati,ITATI,2017,2583
4310652,RS,Itati,ITATI,2018,2441
4310652,RS,Itati,ITATI,2019,2419
4310652,RS,Itati,ITATI,2020,2397
4310652,RS,Itati,ITATI,2021,2377
4310702,RS,Itatiba do Sul,ITATIBA DO SUL,2013,4106
4310702,RS,Itatiba do Sul,ITATIBA DO SUL,2014,4049
4310702,RS,Itatiba do Sul,ITATIBA DO SUL,2015,3995
4310702,RS,Itatiba do Sul,ITATIBA DO SUL,2016,3944
4310702,RS,Itatiba do Sul,ITATIBA DO SUL,2017,3896
4310702,RS,Itatiba do Sul,ITATIBA DO SUL,2018,3420
4310702,RS,Itatiba do Sul,ITATIBA DO SUL,2019,3324
4310702,RS,Itatiba do Sul,ITATIBA DO SUL,2020,3231
4310702,RS,Itatiba do Sul,ITATIBA DO SUL,2021,3143
4310751,RS,Ivorá,IVORA,2013,2166
4310751,RS,Ivorá,IVORA,2014,2149
4310751,RS,Ivorá,IVORA,2015,2133
4310751,RS,Ivorá,IVORA,2016,2118
4310751,RS,Ivorá,IVORA,2017,2104
4310751,RS,Ivorá,IVORA,2018,1940
4310751,RS,Ivorá,IVORA,2019,1910
4310751,RS,Ivorá,IVORA,2020,1881
4310751,RS,Ivorá,IVORA,2021,1854
4310801,RS,Ivoti,IVOTI,2013,21450
4310801,RS,Ivoti,IVOTI,2014,21739
4310801,RS,Ivoti,IVOTI,2015,22012
4310801,RS,Ivoti,IVOTI,2016,22270
4310801,RS,Ivoti,IVOTI,2017,22514
4310801,RS,Ivoti,IVOTI,2018,23880
4310801,RS,Ivoti,IVOTI,2019,24293
4310801,RS,Ivoti,IVOTI,2020,24690
4310801,RS,Ivoti,IVOTI,2021,25068
4310850,RS,Jaboticaba,JABOTICABA,2013,4156
4310850,RS,Jaboticaba,JABOTICABA,2014,4136
4310850,RS,Jaboticaba,JABOTICABA,2015,4117
4310850,RS,Jaboticaba,JABOTICABA,2016,4099
4310850,RS,Jaboticaba,JABOTICABA,2017,4082
4310850,RS,Jaboticaba,JABOTICABA,2018,3848
4310850,RS,Jaboticaba,JABOTICABA,2019,3810
4310850,RS,Jaboticaba,JABOTICABA,2020,3773
4310850,RS,Jaboticaba,JABOTICABA,2021,3738
4310876,RS,Jacuizinho,JACUIZINHO,2013,2623
4310876,RS,Jacuizinho,JACUIZINHO,2014,2634
4310876,RS,Jacuizinho,JACUIZINHO,2015,2645
4310876,RS,Jacuizinho,JACUIZINHO,2016,2656
4310876,RS,Jacuizinho,JACUIZINHO,2017,2666
4310876,RS,Jacuizinho,JACUIZINHO,2018,2679
4310876,RS,Jacuizinho,JACUIZINHO,2019,2692
4310876,RS,Jacuizinho,JACUIZINHO,2020,2706
4310876,RS,Jacuizinho,JACUIZINHO,2021,2718
4310900,RS,Jacutinga,JACUTINGA,2013,3724
4310900,RS,Jacutinga,JACUTINGA,2014,3719
4310900,RS,Jacutinga,JACUTINGA,2015,3713
4310900,RS,Jacutinga,JACUTINGA,2016,3709
4310900,RS,Jacutinga,JACUTINGA,2017,3704
4310900,RS,Jacutinga,JACUTINGA,2018,3576
4310900,RS,Jacutinga,JACUTINGA,2019,3561
4310900,RS,Jacutinga,JACUTINGA,2020,3546
4310900,RS,Jacutinga,JACUTINGA,2021,3532
4311007,RS,Jaguarão,JAGUARAO,2013,28482
4311007,RS,Jaguarão,JAGUARAO,2014,28393
4311007,RS,Jaguarão,JAGUARAO,2015,28310
4311007,RS,Jaguarão,JAGUARAO,2016,28230
4311007,RS,Jaguarão,JAGUARAO,2017,28156
4311007,RS,Jaguarão,JAGUARAO,2018,26869
4311007,RS,Jaguarão,JAGUARAO,2019,26680
4311007,RS,Jaguarão,JAGUARAO,2020,26500
4311007,RS,Jaguarão,JAGUARAO,2021,26327
4311106,RS,Jaguari,JAGUARI,2013,11675
4311106,RS,Jaguari,JAGUARI,2014,11631
4311106,RS,Jaguari,JAGUARI,2015,11590
4311106,RS,Jaguari,JAGUARI,2016,11551
4311106,RS,Jaguari,JAGUARI,2017,11514
4311106,RS,Jaguari,JAGUARI,2018,10937
4311106,RS,Jaguari,JAGUARI,2019,10848
4311106,RS,Jaguari,JAGUARI,2020,10765
4311106,RS,Jaguari,JAGUARI,2021,10684
4311122,RS,Jaquirana,JAQUIRANA,2013,4199
4311122,RS,Jaquirana,JAQUIRANA,2014,4167
4311122,RS,Jaquirana,JAQUIRANA,2015,4138
4311122,RS,Jaquirana,JAQUIRANA,2016,4110
4311122,RS,Jaquirana,JAQUIRANA,2017,4083
4311122,RS,Jaquirana,JAQUIRANA,2018,3773
4311122,RS,Jaquirana,JAQUIRANA,2019,3716
4311122,RS,Jaquirana,JAQUIRANA,2020,3662
4311122,RS,Jaquirana,JAQUIRANA,2021,3611
4311130,RS,Jari,JARI,2013,3665
4311130,RS,Jari,JARI,2014,3660
4311130,RS,Jari,JARI,2015,3655
4311130,RS,Jari,JARI,2016,3650
4311130,RS,Jari,JARI,2017,3645
4311130,RS,Jari,JARI,2018,3518
4311130,RS,Jari,JARI,2019,3503
4311130,RS,Jari,JARI,2020,3486
4311130,RS,Jari,JARI,2021,3472
4311155,RS,Jóia,JOIA,2013,8629
4311155,RS,Jóia,JOIA,2014,8643
4311155,RS,Jóia,JOIA,2015,8656
4311155,RS,Jóia,JOIA,2016,8668
4311155,RS,Jóia,JOIA,2017,8679
4311155,RS,Jóia,JOIA,2018,8554
4311155,RS,Jóia,JOIA,2019,8560
4311155,RS,Jóia,JOIA,2020,8566
4311155,RS,Jóia,JOIA,2021,8571
4311205,RS,Júlio de Castilhos,JULIO DE CASTILHOS,2013,20097
4311205,RS,Júlio de Castilhos,JULIO DE CASTILHOS,2014,20074
4311205,RS,Júlio de Castilhos,JULIO DE CASTILHOS,2015,20052
4311205,RS,Júlio de Castilhos,JULIO DE CASTILHOS,2016,20032
4311205,RS,Júlio de Castilhos,JULIO DE CASTILHOS,2017,20012
4311205,RS,Júlio de Castilhos,JULIO DE CASTILHOS,2018,19364
4311205,RS,Júlio de Castilhos,JULIO DE CASTILHOS,2019,19293
4311205,RS,Júlio de Castilhos,JULIO DE CASTILHOS,2020,19224
4311205,RS,Júlio de Castilhos,JULIO DE CASTILHOS,2021,19159
4311239,RS,Lagoa Bonita do Sul,LAGOA BONITA DO SUL,2013,2795
4311239,RS,Lagoa Bonita do Sul,LAGOA BONITA DO SUL,2014,2810
4311239,RS,Lagoa Bonita do Sul,LAGOA BONITA DO SUL,2015,2825
4311239,RS,Lagoa Bonita do Sul,LAGOA BONITA DO SUL,2016,2839
4311239,RS,Lagoa Bonita do Sul,LAGOA BONITA DO SUL,2017,2852
4311239,RS,Lagoa Bonita do Sul,LAGOA BONITA DO SUL,2018,2884
4311239,RS,Lagoa Bonita do Sul,LAGOA BONITA DO SUL,2019,2903
4311239,RS,Lagoa Bonita do Sul,LAGOA BONITA DO SUL,2020,2921
4311239,RS,Lagoa Bonita do Sul,LAGOA BONITA DO SUL,2021,2939
4311270,RS,Lagoa dos Três Cantos,LAGOA DOS TRES CANTOS,2013,1648
4311270,RS,Lagoa dos Três Cantos,LAGOA DOS TRES CANTOS,2014,1649
4311270,RS,Lagoa dos Três Cantos,LAGOA DOS TRES CANTOS,2015,1649
4311270,RS,Lagoa dos Três Cantos,LAGOA DOS TRES CANTOS,2016,1649
4311270,RS,Lagoa dos Três Cantos,LAGOA DOS TRES CANTOS,2017,1650
4311270,RS,Lagoa dos Três Cantos,LAGOA DOS TRES CANTOS,2018,1611
4311270,RS,Lagoa dos Três Cantos,LAGOA DOS TRES CANTOS,2019,1609
4311270,RS,Lagoa dos Três Cantos,LAGOA DOS TRES CANTOS,2020,1607
4311270,RS,Lagoa dos Três Cantos,LAGOA DOS TRES CANTOS,2021,1604
4311304,RS,Lagoa Vermelha,LAGOA VERMELHA,2013,28406
4311304,RS,Lagoa Vermelha,LAGOA VERMELHA,2014,28419
4311304,RS,Lagoa Vermelha,LAGOA VERMELHA,2015,28431
4311304,RS,Lagoa Vermelha,LAGOA VERMELHA,2016,28443
4311304,RS,Lagoa Vermelha,LAGOA VERMELHA,2017,28454
4311304,RS,Lagoa Vermelha,LAGOA VERMELHA,2018,27834
4311304,RS,Lagoa Vermelha,LAGOA VERMELHA,2019,27807
4311304,RS,Lagoa Vermelha,LAGOA VERMELHA,2020,27778
4311304,RS,Lagoa Vermelha,LAGOA VERMELHA,2021,27751
4311254,RS,Lagoão,LAGOAO,2013,6467
4311254,RS,Lagoão,LAGOAO,2014,6480
4311254,RS,Lagoão,LAGOAO,2015,6492
4311254,RS,Lagoão,LAGOAO,2016,6504
4311254,RS,Lagoão,LAGOAO,2017,6516
4311254,RS,Lagoão,LAGOAO,2018,6442
4311254,RS,Lagoão,LAGOAO,2019,6452
4311254,RS,Lagoão,LAGOAO,2020,6461
4311254,RS,Lagoão,LAGOAO,2021,6469
4311403,RS,Lajeado,LAJEADO,2013,76187
4311403,RS,Lajeado,LAJEADO,2014,77761
4311403,RS,Lajeado,LAJEADO,2015,78486
4311403,RS,Lajeado,LAJEADO,2016,79172
4311403,RS,Lajeado,LAJEADO,2017,79819
4311403,RS,Lajeado,LAJEADO,2018,82951
4311403,RS,Lajeado,LAJEADO,2019,84014
4311403,RS,Lajeado,LAJEADO,2020,85033
4311403,RS,Lajeado,LAJEADO,2021,86005
4311429,RS,Lajeado do Bugre,LAJEADO DO BUGRE,2013,2579
4311429,RS,Lajeado do Bugre,LAJEADO DO BUGRE,2014,2583
4311429,RS,Lajeado do Bugre,LAJEADO DO BUGRE,2015,2588
4311429,RS,Lajeado do Bugre,LAJEADO DO BUGRE,2016,2592
4311429,RS,Lajeado do Bugre,LAJEADO DO BUGRE,2017,2596
4311429,RS,Lajeado do Bugre,LAJEADO DO BUGRE,2018,2561
4311429,RS,Lajeado do Bugre,LAJEADO DO BUGRE,2019,2564
4311429,RS,Lajeado do Bugre,LAJEADO DO BUGRE,2020,2566
4311429,RS,Lajeado do Bugre,LAJEADO DO BUGRE,2021,2569
4311502,RS,Lavras do Sul,LAVRAS DO SUL,2013,7862
4311502,RS,Lavras do Sul,LAVRAS DO SUL,2014,7847
4311502,RS,Lavras do Sul,LAVRAS DO SUL,2015,7833
4311502,RS,Lavras do Sul,LAVRAS DO SUL,2016,7820
4311502,RS,Lavras do Sul,LAVRAS DO SUL,2017,7807
4311502,RS,Lavras do Sul,LAVRAS DO SUL,2018,7516
4311502,RS,Lavras do Sul,LAVRAS DO SUL,2019,7480
4311502,RS,Lavras do Sul,LAVRAS DO SUL,2020,7444
4311502,RS,Lavras do Sul,LAVRAS DO SUL,2021,7410
4311601,RS,Liberato Salzano,LIBERATO SALZANO,2013,5827
4311601,RS,Liberato Salzano,LIBERATO SALZANO,2014,5789
4311601,RS,Liberato Salzano,LIBERATO SALZANO,2015,5752
4311601,RS,Liberato Salzano,LIBERATO SALZANO,2016,5718
4311601,RS,Liberato Salzano,LIBERATO SALZANO,2017,5686
4311601,RS,Liberato Salzano,LIBERATO SALZANO,2018,5289
4311601,RS,Liberato Salzano,LIBERATO SALZANO,2019,5219
4311601,RS,Liberato Salzano,LIBERATO SALZANO,2020,5152
4311601,RS,Liberato Salzano,LIBERATO SALZANO,2021,5087
4311627,RS,Lindolfo Collor,LINDOLFO COLLOR,2013,5567
4311627,RS,Lindolfo Collor,LINDOLFO COLLOR,2014,5621
4311627,RS,Lindolfo Collor,LINDOLFO COLLOR,2015,5671
4311627,RS,Lindolfo Collor,LINDOLFO COLLOR,2016,5719
4311627,RS,Lindolfo Collor,LINDOLFO COLLOR,2017,5765
4311627,RS,Lindolfo Collor,LINDOLFO COLLOR,2018,5980
4311627,RS,Lindolfo Collor,LINDOLFO COLLOR,2019,6054
4311627,RS,Lindolfo Collor,LINDOLFO COLLOR,2020,6125
4311627,RS,Lindolfo Collor,LINDOLFO COLLOR,2021,6193
4311643,RS,Linha Nova,LINHA NOVA,2013,1692
4311643,RS,Linha Nova,LINHA NOVA,2014,1697
4311643,RS,Linha Nova,LINHA NOVA,2015,1703
4311643,RS,Linha Nova,LINHA NOVA,2016,1707
4311643,RS,Linha Nova,LINHA NOVA,2017,1712
4311643,RS,Linha Nova,LINHA NOVA,2018,1708
4311643,RS,Linha Nova,LINHA NOVA,2019,1714
4311643,RS,Linha Nova,LINHA NOVA,2020,1719
4311643,RS,Linha Nova,LINHA NOVA,2021,1724
4311718,RS,Maçambará,MACAMBARA,2013,4845
4311718,RS,Maçambará,MACAMBARA,2014,4834
4311718,RS,Maçambará,MACAMBARA,2015,4824
4311718,RS,Maçambará,MACAMBARA,2016,4814
4311718,RS,Maçambará,MACAMBARA,2017,4804
4311718,RS,Maçambará,MACAMBARA,2018,4613
4311718,RS,Maçambará,MACAMBARA,2019,4587
4311718,RS,Maçambará,MACAMBARA,2020,4562
4311718,RS,Maçambará,MACAMBARA,2021,4539
4311700,RS,Machadinho,MACHADINHO,2013,5660
4311700,RS,Machadinho,MACHADINHO,2014,5654
4311700,RS,Machadinho,MACHADINHO,2015,5649
4311700,RS,Machadinho,MACHADINHO,2016,5645
4311700,RS,Machadinho,MACHADINHO,2017,5640
4311700,RS,Machadinho,MACHADINHO,2018,5464
4311700,RS,Machadinho,MACHADINHO,2019,5445
4311700,RS,Machadinho,MACHADINHO,2020,5427
4311700,RS,Machadinho,MACHADINHO,2021,5411
4311734,RS,Mampituba,MAMPITUBA,2013,3087
4311734,RS,Mampituba,MAMPITUBA,2014,3085
4311734,RS,Mampituba,MAMPITUBA,2015,3083
4311734,RS,Mampituba,MAMPITUBA,2016,3081
4311734,RS,Mampituba,MAMPITUBA,2017,3079
4311734,RS,Mampituba,MAMPITUBA,2018,2990
4311734,RS,Mampituba,MAMPITUBA,2019,2981
4311734,RS,Mampituba,MAMPITUBA,2020,2973
4311734,RS,Mampituba,MAMPITUBA,2021,2965
4311759,RS,Manoel Viana,MANOEL VIANA,2013,7333
4311759,RS,Manoel Viana,MANOEL VIANA,2014,7347
4311759,RS,Manoel Viana,MANOEL VIANA,2015,7359
4311759,RS,Manoel Viana,MANOEL VIANA,2016,7372
4311759,RS,Manoel Viana,MANOEL VIANA,2017,7383
4311759,RS,Manoel Viana,MANOEL VIANA,2018,7291
4311759,RS,Manoel Viana,MANOEL VIANA,2019,7299
4311759,RS,Manoel Viana,MANOEL VIANA,2020,7307
4311759,RS,Manoel Viana,MANOEL VIANA,2021,7315
4311775,RS,Maquiné,MAQUINE,2013,7068
4311775,RS,Maquiné,MAQUINE,2014,7053
4311775,RS,Maquiné,MAQUINE,2015,7040
4311775,RS,Maquiné,MAQUINE,2016,7028
4311775,RS,Maquiné,MAQUINE,2017,7016
4311775,RS,Maquiné,MAQUINE,2018,6749
4311775,RS,Maquiné,MAQUINE,2019,6714
4311775,RS,Maquiné,MAQUINE,2020,6681
4311775,RS,Maquiné,MAQUINE,2021,6747
4311791,RS,Maratá,MARATA,2013,2639
4311791,RS,Maratá,MARATA,2014,2649
4311791,RS,Maratá,MARATA,2015,2659
4311791,RS,Maratá,MARATA,2016,2668
4311791,RS,Maratá,MARATA,2017,2677
4311791,RS,Maratá,MARATA,2018,2680
4311791,RS,Maratá,MARATA,2019,2691
4311791,RS,Maratá,MARATA,2020,2702
4311791,RS,Maratá,MARATA,2021,2713
4311809,RS,Marau,MARAU,2013,39182
4311809,RS,Marau,MARAU,2014,39693
4311809,RS,Marau,MARAU,2015,40174
4311809,RS,Marau,MARAU,2016,40629
4311809,RS,Marau,MARAU,2017,41059
4311809,RS,Marau,MARAU,2018,43435
4311809,RS,Marau,MARAU,2019,44161
4311809,RS,Marau,MARAU,2020,44858
4311809,RS,Marau,MARAU,2021,45523
4311908,RS,Marcelino Ramos,MARCELINO RAMOS,2013,5123
4311908,RS,Marcelino Ramos,MARCELINO RAMOS,2014,5074
4311908,RS,Marcelino Ramos,MARCELINO RAMOS,2015,5027
4311908,RS,Marcelino Ramos,MARCELINO RAMOS,2016,4982
4311908,RS,Marcelino Ramos,MARCELINO RAMOS,2017,4941
4311908,RS,Marcelino Ramos,MARCELINO RAMOS,2018,4488
4311908,RS,Marcelino Ramos,MARCELINO RAMOS,2019,4402
4311908,RS,Marcelino Ramos,MARCELINO RAMOS,2020,4319
4311908,RS,Marcelino Ramos,MARCELINO RAMOS,2021,4239
4311981,RS,Mariana Pimentel,MARIANA PIMENTEL,2013,3906
4311981,RS,Mariana Pimentel,MARIANA PIMENTEL,2014,3913
4311981,RS,Mariana Pimentel,MARIANA PIMENTEL,2015,3920
4311981,RS,Mariana Pimentel,MARIANA PIMENTEL,2016,3926
4311981,RS,Mariana Pimentel,MARIANA PIMENTEL,2017,3932
4311981,RS,Mariana Pimentel,MARIANA PIMENTEL,2018,3881
4311981,RS,Mariana Pimentel,MARIANA PIMENTEL,2019,3885
4311981,RS,Mariana Pimentel,MARIANA PIMENTEL,2020,3888
4311981,RS,Mariana Pimentel,MARIANA PIMENTEL,2021,3892
4312005,RS,Mariano Moro,MARIANO MORO,2013,2235
4312005,RS,Mariano Moro,MARIANO MORO,2014,2223
4312005,RS,Mariano Moro,MARIANO MORO,2015,2211
4312005,RS,Mariano Moro,MARIANO MORO,2016,2200
4312005,RS,Mariano Moro,MARIANO MORO,2017,2190
4312005,RS,Mariano Moro,MARIANO MORO,2018,2054
4312005,RS,Mariano Moro,MARIANO MORO,2019,2031
4312005,RS,Mariano Moro,MARIANO MORO,2020,2009
4312005,RS,Mariano Moro,MARIANO MORO,2021,1987
4312054,RS,Marques de Souza,MARQUES DE SOUZA,2013,4176
4312054,RS,Marques de Souza,MARQUES DE SOUZA,2014,4171
4312054,RS,Marques de Souza,MARQUES DE SOUZA,2015,4167
4312054,RS,Marques de Souza,MARQUES DE SOUZA,2016,4163
4312054,RS,Marques de Souza,MARQUES DE SOUZA,2017,4159
4312054,RS,Marques de Souza,MARQUES DE SOUZA,2018,4024
4312054,RS,Marques de Souza,MARQUES DE SOUZA,2019,4009
4312054,RS,Marques de Souza,MARQUES DE SOUZA,2020,3995
4312054,RS,Marques de Souza,MARQUES DE SOUZA,2021,3981
4312104,RS,Mata,MATA,2013,5198
4312104,RS,Mata,MATA,2014,5178
4312104,RS,Mata,MATA,2015,5159
4312104,RS,Mata,MATA,2016,5141
4312104,RS,Mata,MATA,2017,5124
4312104,RS,Mata,MATA,2018,4864
4312104,RS,Mata,MATA,2019,4823
4312104,RS,Mata,MATA,2020,4797
4312104,RS,Mata,MATA,2021,4760
4312138,RS,Mato Castelhano,MATO CASTELHANO,2013,2559
4312138,RS,Mato Castelhano,MATO CASTELHANO,2014,2563
4312138,RS,Mato Castelhano,MATO CASTELHANO,2015,2567
4312138,RS,Mato Castelhano,MATO CASTELHANO,2016,2571
4312138,RS,Mato Castelhano,MATO CASTELHANO,2017,2574
4312138,RS,Mato Castelhano,MATO CASTELHANO,2018,2538
4312138,RS,Mato Castelhano,MATO CASTELHANO,2019,2540
4312138,RS,Mato Castelhano,MATO CASTELHANO,2020,2542
4312138,RS,Mato Castelhano,MATO CASTELHANO,2021,2543
4312153,RS,Mato Leitão,MATO LEITAO,2013,4126
4312153,RS,Mato Leitão,MATO LEITAO,2014,4161
4312153,RS,Mato Leitão,MATO LEITAO,2015,4201
4312153,RS,Mato Leitão,MATO LEITAO,2016,4240
4312153,RS,Mato Leitão,MATO LEITAO,2017,4276
4312153,RS,Mato Leitão,MATO LEITAO,2018,4456
4312153,RS,Mato Leitão,MATO LEITAO,2019,4515
4312153,RS,Mato Leitão,MATO LEITAO,2020,4573
4312153,RS,Mato Leitão,MATO LEITAO,2021,4627
4312179,RS,Mato Queimado,MATO QUEIMADO,2013,1819
4312179,RS,Mato Queimado,MATO QUEIMADO,2014,1808
4312179,RS,Mato Queimado,MATO QUEIMADO,2015,1798
4312179,RS,Mato Queimado,MATO QUEIMADO,2016,1789
4312179,RS,Mato Queimado,MATO QUEIMADO,2017,1780
4312179,RS,Mato Queimado,MATO QUEIMADO,2018,1665
4312179,RS,Mato Queimado,MATO QUEIMADO,2019,1648
4312179,RS,Mato Queimado,MATO QUEIMADO,2020,1629
4312179,RS,Mato Queimado,MATO QUEIMADO,2021,1611
4312203,RS,Maximiliano de Almeida,MAXIMILIANO DE ALMEIDA,2013,4938
4312203,RS,Maximiliano de Almeida,MAXIMILIANO DE ALMEIDA,2014,4901
4312203,RS,Maximiliano de Almeida,MAXIMILIANO DE ALMEIDA,2015,4867
4312203,RS,Maximiliano de Almeida,MAXIMILIANO DE ALMEIDA,2016,4834
4312203,RS,Maximiliano de Almeida,MAXIMILIANO DE ALMEIDA,2017,4804
4312203,RS,Maximiliano de Almeida,MAXIMILIANO DE ALMEIDA,2018,4443
4312203,RS,Maximiliano de Almeida,MAXIMILIANO DE ALMEIDA,2019,4377
4312203,RS,Maximiliano de Almeida,MAXIMILIANO DE ALMEIDA,2020,4314
4312203,RS,Maximiliano de Almeida,MAXIMILIANO DE ALMEIDA,2021,4254
4312252,RS,Minas do Leão,MINAS DO LEAO,2013,7956
4312252,RS,Minas do Leão,MINAS DO LEAO,2014,7984
4312252,RS,Minas do Leão,MINAS DO LEAO,2015,8011
4312252,RS,Minas do Leão,MINAS DO LEAO,2016,8035
4312252,RS,Minas do Leão,MINAS DO LEAO,2017,8059
4312252,RS,Minas do Leão,MINAS DO LEAO,2018,8045
4312252,RS,Minas do Leão,MINAS DO LEAO,2019,8075
4312252,RS,Minas do Leão,MINAS DO LEAO,2020,8103
4312252,RS,Minas do Leão,MINAS DO LEAO,2021,8130
4312302,RS,Miraguaí,MIRAGUAI,2013,4990
4312302,RS,Miraguaí,MIRAGUAI,2014,4985
4312302,RS,Miraguaí,MIRAGUAI,2015,4982
4312302,RS,Miraguaí,MIRAGUAI,2016,4978
4312302,RS,Miraguaí,MIRAGUAI,2017,4975
4312302,RS,Miraguaí,MIRAGUAI,2018,4824
4312302,RS,Miraguaí,MIRAGUAI,2019,4925
4312302,RS,Miraguaí,MIRAGUAI,2020,4911
4312302,RS,Miraguaí,MIRAGUAI,2021,4899
4312351,RS,Montauri,MONTAURI,2013,1568
4312351,RS,Montauri,MONTAURI,2014,1562
4312351,RS,Montauri,MONTAURI,2015,1556
4312351,RS,Montauri,MONTAURI,2016,1551
4312351,RS,Montauri,MONTAURI,2017,1545
4312351,RS,Montauri,MONTAURI,2018,1466
4312351,RS,Montauri,MONTAURI,2019,1453
4312351,RS,Montauri,MONTAURI,2020,1441
4312351,RS,Montauri,MONTAURI,2021,1430
4312377,RS,Monte Alegre dos Campos,MONTE ALEGRE DOS CAMPOS,2013,3221
4312377,RS,Monte Alegre dos Campos,MONTE ALEGRE DOS CAMPOS,2014,3229
4312377,RS,Monte Alegre dos Campos,MONTE ALEGRE DOS CAMPOS,2015,3236
4312377,RS,Monte Alegre dos Campos,MONTE ALEGRE DOS CAMPOS,2016,3243
4312377,RS,Monte Alegre dos Campos,MONTE ALEGRE DOS CAMPOS,2017,3249
4312377,RS,Monte Alegre dos Campos,MONTE ALEGRE DOS CAMPOS,2018,3220
4312377,RS,Monte Alegre dos Campos,MONTE ALEGRE DOS CAMPOS,2019,3226
4312377,RS,Monte Alegre dos Campos,MONTE ALEGRE DOS CAMPOS,2020,3232
4312377,RS,Monte Alegre dos Campos,MONTE ALEGRE DOS CAMPOS,2021,3237
4312385,RS,Monte Belo do Sul,MONTE BELO DO SUL,2013,2720
4312385,RS,Monte Belo do Sul,MONTE BELO DO SUL,2014,2712
4312385,RS,Monte Belo do Sul,MONTE BELO DO SUL,2015,2704
4312385,RS,Monte Belo do Sul,MONTE BELO DO SUL,2016,2696
4312385,RS,Monte Belo do Sul,MONTE BELO DO SUL,2017,2689
4312385,RS,Monte Belo do Sul,MONTE BELO DO SUL,2018,2564
4312385,RS,Monte Belo do Sul,MONTE BELO DO SUL,2019,2548
4312385,RS,Monte Belo do Sul,MONTE BELO DO SUL,2020,2530
4312385,RS,Monte Belo do Sul,MONTE BELO DO SUL,2021,2514
4312401,RS,Montenegro,MONTENEGRO,2013,62484
4312401,RS,Montenegro,MONTENEGRO,2014,62861
4312401,RS,Montenegro,MONTENEGRO,2015,63216
4312401,RS,Montenegro,MONTENEGRO,2016,63551
4312401,RS,Montenegro,MONTENEGRO,2017,63868
4312401,RS,Montenegro,MONTENEGRO,2018,64788
4312401,RS,Montenegro,MONTENEGRO,2019,65264
4312401,RS,Montenegro,MONTENEGRO,2020,65721
4312401,RS,Montenegro,MONTENEGRO,2021,66157
4312427,RS,Mormaço,MORMACO,2013,2906
4312427,RS,Mormaço,MORMACO,2014,2928
4312427,RS,Mormaço,MORMACO,2015,2948
4312427,RS,Mormaço,MORMACO,2016,2968
4312427,RS,Mormaço,MORMACO,2017,2986
4312427,RS,Mormaço,MORMACO,2018,3056
4312427,RS,Mormaço,MORMACO,2019,3085
4312427,RS,Mormaço,MORMACO,2020,3113
4312427,RS,Mormaço,MORMACO,2021,3139
4312443,RS,Morrinhos do Sul,MORRINHOS DO SUL,2013,3225
4312443,RS,Morrinhos do Sul,MORRINHOS DO SUL,2014,3209
4312443,RS,Morrinhos do Sul,MORRINHOS DO SUL,2015,3193
4312443,RS,Morrinhos do Sul,MORRINHOS DO SUL,2016,3179
4312443,RS,Morrinhos do Sul,MORRINHOS DO SUL,2017,3166
4312443,RS,Morrinhos do Sul,MORRINHOS DO SUL,2018,2979
4312443,RS,Morrinhos do Sul,MORRINHOS DO SUL,2019,2949
4312443,RS,Morrinhos do Sul,MORRINHOS DO SUL,2020,2919
4312443,RS,Morrinhos do Sul,MORRINHOS DO SUL,2021,2891
4312450,RS,Morro Redondo,MORRO REDONDO,2013,6488
4312450,RS,Morro Redondo,MORRO REDONDO,2014,6509
4312450,RS,Morro Redondo,MORRO REDONDO,2015,6529
4312450,RS,Morro Redondo,MORRO REDONDO,2016,6548
4312450,RS,Morro Redondo,MORRO REDONDO,2017,6566
4312450,RS,Morro Redondo,MORRO REDONDO,2018,6546
4312450,RS,Morro Redondo,MORRO REDONDO,2019,6568
4312450,RS,Morro Redondo,MORRO REDONDO,2020,6589
4312450,RS,Morro Redondo,MORRO REDONDO,2021,6609
4312476,RS,Morro Reuter,MORRO REUTER,2013,6008
4312476,RS,Morro Reuter,MORRO REUTER,2014,6056
4312476,RS,Morro Reuter,MORRO REUTER,2015,6100
4312476,RS,Morro Reuter,MORRO REUTER,2016,6143
4312476,RS,Morro Reuter,MORRO REUTER,2017,6183
4312476,RS,Morro Reuter,MORRO REUTER,2018,6344
4312476,RS,Morro Reuter,MORRO REUTER,2019,6407
4312476,RS,Morro Reuter,MORRO REUTER,2020,6513
4312476,RS,Morro Reuter,MORRO REUTER,2021,6570
4312500,RS,Mostardas,MOSTARDAS,2013,12637
4312500,RS,Mostardas,MOSTARDAS,2014,12679
4312500,RS,Mostardas,MOSTARDAS,2015,12720
4312500,RS,Mostardas,MOSTARDAS,2016,12758
4312500,RS,Mostardas,MOSTARDAS,2017,12794
4312500,RS,Mostardas,MOSTARDAS,2018,12760
4312500,RS,Mostardas,MOSTARDAS,2019,12804
4312500,RS,Mostardas,MOSTARDAS,2020,12847
4312500,RS,Mostardas,MOSTARDAS,2021,12888
4312609,RS,Muçum,MUCUM,2013,4970
4312609,RS,Muçum,MUCUM,2014,4980
4312609,RS,Muçum,MUCUM,2015,4989
4312609,RS,Muçum,MUCUM,2016,4998
4312609,RS,Muçum,MUCUM,2017,5006
4312609,RS,Muçum,MUCUM,2018,4948
4312609,RS,Muçum,MUCUM,2019,4954
4312609,RS,Muçum,MUCUM,2020,4961
4312609,RS,Muçum,MUCUM,2021,4967
4312617,RS,Muitos Capões,MUITOS CAPOES,2013,3116
4312617,RS,Muitos Capões,MUITOS CAPOES,2014,3127
4312617,RS,Muitos Capões,MUITOS CAPOES,2015,3137
4312617,RS,Muitos Capões,MUITOS CAPOES,2016,3147
4312617,RS,Muitos Capões,MUITOS CAPOES,2017,3156
4312617,RS,Muitos Capões,MUITOS CAPOES,2018,3151
4312617,RS,Muitos Capões,MUITOS CAPOES,2019,3162
4312617,RS,Muitos Capões,MUITOS CAPOES,2020,3173
4312617,RS,Muitos Capões,MUITOS CAPOES,2021,3184
4312625,RS,Muliterno,MULITERNO,2013,1885
4312625,RS,Muliterno,MULITERNO,2014,1890
4312625,RS,Muliterno,MULITERNO,2015,1894
4312625,RS,Muliterno,MULITERNO,2016,1899
4312625,RS,Muliterno,MULITERNO,2017,1903
4312625,RS,Muliterno,MULITERNO,2018,1888
4312625,RS,Muliterno,MULITERNO,2019,1893
4312625,RS,Muliterno,MULITERNO,2020,1897
4312625,RS,Muliterno,MULITERNO,2021,1901
4312658,RS,Não-Me-Toque,NAO-ME-TOQUE,2013,16785
4312658,RS,Não-Me-Toque,NAO-ME-TOQUE,2014,16894
4312658,RS,Não-Me-Toque,NAO-ME-TOQUE,2015,16997
4312658,RS,Não-Me-Toque,NAO-ME-TOQUE,2016,17094
4312658,RS,Não-Me-Toque,NAO-ME-TOQUE,2017,17185
4312658,RS,Não-Me-Toque,NAO-ME-TOQUE,2018,17484
4312658,RS,Não-Me-Toque,NAO-ME-TOQUE,2019,17624
4312658,RS,Não-Me-Toque,NAO-ME-TOQUE,2020,17758
4312658,RS,Não-Me-Toque,NAO-ME-TOQUE,2021,17886
4312674,RS,Nicolau Vergueiro,NICOLAU VERGUEIRO,2013,1763
4312674,RS,Nicolau Vergueiro,NICOLAU VERGUEIRO,2014,1760
4312674,RS,Nicolau Vergueiro,NICOLAU VERGUEIRO,2015,1757
4312674,RS,Nicolau Vergueiro,NICOLAU VERGUEIRO,2016,1754
4312674,RS,Nicolau Vergueiro,NICOLAU VERGUEIRO,2017,1752
4312674,RS,Nicolau Vergueiro,NICOLAU VERGUEIRO,2018,1689
4312674,RS,Nicolau Vergueiro,NICOLAU VERGUEIRO,2019,1682
4312674,RS,Nicolau Vergueiro,NICOLAU VERGUEIRO,2020,1674
4312674,RS,Nicolau Vergueiro,NICOLAU VERGUEIRO,2021,1667
4312708,RS,Nonoai,NONOAI,2013,12348
4312708,RS,Nonoai,NONOAI,2014,12321
4312708,RS,Nonoai,NONOAI,2015,12295
4312708,RS,Nonoai,NONOAI,2016,12270
4312708,RS,Nonoai,NONOAI,2017,12247
4312708,RS,Nonoai,NONOAI,2018,11760
4312708,RS,Nonoai,NONOAI,2019,11695
4312708,RS,Nonoai,NONOAI,2020,11633
4312708,RS,Nonoai,NONOAI,2021,11574
4312757,RS,Nova Alvorada,NOVA ALVORADA,2013,3376
4312757,RS,Nova Alvorada,NOVA ALVORADA,2014,3404
4312757,RS,Nova Alvorada,NOVA ALVORADA,2015,3431
4312757,RS,Nova Alvorada,NOVA ALVORADA,2016,3457
4312757,RS,Nova Alvorada,NOVA ALVORADA,2017,3481
4312757,RS,Nova Alvorada,NOVA ALVORADA,2018,3586
4312757,RS,Nova Alvorada,NOVA ALVORADA,2019,3625
4312757,RS,Nova Alvorada,NOVA ALVORADA,2020,3663
4312757,RS,Nova Alvorada,NOVA ALVORADA,2021,3698
4312807,RS,Nova Araçá,NOVA ARACA,2013,4289
4312807,RS,Nova Araçá,NOVA ARACA,2014,4339
4312807,RS,Nova Araçá,NOVA ARACA,2015,4385
4312807,RS,Nova Araçá,NOVA ARACA,2016,4429
4312807,RS,Nova Araçá,NOVA ARACA,2017,4471
4312807,RS,Nova Araçá,NOVA ARACA,2018,4690
4312807,RS,Nova Araçá,NOVA ARACA,2019,4759
4312807,RS,Nova Araçá,NOVA ARACA,2020,4826
4312807,RS,Nova Araçá,NOVA ARACA,2021,4890
4312906,RS,Nova Bassano,NOVA BASSANO,2013,9343
4312906,RS,Nova Bassano,NOVA BASSANO,2014,9412
4312906,RS,Nova Bassano,NOVA BASSANO,2015,9478
4312906,RS,Nova Bassano,NOVA BASSANO,2016,9540
4312906,RS,Nova Bassano,NOVA BASSANO,2017,9599
4312906,RS,Nova Bassano,NOVA BASSANO,2018,9824
4312906,RS,Nova Bassano,NOVA BASSANO,2019,9916
4312906,RS,Nova Bassano,NOVA BASSANO,2020,10005
4312906,RS,Nova Bassano,NOVA BASSANO,2021,10089
4312955,RS,Nova Boa Vista,NOVA BOA VISTA,2013,1978
4312955,RS,Nova Boa Vista,NOVA BOA VISTA,2014,1965
4312955,RS,Nova Boa Vista,NOVA BOA VISTA,2015,1953
4312955,RS,Nova Boa Vista,NOVA BOA VISTA,2016,1942
4312955,RS,Nova Boa Vista,NOVA BOA VISTA,2017,1932
4312955,RS,Nova Boa Vista,NOVA BOA VISTA,2018,1798
4312955,RS,Nova Boa Vista,NOVA BOA VISTA,2019,1775
4312955,RS,Nova Boa Vista,NOVA BOA VISTA,2020,1753
4312955,RS,Nova Boa Vista,NOVA BOA VISTA,2021,1731
4313003,RS,Nova Bréscia,NOVA BRESCIA,2013,3311
4313003,RS,Nova Bréscia,NOVA BRESCIA,2014,3320
4313003,RS,Nova Bréscia,NOVA BRESCIA,2015,3329
4313003,RS,Nova Bréscia,NOVA BRESCIA,2016,3337
4313003,RS,Nova Bréscia,NOVA BRESCIA,2017,3344
4313003,RS,Nova Bréscia,NOVA BRESCIA,2018,3321
4313003,RS,Nova Bréscia,NOVA BRESCIA,2019,3330
4313003,RS,Nova Bréscia,NOVA BRESCIA,2020,3337
4313003,RS,Nova Bréscia,NOVA BRESCIA,2021,3345
4313011,RS,Nova Candelária,NOVA CANDELARIA,2013,2822
4313011,RS,Nova Candelária,NOVA CANDELARIA,2014,2817
4313011,RS,Nova Candelária,NOVA CANDELARIA,2015,2814
4313011,RS,Nova Candelária,NOVA CANDELARIA,2016,2810
4313011,RS,Nova Candelária,NOVA CANDELARIA,2017,2807
4313011,RS,Nova Candelária,NOVA CANDELARIA,2018,2710
4313011,RS,Nova Candelária,NOVA CANDELARIA,2019,2698
4313011,RS,Nova Candelária,NOVA CANDELARIA,2020,2688
4313011,RS,Nova Candelária,NOVA CANDELARIA,2021,2677
4313037,RS,Nova Esperança do Sul,NOVA ESPERANCA DO SUL,2013,4962
4313037,RS,Nova Esperança do Sul,NOVA ESPERANCA DO SUL,2014,5006
4313037,RS,Nova Esperança do Sul,NOVA ESPERANCA DO SUL,2015,5048
4313037,RS,Nova Esperança do Sul,NOVA ESPERANCA DO SUL,2016,5087
4313037,RS,Nova Esperança do Sul,NOVA ESPERANCA DO SUL,2017,5125
4313037,RS,Nova Esperança do Sul,NOVA ESPERANCA DO SUL,2018,5292
4313037,RS,Nova Esperança do Sul,NOVA ESPERANCA DO SUL,2019,5352
4313037,RS,Nova Esperança do Sul,NOVA ESPERANCA DO SUL,2020,5410
4313037,RS,Nova Esperança do Sul,NOVA ESPERANCA DO SUL,2021,5465
4313060,RS,Nova Hartz,NOVA HARTZ,2013,19620
4313060,RS,Nova Hartz,NOVA HARTZ,2014,19834
4313060,RS,Nova Hartz,NOVA HARTZ,2015,20035
4313060,RS,Nova Hartz,NOVA HARTZ,2016,20225
4313060,RS,Nova Hartz,NOVA HARTZ,2017,20405
4313060,RS,Nova Hartz,NOVA HARTZ,2018,21317
4313060,RS,Nova Hartz,NOVA HARTZ,2019,21615
4313060,RS,Nova Hartz,NOVA HARTZ,2020,21875
4313060,RS,Nova Hartz,NOVA HARTZ,2021,22147
4313086,RS,Nova Pádua,NOVA PADUA,2013,2545
4313086,RS,Nova Pádua,NOVA PADUA,2014,2551
4313086,RS,Nova Pádua,NOVA PADUA,2015,2557
4313086,RS,Nova Pádua,NOVA PADUA,2016,2563
4313086,RS,Nova Pádua,NOVA PADUA,2017,2568
4313086,RS,Nova Pádua,NOVA PADUA,2018,2548
4313086,RS,Nova Pádua,NOVA PADUA,2019,2553
4313086,RS,Nova Pádua,NOVA PADUA,2020,2558
4313086,RS,Nova Pádua,NOVA PADUA,2021,2563
4313102,RS,Nova Palma,NOVA PALMA,2013,6569
4313102,RS,Nova Palma,NOVA PALMA,2014,6579
4313102,RS,Nova Palma,NOVA PALMA,2015,6588
4313102,RS,Nova Palma,NOVA PALMA,2016,6597
4313102,RS,Nova Palma,NOVA PALMA,2017,6605
4313102,RS,Nova Palma,NOVA PALMA,2018,6508
4313102,RS,Nova Palma,NOVA PALMA,2019,6512
4313102,RS,Nova Palma,NOVA PALMA,2020,6515
4313102,RS,Nova Palma,NOVA PALMA,2021,6519
4313201,RS,Nova Petrópolis,NOVA PETROPOLIS,2013,20126
4313201,RS,Nova Petrópolis,NOVA PETROPOLIS,2014,20275
4313201,RS,Nova Petrópolis,NOVA PETROPOLIS,2015,20416
4313201,RS,Nova Petrópolis,NOVA PETROPOLIS,2016,20549
4313201,RS,Nova Petrópolis,NOVA PETROPOLIS,2017,20675
4313201,RS,Nova Petrópolis,NOVA PETROPOLIS,2018,21156
4313201,RS,Nova Petrópolis,NOVA PETROPOLIS,2019,21353
4313201,RS,Nova Petrópolis,NOVA PETROPOLIS,2020,21536
4313201,RS,Nova Petrópolis,NOVA PETROPOLIS,2021,21717
4313300,RS,Nova Prata,NOVA PRATA,2013,24495
4313300,RS,Nova Prata,NOVA PRATA,2014,24785
4313300,RS,Nova Prata,NOVA PRATA,2015,25057
4313300,RS,Nova Prata,NOVA PRATA,2016,25315
4313300,RS,Nova Prata,NOVA PRATA,2017,25559
4313300,RS,Nova Prata,NOVA PRATA,2018,26849
4313300,RS,Nova Prata,NOVA PRATA,2019,27257
4313300,RS,Nova Prata,NOVA PRATA,2020,27648
4313300,RS,Nova Prata,NOVA PRATA,2021,28021
4313334,RS,Nova Ramada,NOVA RAMADA,2013,2466
4313334,RS,Nova Ramada,NOVA RAMADA,2014,2453
4313334,RS,Nova Ramada,NOVA RAMADA,2015,2440
4313334,RS,Nova Ramada,NOVA RAMADA,2016,2428
4313334,RS,Nova Ramada,NOVA RAMADA,2017,2417
4313334,RS,Nova Ramada,NOVA RAMADA,2018,2268
4313334,RS,Nova Ramada,NOVA RAMADA,2019,2242
4313334,RS,Nova Ramada,NOVA RAMADA,2020,2218
4313334,RS,Nova Ramada,NOVA RAMADA,2021,2195
4313359,RS,Nova Roma do Sul,NOVA ROMA DO SUL,2013,3520
4313359,RS,Nova Roma do Sul,NOVA ROMA DO SUL,2014,3543
4313359,RS,Nova Roma do Sul,NOVA ROMA DO SUL,2015,3564
4313359,RS,Nova Roma do Sul,NOVA ROMA DO SUL,2016,3584
4313359,RS,Nova Roma do Sul,NOVA ROMA DO SUL,2017,3603
4313359,RS,Nova Roma do Sul,NOVA ROMA DO SUL,2018,3661
4313359,RS,Nova Roma do Sul,NOVA ROMA DO SUL,2019,3689
4313359,RS,Nova Roma do Sul,NOVA ROMA DO SUL,2020,3717
4313359,RS,Nova Roma do Sul,NOVA ROMA DO SUL,2021,3743
4313375,RS,Nova Santa Rita,NOVA SANTA RITA,2013,24859
4313375,RS,Nova Santa Rita,NOVA SANTA RITA,2014,25293
4313375,RS,Nova Santa Rita,NOVA SANTA RITA,2015,25700
4313375,RS,Nova Santa Rita,NOVA SANTA RITA,2016,26086
4313375,RS,Nova Santa Rita,NOVA SANTA RITA,2017,26450
4313375,RS,Nova Santa Rita,NOVA SANTA RITA,2018,28670
4313375,RS,Nova Santa Rita,NOVA SANTA RITA,2019,29300
4313375,RS,Nova Santa Rita,NOVA SANTA RITA,2020,29905
4313375,RS,Nova Santa Rita,NOVA SANTA RITA,2021,30482
4313490,RS,Novo Barreiro,NOVO BARREIRO,2013,4138
4313490,RS,Novo Barreiro,NOVO BARREIRO,2014,4150
4313490,RS,Novo Barreiro,NOVO BARREIRO,2015,4160
4313490,RS,Novo Barreiro,NOVO BARREIRO,2016,4171
4313490,RS,Novo Barreiro,NOVO BARREIRO,2017,4181
4313490,RS,Novo Barreiro,NOVO BARREIRO,2018,4154
4313490,RS,Novo Barreiro,NOVO BARREIRO,2019,4164
4313490,RS,Novo Barreiro,NOVO BARREIRO,2020,4175
4313490,RS,Novo Barreiro,NOVO BARREIRO,2021,4185
4313391,RS,Novo Cabrais,NOVO CABRAIS,2013,4045
4313391,RS,Novo Cabrais,NOVO CABRAIS,2014,4067
4313391,RS,Novo Cabrais,NOVO CABRAIS,2015,4087
4313391,RS,Novo Cabrais,NOVO CABRAIS,2016,4107
4313391,RS,Novo Cabrais,NOVO CABRAIS,2017,4125
4313391,RS,Novo Cabrais,NOVO CABRAIS,2018,4169
4313391,RS,Novo Cabrais,NOVO CABRAIS,2019,4196
4313391,RS,Novo Cabrais,NOVO CABRAIS,2020,4222
4313391,RS,Novo Cabrais,NOVO CABRAIS,2021,4246
4313409,RS,Novo Hamburgo,NOVO HAMBURGO,2013,247781
4313409,RS,Novo Hamburgo,NOVO HAMBURGO,2014,248251
4313409,RS,Novo Hamburgo,NOVO HAMBURGO,2015,248694
4313409,RS,Novo Hamburgo,NOVO HAMBURGO,2016,249113
4313409,RS,Novo Hamburgo,NOVO HAMBURGO,2017,249508
4313409,RS,Novo Hamburgo,NOVO HAMBURGO,2018,246452
4313409,RS,Novo Hamburgo,NOVO HAMBURGO,2019,246748
4313409,RS,Novo Hamburgo,NOVO HAMBURGO,2020,247032
4313409,RS,Novo Hamburgo,NOVO HAMBURGO,2021,247303
4313425,RS,Novo Machado,NOVO MACHADO,2013,3907
4313425,RS,Novo Machado,NOVO MACHADO,2014,3866
4313425,RS,Novo Machado,NOVO MACHADO,2015,3828
4313425,RS,Novo Machado,NOVO MACHADO,2016,3791
4313425,RS,Novo Machado,NOVO MACHADO,2017,3757
4313425,RS,Novo Machado,NOVO MACHADO,2018,3394
4313425,RS,Novo Machado,NOVO MACHADO,2019,3323
4313425,RS,Novo Machado,NOVO MACHADO,2020,3256
4313425,RS,Novo Machado,NOVO MACHADO,2021,3191
4313441,RS,Novo Tiradentes,NOVO TIRADENTES,2013,2330
4313441,RS,Novo Tiradentes,NOVO TIRADENTES,2014,2325
4313441,RS,Novo Tiradentes,NOVO TIRADENTES,2015,2320
4313441,RS,Novo Tiradentes,NOVO TIRADENTES,2016,2316
4313441,RS,Novo Tiradentes,NOVO TIRADENTES,2017,2312
4313441,RS,Novo Tiradentes,NOVO TIRADENTES,2018,2223
4313441,RS,Novo Tiradentes,NOVO TIRADENTES,2019,2211
4313441,RS,Novo Tiradentes,NOVO TIRADENTES,2020,2200
4313441,RS,Novo Tiradentes,NOVO TIRADENTES,2021,2189
4313466,RS,Novo Xingu,NOVO XINGU,2013,1801
4313466,RS,Novo Xingu,NOVO XINGU,2014,1798
4313466,RS,Novo Xingu,NOVO XINGU,2015,1795
4313466,RS,Novo Xingu,NOVO XINGU,2016,1793
4313466,RS,Novo Xingu,NOVO XINGU,2017,1790
4313466,RS,Novo Xingu,NOVO XINGU,2018,1727
4313466,RS,Novo Xingu,NOVO XINGU,2019,1719
4313466,RS,Novo Xingu,NOVO XINGU,2020,1712
4313466,RS,Novo Xingu,NOVO XINGU,2021,1705
4313508,RS,Osório,OSORIO,2013,43256
4313508,RS,Osório,OSORIO,2014,43586
4313508,RS,Osório,OSORIO,2015,43897
4313508,RS,Osório,OSORIO,2016,44190
4313508,RS,Osório,OSORIO,2017,44468
4313508,RS,Osório,OSORIO,2018,45557
4313508,RS,Osório,OSORIO,2019,45994
4313508,RS,Osório,OSORIO,2020,46414
4313508,RS,Osório,OSORIO,2021,46815
4313607,RS,Paim Filho,PAIM FILHO,2013,4276
4313607,RS,Paim Filho,PAIM FILHO,2014,4248
4313607,RS,Paim Filho,PAIM FILHO,2015,4221
4313607,RS,Paim Filho,PAIM FILHO,2016,4196
4313607,RS,Paim Filho,PAIM FILHO,2017,4172
4313607,RS,Paim Filho,PAIM FILHO,2018,3880
4313607,RS,Paim Filho,PAIM FILHO,2019,3828
4313607,RS,Paim Filho,PAIM FILHO,2020,3778
4313607,RS,Paim Filho,PAIM FILHO,2021,3731
4313656,RS,Palmares do Sul,PALMARES DO SUL,2013,11372
4313656,RS,Palmares do Sul,PALMARES DO SUL,2014,11393
4313656,RS,Palmares do Sul,PALMARES DO SUL,2015,11413
4313656,RS,Palmares do Sul,PALMARES DO SUL,2016,11431
4313656,RS,Palmares do Sul,PALMARES DO SUL,2017,11449
4313656,RS,Palmares do Sul,PALMARES DO SUL,2018,11306
4313656,RS,Palmares do Sul,PALMARES DO SUL,2019,11318
4313656,RS,Palmares do Sul,PALMARES DO SUL,2020,11330
4313656,RS,Palmares do Sul,PALMARES DO SUL,2021,11342
4313706,RS,Palmeira das Missões,PALMEIRA DAS MISSOES,2013,35120
4313706,RS,Palmeira das Missões,PALMEIRA DAS MISSOES,2014,35045
4313706,RS,Palmeira das Missões,PALMEIRA DAS MISSOES,2015,34974
4313706,RS,Palmeira das Missões,PALMEIRA DAS MISSOES,2016,34907
4313706,RS,Palmeira das Missões,PALMEIRA DAS MISSOES,2017,34844
4313706,RS,Palmeira das Missões,PALMEIRA DAS MISSOES,2018,33481
4313706,RS,Palmeira das Missões,PALMEIRA DAS MISSOES,2019,33303
4313706,RS,Palmeira das Missões,PALMEIRA DAS MISSOES,2020,33131
4313706,RS,Palmeira das Missões,PALMEIRA DAS MISSOES,2021,32967
4313805,RS,Palmitinho,PALMITINHO,2013,7156
4313805,RS,Palmitinho,PALMITINHO,2014,7163
4313805,RS,Palmitinho,PALMITINHO,2015,7170
4313805,RS,Palmitinho,PALMITINHO,2016,7177
4313805,RS,Palmitinho,PALMITINHO,2017,7184
4313805,RS,Palmitinho,PALMITINHO,2018,7058
4313805,RS,Palmitinho,PALMITINHO,2019,7057
4313805,RS,Palmitinho,PALMITINHO,2020,7056
4313805,RS,Palmitinho,PALMITINHO,2021,7056
4313904,RS,Panambi,PANAMBI,2013,40439
4313904,RS,Panambi,PANAMBI,2014,40804
4313904,RS,Panambi,PANAMBI,2015,41148
4313904,RS,Panambi,PANAMBI,2016,41473
4313904,RS,Panambi,PANAMBI,2017,41781
4313904,RS,Panambi,PANAMBI,2018,43170
4313904,RS,Panambi,PANAMBI,2019,43667
4313904,RS,Panambi,PANAMBI,2020,44128
4313904,RS,Panambi,PANAMBI,2021,44583
4313953,RS,Pantano Grande,PANTANO GRANDE,2013,10029
4313953,RS,Pantano Grande,PANTANO GRANDE,2014,9979
4313953,RS,Pantano Grande,PANTANO GRANDE,2015,9932
4313953,RS,Pantano Grande,PANTANO GRANDE,2016,9887
4313953,RS,Pantano Grande,PANTANO GRANDE,2017,9845
4313953,RS,Pantano Grande,PANTANO GRANDE,2018,9269
4313953,RS,Pantano Grande,PANTANO GRANDE,2019,9174
4313953,RS,Pantano Grande,PANTANO GRANDE,2020,9083
4313953,RS,Pantano Grande,PANTANO GRANDE,2021,8995
4314001,RS,Paraí,PARAI,2013,7203
4314001,RS,Paraí,PARAI,2014,7257
4314001,RS,Paraí,PARAI,2015,7309
4314001,RS,Paraí,PARAI,2016,7357
4314001,RS,Paraí,PARAI,2017,7404
4314001,RS,Paraí,PARAI,2018,7585
4314001,RS,Paraí,PARAI,2019,7657
4314001,RS,Paraí,PARAI,2020,7727
4314001,RS,Paraí,PARAI,2021,7793
4314027,RS,Paraíso do Sul,PARAISO DO SUL,2013,7615
4314027,RS,Paraíso do Sul,PARAISO DO SUL,2014,7632
4314027,RS,Paraíso do Sul,PARAISO DO SUL,2015,7648
4314027,RS,Paraíso do Sul,PARAISO DO SUL,2016,7662
4314027,RS,Paraíso do Sul,PARAISO DO SUL,2017,7677
4314027,RS,Paraíso do Sul,PARAISO DO SUL,2018,7599
4314027,RS,Paraíso do Sul,PARAISO DO SUL,2019,7611
4314027,RS,Paraíso do Sul,PARAISO DO SUL,2020,7623
4314027,RS,Paraíso do Sul,PARAISO DO SUL,2021,7635
4314035,RS,Pareci Novo,PARECI NOVO,2013,3686
4314035,RS,Pareci Novo,PARECI NOVO,2014,3706
4314035,RS,Pareci Novo,PARECI NOVO,2015,3725
4314035,RS,Pareci Novo,PARECI NOVO,2016,3743
4314035,RS,Pareci Novo,PARECI NOVO,2017,3760
4314035,RS,Pareci Novo,PARECI NOVO,2018,3812
4314035,RS,Pareci Novo,PARECI NOVO,2019,3837
4314035,RS,Pareci Novo,PARECI NOVO,2020,3862
4314035,RS,Pareci Novo,PARECI NOVO,2021,3885
4314050,RS,Parobé,PAROBE,2013,54599
4314050,RS,Parobé,PAROBE,2014,55056
4314050,RS,Parobé,PAROBE,2015,55486
4314050,RS,Parobé,PAROBE,2016,55893
4314050,RS,Parobé,PAROBE,2017,56277
4314050,RS,Parobé,PAROBE,2018,57660
4314050,RS,Parobé,PAROBE,2019,58272
4314050,RS,Parobé,PAROBE,2020,58858
4314050,RS,Parobé,PAROBE,2021,59419
4314068,RS,Passa Sete,PASSA SETE,2013,5421
4314068,RS,Passa Sete,PASSA SETE,2014,5457
4314068,RS,Passa Sete,PASSA SETE,2015,5491
4314068,RS,Passa Sete,PASSA SETE,2016,5523
4314068,RS,Passa Sete,PASSA SETE,2017,5554
4314068,RS,Passa Sete,PASSA SETE,2018,5656
4314068,RS,Passa Sete,PASSA SETE,2019,5702
4314068,RS,Passa Sete,PASSA SETE,2020,5747
4314068,RS,Passa Sete,PASSA SETE,2021,5790
4314076,RS,Passo do Sobrado,PASSO DO SOBRADO,2013,6307
4314076,RS,Passo do Sobrado,PASSO DO SOBRADO,2014,6340
4314076,RS,Passo do Sobrado,PASSO DO SOBRADO,2015,6372
4314076,RS,Passo do Sobrado,PASSO DO SOBRADO,2016,6402
4314076,RS,Passo do Sobrado,PASSO DO SOBRADO,2017,6430
4314076,RS,Passo do Sobrado,PASSO DO SOBRADO,2018,6493
4314076,RS,Passo do Sobrado,PASSO DO SOBRADO,2019,6535
4314076,RS,Passo do Sobrado,PASSO DO SOBRADO,2020,6574
4314076,RS,Passo do Sobrado,PASSO DO SOBRADO,2021,6612
4314100,RS,Passo Fundo,PASSO FUNDO,2013,194432
4314100,RS,Passo Fundo,PASSO FUNDO,2014,195620
4314100,RS,Passo Fundo,PASSO FUNDO,2015,196739
4314100,RS,Passo Fundo,PASSO FUNDO,2016,197798
4314100,RS,Passo Fundo,PASSO FUNDO,2017,198799
4314100,RS,Passo Fundo,PASSO FUNDO,2018,201767
4314100,RS,Passo Fundo,PASSO FUNDO,2019,203275
4314100,RS,Passo Fundo,PASSO FUNDO,2020,204722
4314100,RS,Passo Fundo,PASSO FUNDO,2021,206103
4314134,RS,Paulo Bento,PAULO BENTO,2013,2284
4314134,RS,Paulo Bento,PAULO BENTO,2014,2291
4314134,RS,Paulo Bento,PAULO BENTO,2015,2297
4314134,RS,Paulo Bento,PAULO BENTO,2016,2302
4314134,RS,Paulo Bento,PAULO BENTO,2017,2308
4314134,RS,Paulo Bento,PAULO BENTO,2018,2287
4314134,RS,Paulo Bento,PAULO BENTO,2019,2293
4314134,RS,Paulo Bento,PAULO BENTO,2020,2299
4314134,RS,Paulo Bento,PAULO BENTO,2021,2303
4314159,RS,Paverama,PAVERAMA,2013,8382
4314159,RS,Paverama,PAVERAMA,2014,8410
4314159,RS,Paverama,PAVERAMA,2015,8437
4314159,RS,Paverama,PAVERAMA,2016,8461
4314159,RS,Paverama,PAVERAMA,2017,8485
4314159,RS,Paverama,PAVERAMA,2018,8459
4314159,RS,Paverama,PAVERAMA,2019,8487
4314159,RS,Paverama,PAVERAMA,2020,8515
4314159,RS,Paverama,PAVERAMA,2021,8541
4314175,RS,Pedras Altas,PEDRAS ALTAS,2013,2226
4314175,RS,Pedras Altas,PEDRAS ALTAS,2014,2210
4314175,RS,Pedras Altas,PEDRAS ALTAS,2015,2195
4314175,RS,Pedras Altas,PEDRAS ALTAS,2016,2181
4314175,RS,Pedras Altas,PEDRAS ALTAS,2017,2168
4314175,RS,Pedras Altas,PEDRAS ALTAS,2018,2010
4314175,RS,Pedras Altas,PEDRAS ALTAS,2019,1982
4314175,RS,Pedras Altas,PEDRAS ALTAS,2020,1954
4314175,RS,Pedras Altas,PEDRAS ALTAS,2021,1928
4314209,RS,Pedro Osório,PEDRO OSORIO,2013,8024
4314209,RS,Pedro Osório,PEDRO OSORIO,2014,8017
4314209,RS,Pedro Osório,PEDRO OSORIO,2015,8011
4314209,RS,Pedro Osório,PEDRO OSORIO,2016,8005
4314209,RS,Pedro Osório,PEDRO OSORIO,2017,7999
4314209,RS,Pedro Osório,PEDRO OSORIO,2018,7755
4314209,RS,Pedro Osório,PEDRO OSORIO,2019,7730
4314209,RS,Pedro Osório,PEDRO OSORIO,2020,7706
4314209,RS,Pedro Osório,PEDRO OSORIO,2021,7683
4314308,RS,Pejuçara,PEJUCARA,2013,4070
4314308,RS,Pejuçara,PEJUCARA,2014,4062
4314308,RS,Pejuçara,PEJUCARA,2015,4055
4314308,RS,Pejuçara,PEJUCARA,2016,4049
4314308,RS,Pejuçara,PEJUCARA,2017,4043
4314308,RS,Pejuçara,PEJUCARA,2018,3893
4314308,RS,Pejuçara,PEJUCARA,2019,3874
4314308,RS,Pejuçara,PEJUCARA,2020,3857
4314308,RS,Pejuçara,PEJUCARA,2021,3840
4314407,RS,Pelotas,PELOTAS,2013,341180
4314407,RS,Pelotas,PELOTAS,2014,342053
4314407,RS,Pelotas,PELOTAS,2015,342873
4314407,RS,Pelotas,PELOTAS,2016,343651
4314407,RS,Pelotas,PELOTAS,2017,344385
4314407,RS,Pelotas,PELOTAS,2018,341648
4314407,RS,Pelotas,PELOTAS,2019,342405
4314407,RS,Pelotas,PELOTAS,2020,343132
4314407,RS,Pelotas,PELOTAS,2021,343826
4314423,RS,Picada Café,PICADA CAFE,2013,5462
4314423,RS,Picada Café,PICADA CAFE,2014,5498
4314423,RS,Picada Café,PICADA CAFE,2015,5532
4314423,RS,Picada Café,PICADA CAFE,2016,5564
4314423,RS,Picada Café,PICADA CAFE,2017,5595
4314423,RS,Picada Café,PICADA CAFE,2018,5696
4314423,RS,Picada Café,PICADA CAFE,2019,5742
4314423,RS,Picada Café,PICADA CAFE,2020,5738
4314423,RS,Picada Café,PICADA CAFE,2021,5780
4314456,RS,Pinhal,PINHAL,2013,2602
4314456,RS,Pinhal,PINHAL,2014,2606
4314456,RS,Pinhal,PINHAL,2015,2609
4314456,RS,Pinhal,PINHAL,2016,2613
4314456,RS,Pinhal,PINHAL,2017,2616
4314456,RS,Pinhal,PINHAL,2018,2577
4314456,RS,Pinhal,PINHAL,2019,2579
4314456,RS,Pinhal,PINHAL,2020,2580
4314456,RS,Pinhal,PINHAL,2021,2581
4314464,RS,Pinhal da Serra,PINHAL DA SERRA,2013,2151
4314464,RS,Pinhal da Serra,PINHAL DA SERRA,2014,2138
4314464,RS,Pinhal da Serra,PINHAL DA SERRA,2015,2126
4314464,RS,Pinhal da Serra,PINHAL DA SERRA,2016,2115
4314464,RS,Pinhal da Serra,PINHAL DA SERRA,2017,2104
4314464,RS,Pinhal da Serra,PINHAL DA SERRA,2018,1965
4314464,RS,Pinhal da Serra,PINHAL DA SERRA,2019,1941
4314464,RS,Pinhal da Serra,PINHAL DA SERRA,2020,1918
4314464,RS,Pinhal da Serra,PINHAL DA SERRA,2021,1896
4314472,RS,Pinhal Grande,PINHAL GRANDE,2013,4577
4314472,RS,Pinhal Grande,PINHAL GRANDE,2014,4568
4314472,RS,Pinhal Grande,PINHAL GRANDE,2015,4560
4314472,RS,Pinhal Grande,PINHAL GRANDE,2016,4552
4314472,RS,Pinhal Grande,PINHAL GRANDE,2017,4544
4314472,RS,Pinhal Grande,PINHAL GRANDE,2018,4372
4314472,RS,Pinhal Grande,PINHAL GRANDE,2019,4350
4314472,RS,Pinhal Grande,PINHAL GRANDE,2020,4329
4314472,RS,Pinhal Grande,PINHAL GRANDE,2021,4309
4314498,RS,Pinheirinho do Vale,PINHEIRINHO DO VALE,2013,4715
4314498,RS,Pinheirinho do Vale,PINHEIRINHO DO VALE,2014,4739
4314498,RS,Pinheirinho do Vale,PINHEIRINHO DO VALE,2015,4761
4314498,RS,Pinheirinho do Vale,PINHEIRINHO DO VALE,2016,4783
4314498,RS,Pinheirinho do Vale,PINHEIRINHO DO VALE,2017,4803
4314498,RS,Pinheirinho do Vale,PINHEIRINHO DO VALE,2018,4842
4314498,RS,Pinheirinho do Vale,PINHEIRINHO DO VALE,2019,4871
4314498,RS,Pinheirinho do Vale,PINHEIRINHO DO VALE,2020,4899
4314498,RS,Pinheirinho do Vale,PINHEIRINHO DO VALE,2021,4926
4314506,RS,Pinheiro Machado,PINHEIRO MACHADO,2013,13047
4314506,RS,Pinheiro Machado,PINHEIRO MACHADO,2014,13011
4314506,RS,Pinheiro Machado,PINHEIRO MACHADO,2015,12976
4314506,RS,Pinheiro Machado,PINHEIRO MACHADO,2016,12944
4314506,RS,Pinheiro Machado,PINHEIRO MACHADO,2017,12913
4314506,RS,Pinheiro Machado,PINHEIRO MACHADO,2018,12351
4314506,RS,Pinheiro Machado,PINHEIRO MACHADO,2019,12271
4314506,RS,Pinheiro Machado,PINHEIRO MACHADO,2020,12195
4314506,RS,Pinheiro Machado,PINHEIRO MACHADO,2021,12122
4314548,RS,Pinto Bandeira,PINTO BANDEIRA,2013,2681
4314548,RS,Pinto Bandeira,PINTO BANDEIRA,2014,2800
4314548,RS,Pinto Bandeira,PINTO BANDEIRA,2015,2824
4314548,RS,Pinto Bandeira,PINTO BANDEIRA,2016,2847
4314548,RS,Pinto Bandeira,PINTO BANDEIRA,2017,2868
4314548,RS,Pinto Bandeira,PINTO BANDEIRA,2018,2968
4314548,RS,Pinto Bandeira,PINTO BANDEIRA,2019,3003
4314548,RS,Pinto Bandeira,PINTO BANDEIRA,2020,3036
4314548,RS,Pinto Bandeira,PINTO BANDEIRA,2021,3068
4314555,RS,Pirapó,PIRAPO,2013,2738
4314555,RS,Pirapó,PIRAPO,2014,2707
4314555,RS,Pirapó,PIRAPO,2015,2678
4314555,RS,Pirapó,PIRAPO,2016,2651
4314555,RS,Pirapó,PIRAPO,2017,2625
4314555,RS,Pirapó,PIRAPO,2018,2357
4314555,RS,Pirapó,PIRAPO,2019,2304
4314555,RS,Pirapó,PIRAPO,2020,2254
4314555,RS,Pirapó,PIRAPO,2021,2205
4314605,RS,Piratini,PIRATINI,2013,20614
4314605,RS,Piratini,PIRATINI,2014,20664
4314605,RS,Piratini,PIRATINI,2015,20712
4314605,RS,Piratini,PIRATINI,2016,20757
4314605,RS,Piratini,PIRATINI,2017,20799
4314605,RS,Piratini,PIRATINI,2018,20621
4314605,RS,Piratini,PIRATINI,2019,20663
4314605,RS,Piratini,PIRATINI,2020,20704
4314605,RS,Piratini,PIRATINI,2021,20743
4314704,RS,Planalto,PLANALTO,2013,10739
4314704,RS,Planalto,PLANALTO,2014,10707
4314704,RS,Planalto,PLANALTO,2015,10678
4314704,RS,Planalto,PLANALTO,2016,10650
4314704,RS,Planalto,PLANALTO,2017,10623
4314704,RS,Planalto,PLANALTO,2018,10152
4314704,RS,Planalto,PLANALTO,2019,10084
4314704,RS,Planalto,PLANALTO,2020,10019
4314704,RS,Planalto,PLANALTO,2021,9957
4314753,RS,Poço das Antas,POCO DAS ANTAS,2013,2094
4314753,RS,Poço das Antas,POCO DAS ANTAS,2014,2099
4314753,RS,Poço das Antas,POCO DAS ANTAS,2015,2104
4314753,RS,Poço das Antas,POCO DAS ANTAS,2016,2108
4314753,RS,Poço das Antas,POCO DAS ANTAS,2017,2112
4314753,RS,Poço das Antas,POCO DAS ANTAS,2018,2094
4314753,RS,Poço das Antas,POCO DAS ANTAS,2019,2098
4314753,RS,Poço das Antas,POCO DAS ANTAS,2020,2101
4314753,RS,Poço das Antas,POCO DAS ANTAS,2021,2105
4314779,RS,Pontão,PONTAO,2013,3982
4314779,RS,Pontão,PONTAO,2014,3984
4314779,RS,Pontão,PONTAO,2015,3986
4314779,RS,Pontão,PONTAO,2016,3988
4314779,RS,Pontão,PONTAO,2017,3990
4314779,RS,Pontão,PONTAO,2018,3908
4314779,RS,Pontão,PONTAO,2019,3904
4314779,RS,Pontão,PONTAO,2020,3901
4314779,RS,Pontão,PONTAO,2021,3898
4314787,RS,Ponte Preta,PONTE PRETA,2013,1757
4314787,RS,Ponte Preta,PONTE PRETA,2014,1743
4314787,RS,Ponte Preta,PONTE PRETA,2015,1730
4314787,RS,Ponte Preta,PONTE PRETA,2016,1717
4314787,RS,Ponte Preta,PONTE PRETA,2017,1706
4314787,RS,Ponte Preta,PONTE PRETA,2018,1572
4314787,RS,Ponte Preta,PONTE PRETA,2019,1547
4314787,RS,Ponte Preta,PONTE PRETA,2020,1524
4314787,RS,Ponte Preta,PONTE PRETA,2021,1501
4314803,RS,Portão,PORTAO,2013,33212
4314803,RS,Portão,PORTAO,2014,33615
4314803,RS,Portão,PORTAO,2015,33994
4314803,RS,Portão,PORTAO,2016,34353
4314803,RS,Portão,PORTAO,2017,34692
4314803,RS,Portão,PORTAO,2018,36510
4314803,RS,Portão,PORTAO,2019,37079
4314803,RS,Portão,PORTAO,2020,37561
4314803,RS,Portão,PORTAO,2021,38081
4314902,RS,Porto Alegre,PORTO ALEGRE,2013,1467816
4314902,RS,Porto Alegre,PORTO ALEGRE,2014,1472482
4314902,RS,Porto Alegre,PORTO ALEGRE,2015,1476867
4314902,RS,Porto Alegre,PORTO ALEGRE,2016,1481019
4314902,RS,Porto Alegre,PORTO ALEGRE,2017,1484941
4314902,RS,Porto Alegre,PORTO ALEGRE,2018,1479101
4314902,RS,Porto Alegre,PORTO ALEGRE,2019,1483771
4314902,RS,Porto Alegre,PORTO ALEGRE,2020,1488252
4314902,RS,Porto Alegre,PORTO ALEGRE,2021,1492530
4315008,RS,Porto Lucena,PORTO LUCENA,2013,5410
4315008,RS,Porto Lucena,PORTO LUCENA,2014,5360
4315008,RS,Porto Lucena,PORTO LUCENA,2015,5313
4315008,RS,Porto Lucena,PORTO LUCENA,2016,5269
4315008,RS,Porto Lucena,PORTO LUCENA,2017,5227
4315008,RS,Porto Lucena,PORTO LUCENA,2018,4765
4315008,RS,Porto Lucena,PORTO LUCENA,2019,4678
4315008,RS,Porto Lucena,PORTO LUCENA,2020,4594
4315008,RS,Porto Lucena,PORTO LUCENA,2021,4514
4315057,RS,Porto Mauá,PORTO MAUA,2013,2579
4315057,RS,Porto Mauá,PORTO MAUA,2014,2568
4315057,RS,Porto Mauá,PORTO MAUA,2015,2557
4315057,RS,Porto Mauá,PORTO MAUA,2016,2546
4315057,RS,Porto Mauá,PORTO MAUA,2017,2536
4315057,RS,Porto Mauá,PORTO MAUA,2018,2397
4315057,RS,Porto Mauá,PORTO MAUA,2019,2374
4315057,RS,Porto Mauá,PORTO MAUA,2020,2352
4315057,RS,Porto Mauá,PORTO MAUA,2021,2332
4315073,RS,Porto Vera Cruz,PORTO VERA CRUZ,2013,1797
4315073,RS,Porto Vera Cruz,PORTO VERA CRUZ,2014,1764
4315073,RS,Porto Vera Cruz,PORTO VERA CRUZ,2015,1733
4315073,RS,Porto Vera Cruz,PORTO VERA CRUZ,2016,1704
4315073,RS,Porto Vera Cruz,PORTO VERA CRUZ,2017,1676
4315073,RS,Porto Vera Cruz,PORTO VERA CRUZ,2018,1415
4315073,RS,Porto Vera Cruz,PORTO VERA CRUZ,2019,1360
4315073,RS,Porto Vera Cruz,PORTO VERA CRUZ,2020,1308
4315073,RS,Porto Vera Cruz,PORTO VERA CRUZ,2021,1258
4315107,RS,Porto Xavier,PORTO XAVIER,2013,10802
4315107,RS,Porto Xavier,PORTO XAVIER,2014,10779
4315107,RS,Porto Xavier,PORTO XAVIER,2015,10758
4315107,RS,Porto Xavier,PORTO XAVIER,2016,10737
4315107,RS,Porto Xavier,PORTO XAVIER,2017,10718
4315107,RS,Porto Xavier,PORTO XAVIER,2018,10301
4315107,RS,Porto Xavier,PORTO XAVIER,2019,10246
4315107,RS,Porto Xavier,PORTO XAVIER,2020,10194
4315107,RS,Porto Xavier,PORTO XAVIER,2021,10144
4315131,RS,Pouso Novo,POUSO NOVO,2013,1878
4315131,RS,Pouso Novo,POUSO NOVO,2014,1862
4315131,RS,Pouso Novo,POUSO NOVO,2015,1847
4315131,RS,Pouso Novo,POUSO NOVO,2016,1832
4315131,RS,Pouso Novo,POUSO NOVO,2017,1819
4315131,RS,Pouso Novo,POUSO NOVO,2018,1668
4315131,RS,Pouso Novo,POUSO NOVO,2019,1639
4315131,RS,Pouso Novo,POUSO NOVO,2020,1612
4315131,RS,Pouso Novo,POUSO NOVO,2021,1586
4315149,RS,Presidente Lucena,PRESIDENTE LUCENA,2013,2652
4315149,RS,Presidente Lucena,PRESIDENTE LUCENA,2014,2679
4315149,RS,Presidente Lucena,PRESIDENTE LUCENA,2015,2705
4315149,RS,Presidente Lucena,PRESIDENTE LUCENA,2016,2729
4315149,RS,Presidente Lucena,PRESIDENTE LUCENA,2017,2752
4315149,RS,Presidente Lucena,PRESIDENTE LUCENA,2018,2863
4315149,RS,Presidente Lucena,PRESIDENTE LUCENA,2019,2901
4315149,RS,Presidente Lucena,PRESIDENTE LUCENA,2020,2937
4315149,RS,Presidente Lucena,PRESIDENTE LUCENA,2021,2972
4315156,RS,Progresso,PROGRESSO,2013,6364
4315156,RS,Progresso,PROGRESSO,2014,6368
4315156,RS,Progresso,PROGRESSO,2015,6372
4315156,RS,Progresso,PROGRESSO,2016,6376
4315156,RS,Progresso,PROGRESSO,2017,6379
4315156,RS,Progresso,PROGRESSO,2018,6249
4315156,RS,Progresso,PROGRESSO,2019,6244
4315156,RS,Progresso,PROGRESSO,2020,6239
4315156,RS,Progresso,PROGRESSO,2021,6235
4315172,RS,Protásio Alves,PROTASIO ALVES,2013,2048
4315172,RS,Protásio Alves,PROTASIO ALVES,2014,2044
4315172,RS,Protásio Alves,PROTASIO ALVES,2015,2041
4315172,RS,Protásio Alves,PROTASIO ALVES,2016,2037
4315172,RS,Protásio Alves,PROTASIO ALVES,2017,2034
4315172,RS,Protásio Alves,PROTASIO ALVES,2018,1957
4315172,RS,Protásio Alves,PROTASIO ALVES,2019,1947
4315172,RS,Protásio Alves,PROTASIO ALVES,2020,1938
4315172,RS,Protásio Alves,PROTASIO ALVES,2021,1929
4315206,RS,Putinga,PUTINGA,2013,4215
4315206,RS,Putinga,PUTINGA,2014,4200
4315206,RS,Putinga,PUTINGA,2015,4185
4315206,RS,Putinga,PUTINGA,2016,4172
4315206,RS,Putinga,PUTINGA,2017,4159
4315206,RS,Putinga,PUTINGA,2018,3951
4315206,RS,Putinga,PUTINGA,2019,3919
4315206,RS,Putinga,PUTINGA,2020,3889
4315206,RS,Putinga,PUTINGA,2021,3861
4315305,RS,Quaraí,QUARAI,2013,23631
4315305,RS,Quaraí,QUARAI,2014,23604
4315305,RS,Quaraí,QUARAI,2015,23579
4315305,RS,Quaraí,QUARAI,2016,23555
4315305,RS,Quaraí,QUARAI,2017,23532
4315305,RS,Quaraí,QUARAI,2018,22771
4315305,RS,Quaraí,QUARAI,2019,22687
4315305,RS,Quaraí,QUARAI,2020,22607
4315305,RS,Quaraí,QUARAI,2021,22531
4315313,RS,Quatro Irmãos,QUATRO IRMAOS,2013,1842
4315313,RS,Quatro Irmãos,QUATRO IRMAOS,2014,1846
4315313,RS,Quatro Irmãos,QUATRO IRMAOS,2015,1849
4315313,RS,Quatro Irmãos,QUATRO IRMAOS,2016,1852
4315313,RS,Quatro Irmãos,QUATRO IRMAOS,2017,1856
4315313,RS,Quatro Irmãos,QUATRO IRMAOS,2018,1846
4315313,RS,Quatro Irmãos,QUATRO IRMAOS,2019,1849
4315313,RS,Quatro Irmãos,QUATRO IRMAOS,2020,1856
4315313,RS,Quatro Irmãos,QUATRO IRMAOS,2021,1860
4315321,RS,Quevedos,QUEVEDOS,2013,2807
4315321,RS,Quevedos,QUEVEDOS,2014,2812
4315321,RS,Quevedos,QUEVEDOS,2015,2816
4315321,RS,Quevedos,QUEVEDOS,2016,2820
4315321,RS,Quevedos,QUEVEDOS,2017,2824
4315321,RS,Quevedos,QUEVEDOS,2018,2786
4315321,RS,Quevedos,QUEVEDOS,2019,2788
4315321,RS,Quevedos,QUEVEDOS,2020,2790
4315321,RS,Quevedos,QUEVEDOS,2021,2793
4315354,RS,Quinze de Novembro,QUINZE DE NOVEMBRO,2013,3794
4315354,RS,Quinze de Novembro,QUINZE DE NOVEMBRO,2014,3803
4315354,RS,Quinze de Novembro,QUINZE DE NOVEMBRO,2015,3811
4315354,RS,Quinze de Novembro,QUINZE DE NOVEMBRO,2016,3819
4315354,RS,Quinze de Novembro,QUINZE DE NOVEMBRO,2017,3826
4315354,RS,Quinze de Novembro,QUINZE DE NOVEMBRO,2018,3789
4315354,RS,Quinze de Novembro,QUINZE DE NOVEMBRO,2019,3796
4315354,RS,Quinze de Novembro,QUINZE DE NOVEMBRO,2020,3803
4315354,RS,Quinze de Novembro,QUINZE DE NOVEMBRO,2021,3810
4315404,RS,Redentora,REDENTORA,2013,10845
4315404,RS,Redentora,REDENTORA,2014,10938
4315404,RS,Redentora,REDENTORA,2015,11025
4315404,RS,Redentora,REDENTORA,2016,11108
4315404,RS,Redentora,REDENTORA,2017,11187
4315404,RS,Redentora,REDENTORA,2018,11527
4315404,RS,Redentora,REDENTORA,2019,11549
4315404,RS,Redentora,REDENTORA,2020,11669
4315404,RS,Redentora,REDENTORA,2021,11782
4315453,RS,Relvado,RELVADO,2013,2205
4315453,RS,Relvado,RELVADO,2014,2200
4315453,RS,Relvado,RELVADO,2015,2195
4315453,RS,Relvado,RELVADO,2016,2191
4315453,RS,Relvado,RELVADO,2017,2187
4315453,RS,Relvado,RELVADO,2018,2101
4315453,RS,Relvado,RELVADO,2019,2090
4315453,RS,Relvado,RELVADO,2020,2079
4315453,RS,Relvado,RELVADO,2021,2068
4315503,RS,Restinga Sêca,RESTINGA SECA,2013,16357
4315503,RS,Restinga Sêca,RESTINGA SECA,2014,16345
4315503,RS,Restinga Sêca,RESTINGA SECA,2015,16334
4315503,RS,Restinga Sêca,RESTINGA SECA,2016,16324
4315503,RS,Restinga Sêca,RESTINGA SECA,2017,16315
4315503,RS,Restinga Sêca,RESTINGA SECA,2018,15836
4315503,RS,Restinga Sêca,RESTINGA SECA,2019,15789
4315503,RS,Restinga Sêca,RESTINGA SECA,2020,15744
4315503,RS,Restinga Sêca,RESTINGA SECA,2021,15702
4315552,RS,Rio dos Índios,RIO DOS INDIOS,2013,3531
4315552,RS,Rio dos Índios,RIO DOS INDIOS,2014,3473
4315552,RS,Rio dos Índios,RIO DOS INDIOS,2015,3418
4315552,RS,Rio dos Índios,RIO DOS INDIOS,2016,3366
4315552,RS,Rio dos Índios,RIO DOS INDIOS,2017,3317
4315552,RS,Rio dos Índios,RIO DOS INDIOS,2018,2849
4315552,RS,Rio dos Índios,RIO DOS INDIOS,2019,2752
4315552,RS,Rio dos Índios,RIO DOS INDIOS,2020,2660
4315552,RS,Rio dos Índios,RIO DOS INDIOS,2021,2571
4315602,RS,Rio Grande,RIO GRANDE,2013,206161
4315602,RS,Rio Grande,RIO GRANDE,2014,207036
4315602,RS,Rio Grande,RIO GRANDE,2015,207860
4315602,RS,Rio Grande,RIO GRANDE,2016,208641
4315602,RS,Rio Grande,RIO GRANDE,2017,209378
4315602,RS,Rio Grande,RIO GRANDE,2018,210005
4315602,RS,Rio Grande,RIO GRANDE,2019,211005
4315602,RS,Rio Grande,RIO GRANDE,2020,211965
4315602,RS,Rio Grande,RIO GRANDE,2021,212881
4315701,RS,Rio Pardo,RIO PARDO,2013,38861
4315701,RS,Rio Pardo,RIO PARDO,2014,38899
4315701,RS,Rio Pardo,RIO PARDO,2015,38934
4315701,RS,Rio Pardo,RIO PARDO,2016,38968
4315701,RS,Rio Pardo,RIO PARDO,2017,39000
4315701,RS,Rio Pardo,RIO PARDO,2018,38284
4315701,RS,Rio Pardo,RIO PARDO,2019,38275
4315701,RS,Rio Pardo,RIO PARDO,2020,38265
4315701,RS,Rio Pardo,RIO PARDO,2021,38257
4315750,RS,Riozinho,RIOZINHO,2013,4531
4315750,RS,Riozinho,RIOZINHO,2014,4552
4315750,RS,Riozinho,RIOZINHO,2015,4571
4315750,RS,Riozinho,RIOZINHO,2016,4590
4315750,RS,Riozinho,RIOZINHO,2017,4607
4315750,RS,Riozinho,RIOZINHO,2018,4629
4315750,RS,Riozinho,RIOZINHO,2019,4653
4315750,RS,Riozinho,RIOZINHO,2020,4676
4315750,RS,Riozinho,RIOZINHO,2021,4698
4315800,RS,Roca Sales,ROCA SALES,2013,10837
4315800,RS,Roca Sales,ROCA SALES,2014,10909
4315800,RS,Roca Sales,ROCA SALES,2015,10976
4315800,RS,Roca Sales,ROCA SALES,2016,11040
4315800,RS,Roca Sales,ROCA SALES,2017,11101
4315800,RS,Roca Sales,ROCA SALES,2018,11300
4315800,RS,Roca Sales,ROCA SALES,2019,11393
4315800,RS,Roca Sales,ROCA SALES,2020,11471
4315800,RS,Roca Sales,ROCA SALES,2021,11556
4315909,RS,Rodeio Bonito,RODEIO BONITO,2013,5942
4315909,RS,Rodeio Bonito,RODEIO BONITO,2014,5949
4315909,RS,Rodeio Bonito,RODEIO BONITO,2015,5955
4315909,RS,Rodeio Bonito,RODEIO BONITO,2016,5961
4315909,RS,Rodeio Bonito,RODEIO BONITO,2017,5967
4315909,RS,Rodeio Bonito,RODEIO BONITO,2018,5867
4315909,RS,Rodeio Bonito,RODEIO BONITO,2019,5867
4315909,RS,Rodeio Bonito,RODEIO BONITO,2020,5868
4315909,RS,Rodeio Bonito,RODEIO BONITO,2021,5868
4315958,RS,Rolador,ROLADOR,2013,2572
4315958,RS,Rolador,ROLADOR,2014,2556
4315958,RS,Rolador,ROLADOR,2015,2542
4315958,RS,Rolador,ROLADOR,2016,2528
4315958,RS,Rolador,ROLADOR,2017,2515
4315958,RS,Rolador,ROLADOR,2018,2352
4315958,RS,Rolador,ROLADOR,2019,2323
4315958,RS,Rolador,ROLADOR,2020,2296
4315958,RS,Rolador,ROLADOR,2021,2270
4316006,RS,Rolante,ROLANTE,2013,20479
4316006,RS,Rolante,ROLANTE,2014,20599
4316006,RS,Rolante,ROLANTE,2015,20712
4316006,RS,Rolante,ROLANTE,2016,20819
4316006,RS,Rolante,ROLANTE,2017,20920
4316006,RS,Rolante,ROLANTE,2018,21199
4316006,RS,Rolante,ROLANTE,2019,21349
4316006,RS,Rolante,ROLANTE,2020,21453
4316006,RS,Rolante,ROLANTE,2021,21591
4316105,RS,Ronda Alta,RONDA ALTA,2013,10610
4316105,RS,Ronda Alta,RONDA ALTA,2014,10633
4316105,RS,Ronda Alta,RONDA ALTA,2015,10655
4316105,RS,Ronda Alta,RONDA ALTA,2016,10675
4316105,RS,Ronda Alta,RONDA ALTA,2017,10695
4316105,RS,Ronda Alta,RONDA ALTA,2018,10583
4316105,RS,Ronda Alta,RONDA ALTA,2019,10601
4316105,RS,Ronda Alta,RONDA ALTA,2020,10617
4316105,RS,Ronda Alta,RONDA ALTA,2021,10633
4316204,RS,Rondinha,RONDINHA,2013,5596
4316204,RS,Rondinha,RONDINHA,2014,5569
4316204,RS,Rondinha,RONDINHA,2015,5544
4316204,RS,Rondinha,RONDINHA,2016,5520
4316204,RS,Rondinha,RONDINHA,2017,5497
4316204,RS,Rondinha,RONDINHA,2018,5182
4316204,RS,Rondinha,RONDINHA,2019,5130
4316204,RS,Rondinha,RONDINHA,2020,5080
4316204,RS,Rondinha,RONDINHA,2021,5033
4316303,RS,Roque Gonzales,ROQUE GONZALES,2013,7338
4316303,RS,Roque Gonzales,ROQUE GONZALES,2014,7313
4316303,RS,Roque Gonzales,ROQUE GONZALES,2015,7289
4316303,RS,Roque Gonzales,ROQUE GONZALES,2016,7267
4316303,RS,Roque Gonzales,ROQUE GONZALES,2017,7245
4316303,RS,Roque Gonzales,ROQUE GONZALES,2018,6899
4316303,RS,Roque Gonzales,ROQUE GONZALES,2019,6847
4316303,RS,Roque Gonzales,ROQUE GONZALES,2020,6797
4316303,RS,Roque Gonzales,ROQUE GONZALES,2021,6750
4316402,RS,Rosário do Sul,ROSARIO DO SUL,2013,40825
4316402,RS,Rosário do Sul,ROSARIO DO SUL,2014,40798
4316402,RS,Rosário do Sul,ROSARIO DO SUL,2015,40773
4316402,RS,Rosário do Sul,ROSARIO DO SUL,2016,40750
4316402,RS,Rosário do Sul,ROSARIO DO SUL,2017,40727
4316402,RS,Rosário do Sul,ROSARIO DO SUL,2018,39535
4316402,RS,Rosário do Sul,ROSARIO DO SUL,2019,39422
4316402,RS,Rosário do Sul,ROSARIO DO SUL,2020,39314
4316402,RS,Rosário do Sul,ROSARIO DO SUL,2021,39210
4316428,RS,Sagrada Família,SAGRADA FAMILIA,2013,2675
4316428,RS,Sagrada Família,SAGRADA FAMILIA,2014,2675
4316428,RS,Sagrada Família,SAGRADA FAMILIA,2015,2676
4316428,RS,Sagrada Família,SAGRADA FAMILIA,2016,2676
4316428,RS,Sagrada Família,SAGRADA FAMILIA,2017,2676
4316428,RS,Sagrada Família,SAGRADA FAMILIA,2018,2613
4316428,RS,Sagrada Família,SAGRADA FAMILIA,2019,2609
4316428,RS,Sagrada Família,SAGRADA FAMILIA,2020,2605
4316428,RS,Sagrada Família,SAGRADA FAMILIA,2021,2601
4316436,RS,Saldanha Marinho,SALDANHA MARINHO,2013,2905
4316436,RS,Saldanha Marinho,SALDANHA MARINHO,2014,2890
4316436,RS,Saldanha Marinho,SALDANHA MARINHO,2015,2876
4316436,RS,Saldanha Marinho,SALDANHA MARINHO,2016,2862
4316436,RS,Saldanha Marinho,SALDANHA MARINHO,2017,2849
4316436,RS,Saldanha Marinho,SALDANHA MARINHO,2018,2679
4316436,RS,Saldanha Marinho,SALDANHA MARINHO,2019,2650
4316436,RS,Saldanha Marinho,SALDANHA MARINHO,2020,2622
4316436,RS,Saldanha Marinho,SALDANHA MARINHO,2021,2596
4316451,RS,Salto do Jacuí,SALTO DO JACUI,2013,12360
4316451,RS,Salto do Jacuí,SALTO DO JACUI,2014,12395
4316451,RS,Salto do Jacuí,SALTO DO JACUI,2015,12429
4316451,RS,Salto do Jacuí,SALTO DO JACUI,2016,12460
4316451,RS,Salto do Jacuí,SALTO DO JACUI,2017,12490
4316451,RS,Salto do Jacuí,SALTO DO JACUI,2018,12416
4316451,RS,Salto do Jacuí,SALTO DO JACUI,2019,12449
4316451,RS,Salto do Jacuí,SALTO DO JACUI,2020,12481
4316451,RS,Salto do Jacuí,SALTO DO JACUI,2021,12512
4316477,RS,Salvador das Missões,SALVADOR DAS MISSOES,2013,2762
4316477,RS,Salvador das Missões,SALVADOR DAS MISSOES,2014,2766
4316477,RS,Salvador das Missões,SALVADOR DAS MISSOES,2015,2769
4316477,RS,Salvador das Missões,SALVADOR DAS MISSOES,2016,2773
4316477,RS,Salvador das Missões,SALVADOR DAS MISSOES,2017,2776
4316477,RS,Salvador das Missões,SALVADOR DAS MISSOES,2018,2732
4316477,RS,Salvador das Missões,SALVADOR DAS MISSOES,2019,2733
4316477,RS,Salvador das Missões,SALVADOR DAS MISSOES,2020,2733
4316477,RS,Salvador das Missões,SALVADOR DAS MISSOES,2021,2734
4316501,RS,Salvador do Sul,SALVADOR DO SUL,2013,7182
4316501,RS,Salvador do Sul,SALVADOR DO SUL,2014,7251
4316501,RS,Salvador do Sul,SALVADOR DO SUL,2015,7315
4316501,RS,Salvador do Sul,SALVADOR DO SUL,2016,7377
4316501,RS,Salvador do Sul,SALVADOR DO SUL,2017,7434
4316501,RS,Salvador do Sul,SALVADOR DO SUL,2018,7705
4316501,RS,Salvador do Sul,SALVADOR DO SUL,2019,7799
4316501,RS,Salvador do Sul,SALVADOR DO SUL,2020,7889
4316501,RS,Salvador do Sul,SALVADOR DO SUL,2021,7975
4316600,RS,Sananduva,SANANDUVA,2013,16029
4316600,RS,Sananduva,SANANDUVA,2014,16086
4316600,RS,Sananduva,SANANDUVA,2015,16139
4316600,RS,Sananduva,SANANDUVA,2016,16189
4316600,RS,Sananduva,SANANDUVA,2017,16237
4316600,RS,Sananduva,SANANDUVA,2018,16211
4316600,RS,Sananduva,SANANDUVA,2019,16270
4316600,RS,Sananduva,SANANDUVA,2020,16328
4316600,RS,Sananduva,SANANDUVA,2021,16382
4317103,RS,Sant'Ana do Livramento,SANT ANA DO LIVRAMENTO,2013,83702
4317103,RS,Sant'Ana do Livramento,SANT ANA DO LIVRAMENTO,2014,83324
4317103,RS,Sant'Ana do Livramento,SANT ANA DO LIVRAMENTO,2015,82968
4317103,RS,Sant'Ana do Livramento,SANT ANA DO LIVRAMENTO,2016,82631
4317103,RS,Sant'Ana do Livramento,SANT ANA DO LIVRAMENTO,2017,82312
4317103,RS,Sant'Ana do Livramento,SANT ANA DO LIVRAMENTO,2018,77763
4317103,RS,Sant'Ana do Livramento,SANT ANA DO LIVRAMENTO,2019,77027
4317103,RS,Sant'Ana do Livramento,SANT ANA DO LIVRAMENTO,2020,76321
4317103,RS,Sant'Ana do Livramento,SANT ANA DO LIVRAMENTO,2021,75647
4316709,RS,Santa Bárbara do Sul,SANTA BARBARA DO SUL,2013,8905
4316709,RS,Santa Bárbara do Sul,SANTA BARBARA DO SUL,2014,8847
4316709,RS,Santa Bárbara do Sul,SANTA BARBARA DO SUL,2015,8793
4316709,RS,Santa Bárbara do Sul,SANTA BARBARA DO SUL,2016,8742
4316709,RS,Santa Bárbara do Sul,SANTA BARBARA DO SUL,2017,8694
4316709,RS,Santa Bárbara do Sul,SANTA BARBARA DO SUL,2018,8099
4316709,RS,Santa Bárbara do Sul,SANTA BARBARA DO SUL,2019,7994
4316709,RS,Santa Bárbara do Sul,SANTA BARBARA DO SUL,2020,7909
4316709,RS,Santa Bárbara do Sul,SANTA BARBARA DO SUL,2021,7813
4316733,RS,Santa Cecília do Sul,SANTA CECILIA DO SUL,2013,1700
4316733,RS,Santa Cecília do Sul,SANTA CECILIA DO SUL,2014,1699
4316733,RS,Santa Cecília do Sul,SANTA CECILIA DO SUL,2015,1698
4316733,RS,Santa Cecília do Sul,SANTA CECILIA DO SUL,2016,1696
4316733,RS,Santa Cecília do Sul,SANTA CECILIA DO SUL,2017,1695
4316733,RS,Santa Cecília do Sul,SANTA CECILIA DO SUL,2018,1644
4316733,RS,Santa Cecília do Sul,SANTA CECILIA DO SUL,2019,1639
4316733,RS,Santa Cecília do Sul,SANTA CECILIA DO SUL,2020,1634
4316733,RS,Santa Cecília do Sul,SANTA CECILIA DO SUL,2021,1630
4316758,RS,Santa Clara do Sul,SANTA CLARA DO SUL,2013,6068
4316758,RS,Santa Clara do Sul,SANTA CLARA DO SUL,2014,6127
4316758,RS,Santa Clara do Sul,SANTA CLARA DO SUL,2015,6183
4316758,RS,Santa Clara do Sul,SANTA CLARA DO SUL,2016,6235
4316758,RS,Santa Clara do Sul,SANTA CLARA DO SUL,2017,6285
4316758,RS,Santa Clara do Sul,SANTA CLARA DO SUL,2018,6522
4316758,RS,Santa Clara do Sul,SANTA CLARA DO SUL,2019,6603
4316758,RS,Santa Clara do Sul,SANTA CLARA DO SUL,2020,6681
4316758,RS,Santa Clara do Sul,SANTA CLARA DO SUL,2021,6755
4316808,RS,Santa Cruz do Sul,SANTA CRUZ DO SUL,2013,124577
4316808,RS,Santa Cruz do Sul,SANTA CRUZ DO SUL,2014,125353
4316808,RS,Santa Cruz do Sul,SANTA CRUZ DO SUL,2015,126084
4316808,RS,Santa Cruz do Sul,SANTA CRUZ DO SUL,2016,126775
4316808,RS,Santa Cruz do Sul,SANTA CRUZ DO SUL,2017,127429
4316808,RS,Santa Cruz do Sul,SANTA CRUZ DO SUL,2018,129427
4316808,RS,Santa Cruz do Sul,SANTA CRUZ DO SUL,2019,130416
4316808,RS,Santa Cruz do Sul,SANTA CRUZ DO SUL,2020,131365
4316808,RS,Santa Cruz do Sul,SANTA CRUZ DO SUL,2021,132271
4316972,RS,Santa Margarida do Sul,SANTA MARGARIDA DO SUL,2013,2469
4316972,RS,Santa Margarida do Sul,SANTA MARGARIDA DO SUL,2014,2483
4316972,RS,Santa Margarida do Sul,SANTA MARGARIDA DO SUL,2015,2495
4316972,RS,Santa Margarida do Sul,SANTA MARGARIDA DO SUL,2016,2507
4316972,RS,Santa Margarida do Sul,SANTA MARGARIDA DO SUL,2017,2519
4316972,RS,Santa Margarida do Sul,SANTA MARGARIDA DO SUL,2018,2545
4316972,RS,Santa Margarida do Sul,SANTA MARGARIDA DO SUL,2019,2562
4316972,RS,Santa Margarida do Sul,SANTA MARGARIDA DO SUL,2020,2578
4316972,RS,Santa Margarida do Sul,SANTA MARGARIDA DO SUL,2021,2593
4316907,RS,Santa Maria,SANTA MARIA,2013,273489
4316907,RS,Santa Maria,SANTA MARIA,2014,274838
4316907,RS,Santa Maria,SANTA MARIA,2015,276108
4316907,RS,Santa Maria,SANTA MARIA,2016,277309
4316907,RS,Santa Maria,SANTA MARIA,2017,278445
4316907,RS,Santa Maria,SANTA MARIA,2018,280505
4316907,RS,Santa Maria,SANTA MARIA,2019,282123
4316907,RS,Santa Maria,SANTA MARIA,2020,283677
4316907,RS,Santa Maria,SANTA MARIA,2021,285159
4316956,RS,Santa Maria do Herval,SANTA MARIA DO HERVAL,2013,6295
4316956,RS,Santa Maria do Herval,SANTA MARIA DO HERVAL,2014,6312
4316956,RS,Santa Maria do Herval,SANTA MARIA DO HERVAL,2015,6328
4316956,RS,Santa Maria do Herval,SANTA MARIA DO HERVAL,2016,6344
4316956,RS,Santa Maria do Herval,SANTA MARIA DO HERVAL,2017,6358
4316956,RS,Santa Maria do Herval,SANTA MARIA DO HERVAL,2018,6315
4316956,RS,Santa Maria do Herval,SANTA MARIA DO HERVAL,2019,6331
4316956,RS,Santa Maria do Herval,SANTA MARIA DO HERVAL,2020,6364
4316956,RS,Santa Maria do Herval,SANTA MARIA DO HERVAL,2021,6382
4317202,RS,Santa Rosa,SANTA ROSA,2013,71665
4317202,RS,Santa Rosa,SANTA ROSA,2014,71961
4317202,RS,Santa Rosa,SANTA ROSA,2015,72240
4317202,RS,Santa Rosa,SANTA ROSA,2016,72504
4317202,RS,Santa Rosa,SANTA ROSA,2017,72753
4317202,RS,Santa Rosa,SANTA ROSA,2018,72919
4317202,RS,Santa Rosa,SANTA ROSA,2019,73254
4317202,RS,Santa Rosa,SANTA ROSA,2020,73575
4317202,RS,Santa Rosa,SANTA ROSA,2021,73882
4317251,RS,Santa Tereza,SANTA TEREZA,2013,1782
4317251,RS,Santa Tereza,SANTA TEREZA,2014,1781
4317251,RS,Santa Tereza,SANTA TEREZA,2015,1781
4317251,RS,Santa Tereza,SANTA TEREZA,2016,1780
4317251,RS,Santa Tereza,SANTA TEREZA,2017,1780
4317251,RS,Santa Tereza,SANTA TEREZA,2018,1734
4317251,RS,Santa Tereza,SANTA TEREZA,2019,1729
4317251,RS,Santa Tereza,SANTA TEREZA,2020,1726
4317251,RS,Santa Tereza,SANTA TEREZA,2021,1722
4317301,RS,Santa Vitória do Palmar,SANTA VITORIA DO PALMAR,2013,31618
4317301,RS,Santa Vitória do Palmar,SANTA VITORIA DO PALMAR,2014,31524
4317301,RS,Santa Vitória do Palmar,SANTA VITORIA DO PALMAR,2015,31436
4317301,RS,Santa Vitória do Palmar,SANTA VITORIA DO PALMAR,2016,31352
4317301,RS,Santa Vitória do Palmar,SANTA VITORIA DO PALMAR,2017,31274
4317301,RS,Santa Vitória do Palmar,SANTA VITORIA DO PALMAR,2018,29877
4317301,RS,Santa Vitória do Palmar,SANTA VITORIA DO PALMAR,2019,29676
4317301,RS,Santa Vitória do Palmar,SANTA VITORIA DO PALMAR,2020,29483
4317301,RS,Santa Vitória do Palmar,SANTA VITORIA DO PALMAR,2021,29298
4317004,RS,Santana da Boa Vista,SANTANA DA BOA VISTA,2013,8455
4317004,RS,Santana da Boa Vista,SANTANA DA BOA VISTA,2014,8444
4317004,RS,Santana da Boa Vista,SANTANA DA BOA VISTA,2015,8434
4317004,RS,Santana da Boa Vista,SANTANA DA BOA VISTA,2016,8424
4317004,RS,Santana da Boa Vista,SANTANA DA BOA VISTA,2017,8414
4317004,RS,Santana da Boa Vista,SANTANA DA BOA VISTA,2018,8130
4317004,RS,Santana da Boa Vista,SANTANA DA BOA VISTA,2019,8098
4317004,RS,Santana da Boa Vista,SANTANA DA BOA VISTA,2020,8067
4317004,RS,Santana da Boa Vista,SANTANA DA BOA VISTA,2021,8037
4317400,RS,Santiago,SANTIAGO,2013,50608
4317400,RS,Santiago,SANTIAGO,2014,50622
4317400,RS,Santiago,SANTIAGO,2015,50635
4317400,RS,Santiago,SANTIAGO,2016,50647
4317400,RS,Santiago,SANTIAGO,2017,50658
4317400,RS,Santiago,SANTIAGO,2018,49493
4317400,RS,Santiago,SANTIAGO,2019,49425
4317400,RS,Santiago,SANTIAGO,2020,49360
4317400,RS,Santiago,SANTIAGO,2021,49298
4317509,RS,Santo Ângelo,SANTO ANGELO,2013,78836
4317509,RS,Santo Ângelo,SANTO ANGELO,2014,78908
4317509,RS,Santo Ângelo,SANTO ANGELO,2015,78976
4317509,RS,Santo Ângelo,SANTO ANGELO,2016,79040
4317509,RS,Santo Ângelo,SANTO ANGELO,2017,79101
4317509,RS,Santo Ângelo,SANTO ANGELO,2018,77620
4317509,RS,Santo Ângelo,SANTO ANGELO,2019,77593
4317509,RS,Santo Ângelo,SANTO ANGELO,2020,77568
4317509,RS,Santo Ângelo,SANTO ANGELO,2021,77544
4317608,RS,Santo Antônio da Patrulha,SANTO ANTONIO DA PATRULHA,2013,41579
4317608,RS,Santo Antônio da Patrulha,SANTO ANTONIO DA PATRULHA,2014,41784
4317608,RS,Santo Antônio da Patrulha,SANTO ANTONIO DA PATRULHA,2015,41977
4317608,RS,Santo Antônio da Patrulha,SANTO ANTONIO DA PATRULHA,2016,42160
4317608,RS,Santo Antônio da Patrulha,SANTO ANTONIO DA PATRULHA,2017,42333
4317608,RS,Santo Antônio da Patrulha,SANTO ANTONIO DA PATRULHA,2018,42648
4317608,RS,Santo Antônio da Patrulha,SANTO ANTONIO DA PATRULHA,2019,42894
4317608,RS,Santo Antônio da Patrulha,SANTO ANTONIO DA PATRULHA,2020,43171
4317608,RS,Santo Antônio da Patrulha,SANTO ANTONIO DA PATRULHA,2021,43397
4317707,RS,Santo Antônio das Missões,SANTO ANTONIO DAS MISSOES,2013,11312
4317707,RS,Santo Antônio das Missões,SANTO ANTONIO DAS MISSOES,2014,11241
4317707,RS,Santo Antônio das Missões,SANTO ANTONIO DAS MISSOES,2015,11174
4317707,RS,Santo Antônio das Missões,SANTO ANTONIO DAS MISSOES,2016,11111
4317707,RS,Santo Antônio das Missões,SANTO ANTONIO DAS MISSOES,2017,11051
4317707,RS,Santo Antônio das Missões,SANTO ANTONIO DAS MISSOES,2018,10305
4317707,RS,Santo Antônio das Missões,SANTO ANTONIO DAS MISSOES,2019,10175
4317707,RS,Santo Antônio das Missões,SANTO ANTONIO DAS MISSOES,2020,10050
4317707,RS,Santo Antônio das Missões,SANTO ANTONIO DAS MISSOES,2021,9930
4317558,RS,Santo Antônio do Palma,SANTO ANTONIO DO PALMA,2013,2200
4317558,RS,Santo Antônio do Palma,SANTO ANTONIO DO PALMA,2014,2199
4317558,RS,Santo Antônio do Palma,SANTO ANTONIO DO PALMA,2015,2198
4317558,RS,Santo Antônio do Palma,SANTO ANTONIO DO PALMA,2016,2197
4317558,RS,Santo Antônio do Palma,SANTO ANTONIO DO PALMA,2017,2196
4317558,RS,Santo Antônio do Palma,SANTO ANTONIO DO PALMA,2018,2134
4317558,RS,Santo Antônio do Palma,SANTO ANTONIO DO PALMA,2019,2128
4317558,RS,Santo Antônio do Palma,SANTO ANTONIO DO PALMA,2020,2123
4317558,RS,Santo Antônio do Palma,SANTO ANTONIO DO PALMA,2021,2118
4317756,RS,Santo Antônio do Planalto,SANTO ANTONIO DO PLANALTO,2013,2053
4317756,RS,Santo Antônio do Planalto,SANTO ANTONIO DO PLANALTO,2014,2055
4317756,RS,Santo Antônio do Planalto,SANTO ANTONIO DO PLANALTO,2015,2056
4317756,RS,Santo Antônio do Planalto,SANTO ANTONIO DO PLANALTO,2016,2058
4317756,RS,Santo Antônio do Planalto,SANTO ANTONIO DO PLANALTO,2017,2059
4317756,RS,Santo Antônio do Planalto,SANTO ANTONIO DO PLANALTO,2018,2020
4317756,RS,Santo Antônio do Planalto,SANTO ANTONIO DO PLANALTO,2019,2019
4317756,RS,Santo Antônio do Planalto,SANTO ANTONIO DO PLANALTO,2020,2019
4317756,RS,Santo Antônio do Planalto,SANTO ANTONIO DO PLANALTO,2021,2018
4317806,RS,Santo Augusto,SANTO AUGUSTO,2013,14365
4317806,RS,Santo Augusto,SANTO AUGUSTO,2014,14357
4317806,RS,Santo Augusto,SANTO AUGUSTO,2015,14349
4317806,RS,Santo Augusto,SANTO AUGUSTO,2016,14341
4317806,RS,Santo Augusto,SANTO AUGUSTO,2017,14334
4317806,RS,Santo Augusto,SANTO AUGUSTO,2018,13923
4317806,RS,Santo Augusto,SANTO AUGUSTO,2019,13885
4317806,RS,Santo Augusto,SANTO AUGUSTO,2020,13848
4317806,RS,Santo Augusto,SANTO AUGUSTO,2021,13813
4317905,RS,Santo Cristo,SANTO CRISTO,2013,14778
4317905,RS,Santo Cristo,SANTO CRISTO,2014,14767
4317905,RS,Santo Cristo,SANTO CRISTO,2015,14757
4317905,RS,Santo Cristo,SANTO CRISTO,2016,14747
4317905,RS,Santo Cristo,SANTO CRISTO,2017,14738
4317905,RS,Santo Cristo,SANTO CRISTO,2018,14300
4317905,RS,Santo Cristo,SANTO CRISTO,2019,14257
4317905,RS,Santo Cristo,SANTO CRISTO,2020,14216
4317905,RS,Santo Cristo,SANTO CRISTO,2021,14177
4317954,RS,Santo Expedito do Sul,SANTO EXPEDITO DO SUL,2013,2504
4317954,RS,Santo Expedito do Sul,SANTO EXPEDITO DO SUL,2014,2494
4317954,RS,Santo Expedito do Sul,SANTO EXPEDITO DO SUL,2015,2485
4317954,RS,Santo Expedito do Sul,SANTO EXPEDITO DO SUL,2016,2476
4317954,RS,Santo Expedito do Sul,SANTO EXPEDITO DO SUL,2017,2468
4317954,RS,Santo Expedito do Sul,SANTO EXPEDITO DO SUL,2018,2343
4317954,RS,Santo Expedito do Sul,SANTO EXPEDITO DO SUL,2019,2324
4317954,RS,Santo Expedito do Sul,SANTO EXPEDITO DO SUL,2020,2305
4317954,RS,Santo Expedito do Sul,SANTO EXPEDITO DO SUL,2021,2287
4318002,RS,São Borja,SAO BORJA,2013,63194
4318002,RS,São Borja,SAO BORJA,2014,63089
4318002,RS,São Borja,SAO BORJA,2015,62990
4318002,RS,São Borja,SAO BORJA,2016,62897
4318002,RS,São Borja,SAO BORJA,2017,62808
4318002,RS,São Borja,SAO BORJA,2018,60557
4318002,RS,São Borja,SAO BORJA,2019,60282
4318002,RS,São Borja,SAO BORJA,2020,60019
4318002,RS,São Borja,SAO BORJA,2021,59768
4318051,RS,São Domingos do Sul,SAO DOMINGOS DO SUL,2013,3046
4318051,RS,São Domingos do Sul,SAO DOMINGOS DO SUL,2014,3056
4318051,RS,São Domingos do Sul,SAO DOMINGOS DO SUL,2015,3064
4318051,RS,São Domingos do Sul,SAO DOMINGOS DO SUL,2016,3073
4318051,RS,São Domingos do Sul,SAO DOMINGOS DO SUL,2017,3080
4318051,RS,São Domingos do Sul,SAO DOMINGOS DO SUL,2018,3065
4318051,RS,São Domingos do Sul,SAO DOMINGOS DO SUL,2019,3074
4318051,RS,São Domingos do Sul,SAO DOMINGOS DO SUL,2020,3083
4318051,RS,São Domingos do Sul,SAO DOMINGOS DO SUL,2021,3091
4318101,RS,São Francisco de Assis,SAO FRANCISCO DE ASSIS,2013,19621
4318101,RS,São Francisco de Assis,SAO FRANCISCO DE ASSIS,2014,19556
4318101,RS,São Francisco de Assis,SAO FRANCISCO DE ASSIS,2015,19495
4318101,RS,São Francisco de Assis,SAO FRANCISCO DE ASSIS,2016,19437
4318101,RS,São Francisco de Assis,SAO FRANCISCO DE ASSIS,2017,19382
4318101,RS,São Francisco de Assis,SAO FRANCISCO DE ASSIS,2018,18471
4318101,RS,São Francisco de Assis,SAO FRANCISCO DE ASSIS,2019,18335
4318101,RS,São Francisco de Assis,SAO FRANCISCO DE ASSIS,2020,18205
4318101,RS,São Francisco de Assis,SAO FRANCISCO DE ASSIS,2021,18081
4318200,RS,São Francisco de Paula,SAO FRANCISCO DE PAULA,2013,21408
4318200,RS,São Francisco de Paula,SAO FRANCISCO DE PAULA,2014,21482
4318200,RS,São Francisco de Paula,SAO FRANCISCO DE PAULA,2015,21551
4318200,RS,São Francisco de Paula,SAO FRANCISCO DE PAULA,2016,21617
4318200,RS,São Francisco de Paula,SAO FRANCISCO DE PAULA,2017,21679
4318200,RS,São Francisco de Paula,SAO FRANCISCO DE PAULA,2018,21633
4318200,RS,São Francisco de Paula,SAO FRANCISCO DE PAULA,2019,21710
4318200,RS,São Francisco de Paula,SAO FRANCISCO DE PAULA,2020,21801
4318200,RS,São Francisco de Paula,SAO FRANCISCO DE PAULA,2021,21871
4318309,RS,São Gabriel,SAO GABRIEL,2013,62594
4318309,RS,São Gabriel,SAO GABRIEL,2014,62692
4318309,RS,São Gabriel,SAO GABRIEL,2015,62785
4318309,RS,São Gabriel,SAO GABRIEL,2016,62874
4318309,RS,São Gabriel,SAO GABRIEL,2017,62957
4318309,RS,São Gabriel,SAO GABRIEL,2018,62061
4318309,RS,São Gabriel,SAO GABRIEL,2019,62105
4318309,RS,São Gabriel,SAO GABRIEL,2020,62147
4318309,RS,São Gabriel,SAO GABRIEL,2021,62187
4318408,RS,São Jerônimo,SAO JERONIMO,2013,23263
4318408,RS,São Jerônimo,SAO JERONIMO,2014,23399
4318408,RS,São Jerônimo,SAO JERONIMO,2015,23527
4318408,RS,São Jerônimo,SAO JERONIMO,2016,23649
4318408,RS,São Jerônimo,SAO JERONIMO,2017,23763
4318408,RS,São Jerônimo,SAO JERONIMO,2018,24078
4318408,RS,São Jerônimo,SAO JERONIMO,2019,24248
4318408,RS,São Jerônimo,SAO JERONIMO,2020,24412
4318408,RS,São Jerônimo,SAO JERONIMO,2021,24569
4318424,RS,São João da Urtiga,SAO JOAO DA URTIGA,2013,4851
4318424,RS,São João da Urtiga,SAO JOAO DA URTIGA,2014,4846
4318424,RS,São João da Urtiga,SAO JOAO DA URTIGA,2015,4840
4318424,RS,São João da Urtiga,SAO JOAO DA URTIGA,2016,4836
4318424,RS,São João da Urtiga,SAO JOAO DA URTIGA,2017,4831
4318424,RS,São João da Urtiga,SAO JOAO DA URTIGA,2018,4674
4318424,RS,São João da Urtiga,SAO JOAO DA URTIGA,2019,4657
4318424,RS,São João da Urtiga,SAO JOAO DA URTIGA,2020,4641
4318424,RS,São João da Urtiga,SAO JOAO DA URTIGA,2021,4625
4318432,RS,São João do Polêsine,SAO JOAO DO POLESINE,2013,2657
4318432,RS,São João do Polêsine,SAO JOAO DO POLESINE,2014,2654
4318432,RS,São João do Polêsine,SAO JOAO DO POLESINE,2015,2651
4318432,RS,São João do Polêsine,SAO JOAO DO POLESINE,2016,2649
4318432,RS,São João do Polêsine,SAO JOAO DO POLESINE,2017,2646
4318432,RS,São João do Polêsine,SAO JOAO DO POLESINE,2018,2561
4318432,RS,São João do Polêsine,SAO JOAO DO POLESINE,2019,2552
4318432,RS,São João do Polêsine,SAO JOAO DO POLESINE,2020,2543
4318432,RS,São João do Polêsine,SAO JOAO DO POLESINE,2021,2535
4318440,RS,São Jorge,SAO JORGE,2013,2850
4318440,RS,São Jorge,SAO JORGE,2014,2848
4318440,RS,São Jorge,SAO JORGE,2015,2846
4318440,RS,São Jorge,SAO JORGE,2016,2844
4318440,RS,São Jorge,SAO JORGE,2017,2842
4318440,RS,São Jorge,SAO JORGE,2018,2757
4318440,RS,São Jorge,SAO JORGE,2019,2824
4318440,RS,São Jorge,SAO JORGE,2020,2816
4318440,RS,São Jorge,SAO JORGE,2021,2808
4318457,RS,São José das Missões,SAO JOSE DAS MISSOES,2013,2761
4318457,RS,São José das Missões,SAO JOSE DAS MISSOES,2014,2748
4318457,RS,São José das Missões,SAO JOSE DAS MISSOES,2015,2736
4318457,RS,São José das Missões,SAO JOSE DAS MISSOES,2016,2725
4318457,RS,São José das Missões,SAO JOSE DAS MISSOES,2017,2714
4318457,RS,São José das Missões,SAO JOSE DAS MISSOES,2018,2562
4318457,RS,São José das Missões,SAO JOSE DAS MISSOES,2019,2537
4318457,RS,São José das Missões,SAO JOSE DAS MISSOES,2020,2514
4318457,RS,São José das Missões,SAO JOSE DAS MISSOES,2021,2491
4318465,RS,São José do Herval,SAO JOSE DO HERVAL,2013,2217
4318465,RS,São José do Herval,SAO JOSE DO HERVAL,2014,2201
4318465,RS,São José do Herval,SAO JOSE DO HERVAL,2015,2186
4318465,RS,São José do Herval,SAO JOSE DO HERVAL,2016,2172
4318465,RS,São José do Herval,SAO JOSE DO HERVAL,2017,2158
4318465,RS,São José do Herval,SAO JOSE DO HERVAL,2018,2000
4318465,RS,São José do Herval,SAO JOSE DO HERVAL,2019,1971
4318465,RS,São José do Herval,SAO JOSE DO HERVAL,2020,1943
4318465,RS,São José do Herval,SAO JOSE DO HERVAL,2021,1917
4318481,RS,São José do Hortêncio,SAO JOSE DO HORTENCIO,2013,4373
4318481,RS,São José do Hortêncio,SAO JOSE DO HORTENCIO,2014,4419
4318481,RS,São José do Hortêncio,SAO JOSE DO HORTENCIO,2015,4463
4318481,RS,São José do Hortêncio,SAO JOSE DO HORTENCIO,2016,4504
4318481,RS,São José do Hortêncio,SAO JOSE DO HORTENCIO,2017,4543
4318481,RS,São José do Hortêncio,SAO JOSE DO HORTENCIO,2018,4739
4318481,RS,São José do Hortêncio,SAO JOSE DO HORTENCIO,2019,4804
4318481,RS,São José do Hortêncio,SAO JOSE DO HORTENCIO,2020,4865
4318481,RS,São José do Hortêncio,SAO JOSE DO HORTENCIO,2021,4924
4318499,RS,São José do Inhacorá,SAO JOSE DO INHACORA,2013,2237
4318499,RS,São José do Inhacorá,SAO JOSE DO INHACORA,2014,2228
4318499,RS,São José do Inhacorá,SAO JOSE DO INHACORA,2015,2220
4318499,RS,São José do Inhacorá,SAO JOSE DO INHACORA,2016,2212
4318499,RS,São José do Inhacorá,SAO JOSE DO INHACORA,2017,2205
4318499,RS,São José do Inhacorá,SAO JOSE DO INHACORA,2018,2091
4318499,RS,São José do Inhacorá,SAO JOSE DO INHACORA,2019,2073
4318499,RS,São José do Inhacorá,SAO JOSE DO INHACORA,2020,2056
4318499,RS,São José do Inhacorá,SAO JOSE DO INHACORA,2021,2040
4318507,RS,São José do Norte,SAO JOSE DO NORTE,2013,26721
4318507,RS,São José do Norte,SAO JOSE DO NORTE,2014,26853
4318507,RS,São José do Norte,SAO JOSE DO NORTE,2015,26977
4318507,RS,São José do Norte,SAO JOSE DO NORTE,2016,27095
4318507,RS,São José do Norte,SAO JOSE DO NORTE,2017,27206
4318507,RS,São José do Norte,SAO JOSE DO NORTE,2018,27410
4318507,RS,São José do Norte,SAO JOSE DO NORTE,2019,27568
4318507,RS,São José do Norte,SAO JOSE DO NORTE,2020,27721
4318507,RS,São José do Norte,SAO JOSE DO NORTE,2021,27866
4318606,RS,São José do Ouro,SAO JOSE DO OURO,2013,7116
4318606,RS,São José do Ouro,SAO JOSE DO OURO,2014,7116
4318606,RS,São José do Ouro,SAO JOSE DO OURO,2015,7116
4318606,RS,São José do Ouro,SAO JOSE DO OURO,2016,7117
4318606,RS,São José do Ouro,SAO JOSE DO OURO,2017,7117
4318606,RS,São José do Ouro,SAO JOSE DO OURO,2018,6945
4318606,RS,São José do Ouro,SAO JOSE DO OURO,2019,6933
4318606,RS,São José do Ouro,SAO JOSE DO OURO,2020,6922
4318606,RS,São José do Ouro,SAO JOSE DO OURO,2021,6911
4318614,RS,São José do Sul,SAO JOSE DO SUL,2013,2218
4318614,RS,São José do Sul,SAO JOSE DO SUL,2014,2240
4318614,RS,São José do Sul,SAO JOSE DO SUL,2015,2260
4318614,RS,São José do Sul,SAO JOSE DO SUL,2016,2279
4318614,RS,São José do Sul,SAO JOSE DO SUL,2017,2298
4318614,RS,São José do Sul,SAO JOSE DO SUL,2018,2378
4318614,RS,São José do Sul,SAO JOSE DO SUL,2019,2408
4318614,RS,São José do Sul,SAO JOSE DO SUL,2020,2437
4318614,RS,São José do Sul,SAO JOSE DO SUL,2021,2464
4318622,RS,São José dos Ausentes,SAO JOSE DOS AUSENTES,2013,3441
4318622,RS,São José dos Ausentes,SAO JOSE DOS AUSENTES,2014,3456
4318622,RS,São José dos Ausentes,SAO JOSE DOS AUSENTES,2015,3470
4318622,RS,São José dos Ausentes,SAO JOSE DOS AUSENTES,2016,3483
4318622,RS,São José dos Ausentes,SAO JOSE DOS AUSENTES,2017,3496
4318622,RS,São José dos Ausentes,SAO JOSE DOS AUSENTES,2018,3509
4318622,RS,São José dos Ausentes,SAO JOSE DOS AUSENTES,2019,3527
4318622,RS,São José dos Ausentes,SAO JOSE DOS AUSENTES,2020,3543
4318622,RS,São José dos Ausentes,SAO JOSE DOS AUSENTES,2021,3559
4318705,RS,São Leopoldo,SAO LEOPOLDO,2013,225520
4318705,RS,São Leopoldo,SAO LEOPOLDO,2014,226988
4318705,RS,São Leopoldo,SAO LEOPOLDO,2015,228370
4318705,RS,São Leopoldo,SAO LEOPOLDO,2016,229678
4318705,RS,São Leopoldo,SAO LEOPOLDO,2017,230914
4318705,RS,São Leopoldo,SAO LEOPOLDO,2018,234947
4318705,RS,São Leopoldo,SAO LEOPOLDO,2019,236835
4318705,RS,São Leopoldo,SAO LEOPOLDO,2020,238648
4318705,RS,São Leopoldo,SAO LEOPOLDO,2021,240378
4318804,RS,São Lourenço do Sul,SAO LOURENCO DO SUL,2013,44498
4318804,RS,São Lourenço do Sul,SAO LOURENCO DO SUL,2014,44520
4318804,RS,São Lourenço do Sul,SAO LOURENCO DO SUL,2015,44541
4318804,RS,São Lourenço do Sul,SAO LOURENCO DO SUL,2016,44561
4318804,RS,São Lourenço do Sul,SAO LOURENCO DO SUL,2017,44580
4318804,RS,São Lourenço do Sul,SAO LOURENCO DO SUL,2018,43625
4318804,RS,São Lourenço do Sul,SAO LOURENCO DO SUL,2019,43582
4318804,RS,São Lourenço do Sul,SAO LOURENCO DO SUL,2020,43540
4318804,RS,São Lourenço do Sul,SAO LOURENCO DO SUL,2021,43501
4318903,RS,São Luiz Gonzaga,SAO LUIZ GONZAGA,2013,35344
4318903,RS,São Luiz Gonzaga,SAO LUIZ GONZAGA,2014,35266
4318903,RS,São Luiz Gonzaga,SAO LUIZ GONZAGA,2015,35193
4318903,RS,São Luiz Gonzaga,SAO LUIZ GONZAGA,2016,35123
4318903,RS,São Luiz Gonzaga,SAO LUIZ GONZAGA,2017,35057
4318903,RS,São Luiz Gonzaga,SAO LUIZ GONZAGA,2018,33668
4318903,RS,São Luiz Gonzaga,SAO LUIZ GONZAGA,2019,33468
4318903,RS,São Luiz Gonzaga,SAO LUIZ GONZAGA,2020,33293
4318903,RS,São Luiz Gonzaga,SAO LUIZ GONZAGA,2021,33124
4319000,RS,São Marcos,SAO MARCOS,2013,21024
4319000,RS,São Marcos,SAO MARCOS,2014,21117
4319000,RS,São Marcos,SAO MARCOS,2015,21204
4319000,RS,São Marcos,SAO MARCOS,2016,21286
4319000,RS,São Marcos,SAO MARCOS,2017,21364
4319000,RS,São Marcos,SAO MARCOS,2018,21449
4319000,RS,São Marcos,SAO MARCOS,2019,21556
4319000,RS,São Marcos,SAO MARCOS,2020,21658
4319000,RS,São Marcos,SAO MARCOS,2021,21756
4319109,RS,São Martinho,SAO MARTINHO,2013,5868
4319109,RS,São Martinho,SAO MARTINHO,2014,5844
4319109,RS,São Martinho,SAO MARTINHO,2015,5821
4319109,RS,São Martinho,SAO MARTINHO,2016,5799
4319109,RS,São Martinho,SAO MARTINHO,2017,5779
4319109,RS,São Martinho,SAO MARTINHO,2018,5474
4319109,RS,São Martinho,SAO MARTINHO,2019,5426
4319109,RS,São Martinho,SAO MARTINHO,2020,5380
4319109,RS,São Martinho,SAO MARTINHO,2021,5336
4319125,RS,São Martinho da Serra,SAO MARTINHO DA SERRA,2013,3303
4319125,RS,São Martinho da Serra,SAO MARTINHO DA SERRA,2014,3305
4319125,RS,São Martinho da Serra,SAO MARTINHO DA SERRA,2015,3306
4319125,RS,São Martinho da Serra,SAO MARTINHO DA SERRA,2016,3308
4319125,RS,São Martinho da Serra,SAO MARTINHO DA SERRA,2017,3309
4319125,RS,São Martinho da Serra,SAO MARTINHO DA SERRA,2018,3238
4319125,RS,São Martinho da Serra,SAO MARTINHO DA SERRA,2019,3234
4319125,RS,São Martinho da Serra,SAO MARTINHO DA SERRA,2020,3231
4319125,RS,São Martinho da Serra,SAO MARTINHO DA SERRA,2021,3228
4319158,RS,São Miguel das Missões,SAO MIGUEL DAS MISSOES,2013,7698
4319158,RS,São Miguel das Missões,SAO MIGUEL DAS MISSOES,2014,7714
4319158,RS,São Miguel das Missões,SAO MIGUEL DAS MISSOES,2015,7728
4319158,RS,São Miguel das Missões,SAO MIGUEL DAS MISSOES,2016,7742
4319158,RS,São Miguel das Missões,SAO MIGUEL DAS MISSOES,2017,7754
4319158,RS,São Miguel das Missões,SAO MIGUEL DAS MISSOES,2018,7663
4319158,RS,São Miguel das Missões,SAO MIGUEL DAS MISSOES,2019,7673
4319158,RS,São Miguel das Missões,SAO MIGUEL DAS MISSOES,2020,7683
4319158,RS,São Miguel das Missões,SAO MIGUEL DAS MISSOES,2021,7692
4319208,RS,São Nicolau,SAO NICOLAU,2013,5794
4319208,RS,São Nicolau,SAO NICOLAU,2014,5762
4319208,RS,São Nicolau,SAO NICOLAU,2015,5732
4319208,RS,São Nicolau,SAO NICOLAU,2016,5704
4319208,RS,São Nicolau,SAO NICOLAU,2017,5677
4319208,RS,São Nicolau,SAO NICOLAU,2018,5325
4319208,RS,São Nicolau,SAO NICOLAU,2019,5265
4319208,RS,São Nicolau,SAO NICOLAU,2020,5208
4319208,RS,São Nicolau,SAO NICOLAU,2021,5153
4319307,RS,São Paulo das Missões,SAO PAULO DAS MISSOES,2013,6425
4319307,RS,São Paulo das Missões,SAO PAULO DAS MISSOES,2014,6385
4319307,RS,São Paulo das Missões,SAO PAULO DAS MISSOES,2015,6348
4319307,RS,São Paulo das Missões,SAO PAULO DAS MISSOES,2016,6313
4319307,RS,São Paulo das Missões,SAO PAULO DAS MISSOES,2017,6280
4319307,RS,São Paulo das Missões,SAO PAULO DAS MISSOES,2018,5863
4319307,RS,São Paulo das Missões,SAO PAULO DAS MISSOES,2019,5790
4319307,RS,São Paulo das Missões,SAO PAULO DAS MISSOES,2020,5720
4319307,RS,São Paulo das Missões,SAO PAULO DAS MISSOES,2021,5654
4319356,RS,São Pedro da Serra,SAO PEDRO DA SERRA,2013,3522
4319356,RS,São Pedro da Serra,SAO PEDRO DA SERRA,2014,3554
4319356,RS,São Pedro da Serra,SAO PEDRO DA SERRA,2015,3584
4319356,RS,São Pedro da Serra,SAO PEDRO DA SERRA,2016,3612
4319356,RS,São Pedro da Serra,SAO PEDRO DA SERRA,2017,3639
4319356,RS,São Pedro da Serra,SAO PEDRO DA SERRA,2018,3758
4319356,RS,São Pedro da Serra,SAO PEDRO DA SERRA,2019,3801
4319356,RS,São Pedro da Serra,SAO PEDRO DA SERRA,2020,3842
4319356,RS,São Pedro da Serra,SAO PEDRO DA SERRA,2021,3881
4319364,RS,São Pedro das Missões,SAO PEDRO DAS MISSOES,2013,1969
4319364,RS,São Pedro das Missões,SAO PEDRO DAS MISSOES,2014,1977
4319364,RS,São Pedro das Missões,SAO PEDRO DAS MISSOES,2015,1984
4319364,RS,São Pedro das Missões,SAO PEDRO DAS MISSOES,2016,1991
4319364,RS,São Pedro das Missões,SAO PEDRO DAS MISSOES,2017,1998
4319364,RS,São Pedro das Missões,SAO PEDRO DAS MISSOES,2018,2000
4319364,RS,São Pedro das Missões,SAO PEDRO DAS MISSOES,2019,2009
4319364,RS,São Pedro das Missões,SAO PEDRO DAS MISSOES,2020,2017
4319364,RS,São Pedro das Missões,SAO PEDRO DAS MISSOES,2021,2025
4319372,RS,São Pedro do Butiá,SAO PEDRO DO BUTIA,2013,2975
4319372,RS,São Pedro do Butiá,SAO PEDRO DO BUTIA,2014,2979
4319372,RS,São Pedro do Butiá,SAO PEDRO DO BUTIA,2015,2983
4319372,RS,São Pedro do Butiá,SAO PEDRO DO BUTIA,2016,2987
4319372,RS,São Pedro do Butiá,SAO PEDRO DO BUTIA,2017,2991
4319372,RS,São Pedro do Butiá,SAO PEDRO DO BUTIA,2018,2946
4319372,RS,São Pedro do Butiá,SAO PEDRO DO BUTIA,2019,2947
4319372,RS,São Pedro do Butiá,SAO PEDRO DO BUTIA,2020,2949
4319372,RS,São Pedro do Butiá,SAO PEDRO DO BUTIA,2021,2950
4319406,RS,São Pedro do Sul,SAO PEDRO DO SUL,2013,16817
4319406,RS,São Pedro do Sul,SAO PEDRO DO SUL,2014,16802
4319406,RS,São Pedro do Sul,SAO PEDRO DO SUL,2015,16788
4319406,RS,São Pedro do Sul,SAO PEDRO DO SUL,2016,16775
4319406,RS,São Pedro do Sul,SAO PEDRO DO SUL,2017,16763
4319406,RS,São Pedro do Sul,SAO PEDRO DO SUL,2018,16250
4319406,RS,São Pedro do Sul,SAO PEDRO DO SUL,2019,16198
4319406,RS,São Pedro do Sul,SAO PEDRO DO SUL,2020,16148
4319406,RS,São Pedro do Sul,SAO PEDRO DO SUL,2021,16100
4319505,RS,São Sebastião do Caí,SAO SEBASTIAO DO CAI,2013,23128
4319505,RS,São Sebastião do Caí,SAO SEBASTIAO DO CAI,2014,24517
4319505,RS,São Sebastião do Caí,SAO SEBASTIAO DO CAI,2015,24676
4319505,RS,São Sebastião do Caí,SAO SEBASTIAO DO CAI,2016,24825
4319505,RS,São Sebastião do Caí,SAO SEBASTIAO DO CAI,2017,24967
4319505,RS,São Sebastião do Caí,SAO SEBASTIAO DO CAI,2018,25467
4319505,RS,São Sebastião do Caí,SAO SEBASTIAO DO CAI,2019,25685
4319505,RS,São Sebastião do Caí,SAO SEBASTIAO DO CAI,2020,25959
4319505,RS,São Sebastião do Caí,SAO SEBASTIAO DO CAI,2021,26161
4319604,RS,São Sepé,SAO SEPE,2013,24465
4319604,RS,São Sepé,SAO SEPE,2014,24448
4319604,RS,São Sepé,SAO SEPE,2015,24432
4319604,RS,São Sepé,SAO SEPE,2016,24418
4319604,RS,São Sepé,SAO SEPE,2017,24403
4319604,RS,São Sepé,SAO SEPE,2018,23690
4319604,RS,São Sepé,SAO SEPE,2019,23621
4319604,RS,São Sepé,SAO SEPE,2020,23555
4319604,RS,São Sepé,SAO SEPE,2021,23492
4319703,RS,São Valentim,SAO VALENTIM,2013,3665
4319703,RS,São Valentim,SAO VALENTIM,2014,3642
4319703,RS,São Valentim,SAO VALENTIM,2015,3621
4319703,RS,São Valentim,SAO VALENTIM,2016,3600
4319703,RS,São Valentim,SAO VALENTIM,2017,3581
4319703,RS,São Valentim,SAO VALENTIM,2018,3341
4319703,RS,São Valentim,SAO VALENTIM,2019,3299
4319703,RS,São Valentim,SAO VALENTIM,2020,3259
4319703,RS,São Valentim,SAO VALENTIM,2021,3220
4319711,RS,São Valentim do Sul,SAO VALENTIM DO SUL,2013,2249
4319711,RS,São Valentim do Sul,SAO VALENTIM DO SUL,2014,2253
4319711,RS,São Valentim do Sul,SAO VALENTIM DO SUL,2015,2257
4319711,RS,São Valentim do Sul,SAO VALENTIM DO SUL,2016,2261
4319711,RS,São Valentim do Sul,SAO VALENTIM DO SUL,2017,2265
4319711,RS,São Valentim do Sul,SAO VALENTIM DO SUL,2018,2239
4319711,RS,São Valentim do Sul,SAO VALENTIM DO SUL,2019,2242
4319711,RS,São Valentim do Sul,SAO VALENTIM DO SUL,2020,2245
4319711,RS,São Valentim do Sul,SAO VALENTIM DO SUL,2021,2248
4319737,RS,São Valério do Sul,SAO VALERIO DO SUL,2013,2743
4319737,RS,São Valério do Sul,SAO VALERIO DO SUL,2014,2748
4319737,RS,São Valério do Sul,SAO VALERIO DO SUL,2015,2752
4319737,RS,São Valério do Sul,SAO VALERIO DO SUL,2016,2756
4319737,RS,São Valério do Sul,SAO VALERIO DO SUL,2017,2760
4319737,RS,São Valério do Sul,SAO VALERIO DO SUL,2018,2724
4319737,RS,São Valério do Sul,SAO VALERIO DO SUL,2019,2727
4319737,RS,São Valério do Sul,SAO VALERIO DO SUL,2020,2729
4319737,RS,São Valério do Sul,SAO VALERIO DO SUL,2021,2732
4319752,RS,São Vendelino,SAO VENDELINO,2013,2062
4319752,RS,São Vendelino,SAO VENDELINO,2014,2107
4319752,RS,São Vendelino,SAO VENDELINO,2015,2124
4319752,RS,São Vendelino,SAO VENDELINO,2016,2140
4319752,RS,São Vendelino,SAO VENDELINO,2017,2154
4319752,RS,São Vendelino,SAO VENDELINO,2018,2219
4319752,RS,São Vendelino,SAO VENDELINO,2019,2243
4319752,RS,São Vendelino,SAO VENDELINO,2020,2266
4319752,RS,São Vendelino,SAO VENDELINO,2021,2288
4319802,RS,São Vicente do Sul,SAO VICENTE DO SUL,2013,8754
4319802,RS,São Vicente do Sul,SAO VICENTE DO SUL,2014,8771
4319802,RS,São Vicente do Sul,SAO VICENTE DO SUL,2015,8787
4319802,RS,São Vicente do Sul,SAO VICENTE DO SUL,2016,8802
4319802,RS,São Vicente do Sul,SAO VICENTE DO SUL,2017,8817
4319802,RS,São Vicente do Sul,SAO VICENTE DO SUL,2018,8710
4319802,RS,São Vicente do Sul,SAO VICENTE DO SUL,2019,8721
4319802,RS,São Vicente do Sul,SAO VICENTE DO SUL,2020,8732
4319802,RS,São Vicente do Sul,SAO VICENTE DO SUL,2021,8742
4319901,RS,Sapiranga,SAPIRANGA,2013,78718
4319901,RS,Sapiranga,SAPIRANGA,2014,79152
4319901,RS,Sapiranga,SAPIRANGA,2015,79560
4319901,RS,Sapiranga,SAPIRANGA,2016,79946
4319901,RS,Sapiranga,SAPIRANGA,2017,80311
4319901,RS,Sapiranga,SAPIRANGA,2018,81198
4319901,RS,Sapiranga,SAPIRANGA,2019,81734
4319901,RS,Sapiranga,SAPIRANGA,2020,80037
4319901,RS,Sapiranga,SAPIRANGA,2021,80514
4320008,RS,Sapucaia do Sul,SAPUCAIA DO SUL,2013,137104
4320008,RS,Sapucaia do Sul,SAPUCAIA DO SUL,2014,137750
4320008,RS,Sapucaia do Sul,SAPUCAIA DO SUL,2015,138357
4320008,RS,Sapucaia do Sul,SAPUCAIA DO SUL,2016,138933
4320008,RS,Sapucaia do Sul,SAPUCAIA DO SUL,2017,139476
4320008,RS,Sapucaia do Sul,SAPUCAIA DO SUL,2018,140311
4320008,RS,Sapucaia do Sul,SAPUCAIA DO SUL,2019,141075
4320008,RS,Sapucaia do Sul,SAPUCAIA DO SUL,2020,141808
4320008,RS,Sapucaia do Sul,SAPUCAIA DO SUL,2021,142508
4320107,RS,Sarandi,SARANDI,2013,22632
4320107,RS,Sarandi,SARANDI,2014,22840
4320107,RS,Sarandi,SARANDI,2015,23036
4320107,RS,Sarandi,SARANDI,2016,23222
4320107,RS,Sarandi,SARANDI,2017,23398
4320107,RS,Sarandi,SARANDI,2018,24205
4320107,RS,Sarandi,SARANDI,2019,24489
4320107,RS,Sarandi,SARANDI,2020,24763
4320107,RS,Sarandi,SARANDI,2021,25024
4320206,RS,Seberi,SEBERI,2013,11188
4320206,RS,Seberi,SEBERI,2014,11176
4320206,RS,Seberi,SEBERI,2015,11164
4320206,RS,Seberi,SEBERI,2016,11154
4320206,RS,Seberi,SEBERI,2017,11144
4320206,RS,Seberi,SEBERI,2018,10788
4320206,RS,Seberi,SEBERI,2019,10750
4320206,RS,Seberi,SEBERI,2020,10713
4320206,RS,Seberi,SEBERI,2021,10678
4320230,RS,Sede Nova,SEDE NOVA,2013,3078
4320230,RS,Sede Nova,SEDE NOVA,2014,3070
4320230,RS,Sede Nova,SEDE NOVA,2015,3063
4320230,RS,Sede Nova,SEDE NOVA,2016,3057
4320230,RS,Sede Nova,SEDE NOVA,2017,3050
4320230,RS,Sede Nova,SEDE NOVA,2018,2924
4320230,RS,Sede Nova,SEDE NOVA,2019,2907
4320230,RS,Sede Nova,SEDE NOVA,2020,2891
4320230,RS,Sede Nova,SEDE NOVA,2021,2875
4320263,RS,Segredo,SEGREDO,2013,7343
4320263,RS,Segredo,SEGREDO,2014,7366
4320263,RS,Segredo,SEGREDO,2015,7388
4320263,RS,Segredo,SEGREDO,2016,7409
4320263,RS,Segredo,SEGREDO,2017,7428
4320263,RS,Segredo,SEGREDO,2018,7399
4320263,RS,Segredo,SEGREDO,2019,7421
4320263,RS,Segredo,SEGREDO,2020,7444
4320263,RS,Segredo,SEGREDO,2021,7465
4320305,RS,Selbach,SELBACH,2013,5114
4320305,RS,Selbach,SELBACH,2014,5124
4320305,RS,Selbach,SELBACH,2015,5134
4320305,RS,Selbach,SELBACH,2016,5143
4320305,RS,Selbach,SELBACH,2017,5152
4320305,RS,Selbach,SELBACH,2018,5093
4320305,RS,Selbach,SELBACH,2019,5100
4320305,RS,Selbach,SELBACH,2020,5107
4320305,RS,Selbach,SELBACH,2021,5114
4320321,RS,Senador Salgado Filho,SENADOR SALGADO FILHO,2013,2890
4320321,RS,Senador Salgado Filho,SENADOR SALGADO FILHO,2014,2887
4320321,RS,Senador Salgado Filho,SENADOR SALGADO FILHO,2015,2885
4320321,RS,Senador Salgado Filho,SENADOR SALGADO FILHO,2016,2882
4320321,RS,Senador Salgado Filho,SENADOR SALGADO FILHO,2017,2880
4320321,RS,Senador Salgado Filho,SENADOR SALGADO FILHO,2018,2788
4320321,RS,Senador Salgado Filho,SENADOR SALGADO FILHO,2019,2779
4320321,RS,Senador Salgado Filho,SENADOR SALGADO FILHO,2020,2770
4320321,RS,Senador Salgado Filho,SENADOR SALGADO FILHO,2021,2761
4320354,RS,Sentinela do Sul,SENTINELA DO SUL,2013,5438
4320354,RS,Sentinela do Sul,SENTINELA DO SUL,2014,5463
4320354,RS,Sentinela do Sul,SENTINELA DO SUL,2015,5486
4320354,RS,Sentinela do Sul,SENTINELA DO SUL,2016,5507
4320354,RS,Sentinela do Sul,SENTINELA DO SUL,2017,5528
4320354,RS,Sentinela do Sul,SENTINELA DO SUL,2018,5553
4320354,RS,Sentinela do Sul,SENTINELA DO SUL,2019,5581
4320354,RS,Sentinela do Sul,SENTINELA DO SUL,2020,5609
4320354,RS,Sentinela do Sul,SENTINELA DO SUL,2021,5635
4320404,RS,Serafina Corrêa,SERAFINA CORREA,2013,15401
4320404,RS,Serafina Corrêa,SERAFINA CORREA,2014,15614
4320404,RS,Serafina Corrêa,SERAFINA CORREA,2015,15814
4320404,RS,Serafina Corrêa,SERAFINA CORREA,2016,16004
4320404,RS,Serafina Corrêa,SERAFINA CORREA,2017,16184
4320404,RS,Serafina Corrêa,SERAFINA CORREA,2018,17198
4320404,RS,Serafina Corrêa,SERAFINA CORREA,2019,17502
4320404,RS,Serafina Corrêa,SERAFINA CORREA,2020,17795
4320404,RS,Serafina Corrêa,SERAFINA CORREA,2021,18074
4320453,RS,Sério,SERIO,2013,2277
4320453,RS,Sério,SERIO,2014,2256
4320453,RS,Sério,SERIO,2015,2235
4320453,RS,Sério,SERIO,2016,2216
4320453,RS,Sério,SERIO,2017,2198
4320453,RS,Sério,SERIO,2018,2000
4320453,RS,Sério,SERIO,2019,1962
4320453,RS,Sério,SERIO,2020,1924
4320453,RS,Sério,SERIO,2021,1889
4320503,RS,Sertão,SERTAO,2013,6285
4320503,RS,Sertão,SERTAO,2014,6225
4320503,RS,Sertão,SERTAO,2015,6169
4320503,RS,Sertão,SERTAO,2016,6116
4320503,RS,Sertão,SERTAO,2017,6065
4320503,RS,Sertão,SERTAO,2018,5519
4320503,RS,Sertão,SERTAO,2019,5415
4320503,RS,Sertão,SERTAO,2020,5315
4320503,RS,Sertão,SERTAO,2021,5220
4320552,RS,Sertão Santana,SERTAO SANTANA,2013,6166
4320552,RS,Sertão Santana,SERTAO SANTANA,2014,6207
4320552,RS,Sertão Santana,SERTAO SANTANA,2015,6246
4320552,RS,Sertão Santana,SERTAO SANTANA,2016,6282
4320552,RS,Sertão Santana,SERTAO SANTANA,2017,6317
4320552,RS,Sertão Santana,SERTAO SANTANA,2018,6433
4320552,RS,Sertão Santana,SERTAO SANTANA,2019,6486
4320552,RS,Sertão Santana,SERTAO SANTANA,2020,6537
4320552,RS,Sertão Santana,SERTAO SANTANA,2021,6586
4320578,RS,Sete de Setembro,SETE DE SETEMBRO,2013,2153
4320578,RS,Sete de Setembro,SETE DE SETEMBRO,2014,2142
4320578,RS,Sete de Setembro,SETE DE SETEMBRO,2015,2132
4320578,RS,Sete de Setembro,SETE DE SETEMBRO,2016,2123
4320578,RS,Sete de Setembro,SETE DE SETEMBRO,2017,2114
4320578,RS,Sete de Setembro,SETE DE SETEMBRO,2018,1990
4320578,RS,Sete de Setembro,SETE DE SETEMBRO,2019,1970
4320578,RS,Sete de Setembro,SETE DE SETEMBRO,2020,1950
4320578,RS,Sete de Setembro,SETE DE SETEMBRO,2021,1931
4320602,RS,Severiano de Almeida,SEVERIANO DE ALMEIDA,2013,3915
4320602,RS,Severiano de Almeida,SEVERIANO DE ALMEIDA,2014,3902
4320602,RS,Severiano de Almeida,SEVERIANO DE ALMEIDA,2015,3890
4320602,RS,Severiano de Almeida,SEVERIANO DE ALMEIDA,2016,3879
4320602,RS,Severiano de Almeida,SEVERIANO DE ALMEIDA,2017,3868
4320602,RS,Severiano de Almeida,SEVERIANO DE ALMEIDA,2018,3685
4320602,RS,Severiano de Almeida,SEVERIANO DE ALMEIDA,2019,3657
4320602,RS,Severiano de Almeida,SEVERIANO DE ALMEIDA,2020,3631
4320602,RS,Severiano de Almeida,SEVERIANO DE ALMEIDA,2021,3607
4320651,RS,Silveira Martins,SILVEIRA MARTINS,2013,2495
4320651,RS,Silveira Martins,SILVEIRA MARTINS,2014,2491
4320651,RS,Silveira Martins,SILVEIRA MARTINS,2015,2487
4320651,RS,Silveira Martins,SILVEIRA MARTINS,2016,2484
4320651,RS,Silveira Martins,SILVEIRA MARTINS,2017,2481
4320651,RS,Silveira Martins,SILVEIRA MARTINS,2018,2394
4320651,RS,Silveira Martins,SILVEIRA MARTINS,2019,2384
4320651,RS,Silveira Martins,SILVEIRA MARTINS,2020,2374
4320651,RS,Silveira Martins,SILVEIRA MARTINS,2021,2365
4320677,RS,Sinimbu,SINIMBU,2013,10390
4320677,RS,Sinimbu,SINIMBU,2014,10395
4320677,RS,Sinimbu,SINIMBU,2015,10400
4320677,RS,Sinimbu,SINIMBU,2016,10404
4320677,RS,Sinimbu,SINIMBU,2017,10408
4320677,RS,Sinimbu,SINIMBU,2018,10183
4320677,RS,Sinimbu,SINIMBU,2019,10172
4320677,RS,Sinimbu,SINIMBU,2020,10162
4320677,RS,Sinimbu,SINIMBU,2021,10152
4320701,RS,Sobradinho,SOBRADINHO,2013,14861
4320701,RS,Sobradinho,SOBRADINHO,2014,14904
4320701,RS,Sobradinho,SOBRADINHO,2015,14944
4320701,RS,Sobradinho,SOBRADINHO,2016,14982
4320701,RS,Sobradinho,SOBRADINHO,2017,15018
4320701,RS,Sobradinho,SOBRADINHO,2018,14927
4320701,RS,Sobradinho,SOBRADINHO,2019,14967
4320701,RS,Sobradinho,SOBRADINHO,2020,15005
4320701,RS,Sobradinho,SOBRADINHO,2021,15041
4320800,RS,Soledade,SOLEDADE,2013,31150
4320800,RS,Soledade,SOLEDADE,2014,31207
4320800,RS,Soledade,SOLEDADE,2015,31261
4320800,RS,Soledade,SOLEDADE,2016,31313
4320800,RS,Soledade,SOLEDADE,2017,31361
4320800,RS,Soledade,SOLEDADE,2018,30967
4320800,RS,Soledade,SOLEDADE,2019,31002
4320800,RS,Soledade,SOLEDADE,2020,31035
4320800,RS,Soledade,SOLEDADE,2021,31067
4320859,RS,Tabaí,TABAI,2013,4385
4320859,RS,Tabaí,TABAI,2014,4424
4320859,RS,Tabaí,TABAI,2015,4460
4320859,RS,Tabaí,TABAI,2016,4494
4320859,RS,Tabaí,TABAI,2017,4526
4320859,RS,Tabaí,TABAI,2018,4667
4320859,RS,Tabaí,TABAI,2019,4719
4320859,RS,Tabaí,TABAI,2020,4769
4320859,RS,Tabaí,TABAI,2021,4816
4320909,RS,Tapejara,TAPEJARA,2013,20905
4320909,RS,Tapejara,TAPEJARA,2014,21224
4320909,RS,Tapejara,TAPEJARA,2015,21525
4320909,RS,Tapejara,TAPEJARA,2016,21809
4320909,RS,Tapejara,TAPEJARA,2017,22077
4320909,RS,Tapejara,TAPEJARA,2018,23651
4320909,RS,Tapejara,TAPEJARA,2019,24111
4320909,RS,Tapejara,TAPEJARA,2020,24552
4320909,RS,Tapejara,TAPEJARA,2021,24973
4321006,RS,Tapera,TAPERA,2013,10789
4321006,RS,Tapera,TAPERA,2014,10796
4321006,RS,Tapera,TAPERA,2015,10803
4321006,RS,Tapera,TAPERA,2016,10809
4321006,RS,Tapera,TAPERA,2017,10814
4321006,RS,Tapera,TAPERA,2018,10593
4321006,RS,Tapera,TAPERA,2019,10584
4321006,RS,Tapera,TAPERA,2020,10577
4321006,RS,Tapera,TAPERA,2021,10569
4321105,RS,Tapes,TAPES,2013,17273
4321105,RS,Tapes,TAPES,2014,17315
4321105,RS,Tapes,TAPES,2015,17354
4321105,RS,Tapes,TAPES,2016,17390
4321105,RS,Tapes,TAPES,2017,17425
4321105,RS,Tapes,TAPES,2018,17266
4321105,RS,Tapes,TAPES,2019,17300
4321105,RS,Tapes,TAPES,2020,17332
4321105,RS,Tapes,TAPES,2021,17363
4321204,RS,Taquara,TAQUARA,2013,56896
4321204,RS,Taquara,TAQUARA,2014,57072
4321204,RS,Taquara,TAQUARA,2015,57238
4321204,RS,Taquara,TAQUARA,2016,57396
4321204,RS,Taquara,TAQUARA,2017,57544
4321204,RS,Taquara,TAQUARA,2018,57292
4321204,RS,Taquara,TAQUARA,2019,57466
4321204,RS,Taquara,TAQUARA,2020,57584
4321204,RS,Taquara,TAQUARA,2021,57740
4321303,RS,Taquari,TAQUARI,2013,27039
4321303,RS,Taquari,TAQUARI,2014,27084
4321303,RS,Taquari,TAQUARI,2015,27128
4321303,RS,Taquari,TAQUARI,2016,27168
4321303,RS,Taquari,TAQUARI,2017,27207
4321303,RS,Taquari,TAQUARI,2018,26838
4321303,RS,Taquari,TAQUARI,2019,26862
4321303,RS,Taquari,TAQUARI,2020,26885
4321303,RS,Taquari,TAQUARI,2021,26907
4321329,RS,Taquaruçu do Sul,TAQUARUCU DO SUL,2013,3078
4321329,RS,Taquaruçu do Sul,TAQUARUCU DO SUL,2014,3084
4321329,RS,Taquaruçu do Sul,TAQUARUCU DO SUL,2015,3090
4321329,RS,Taquaruçu do Sul,TAQUARUCU DO SUL,2016,3096
4321329,RS,Taquaruçu do Sul,TAQUARUCU DO SUL,2017,3101
4321329,RS,Taquaruçu do Sul,TAQUARUCU DO SUL,2018,3068
4321329,RS,Taquaruçu do Sul,TAQUARUCU DO SUL,2019,3072
4321329,RS,Taquaruçu do Sul,TAQUARUCU DO SUL,2020,3077
4321329,RS,Taquaruçu do Sul,TAQUARUCU DO SUL,2021,3081
4321352,RS,Tavares,TAVARES,2013,5539
4321352,RS,Tavares,TAVARES,2014,5547
4321352,RS,Tavares,TAVARES,2015,5554
4321352,RS,Tavares,TAVARES,2016,5561
4321352,RS,Tavares,TAVARES,2017,5567
4321352,RS,Tavares,TAVARES,2018,5479
4321352,RS,Tavares,TAVARES,2019,5481
4321352,RS,Tavares,TAVARES,2020,5483
4321352,RS,Tavares,TAVARES,2021,5484
4321402,RS,Tenente Portela,TENENTE PORTELA,2013,14075
4321402,RS,Tenente Portela,TENENTE PORTELA,2014,14056
4321402,RS,Tenente Portela,TENENTE PORTELA,2015,14039
4321402,RS,Tenente Portela,TENENTE PORTELA,2016,14023
4321402,RS,Tenente Portela,TENENTE PORTELA,2017,14008
4321402,RS,Tenente Portela,TENENTE PORTELA,2018,13538
4321402,RS,Tenente Portela,TENENTE PORTELA,2019,13485
4321402,RS,Tenente Portela,TENENTE PORTELA,2020,13434
4321402,RS,Tenente Portela,TENENTE PORTELA,2021,13385
4321436,RS,Terra de Areia,TERRA DE AREIA,2013,10467
4321436,RS,Terra de Areia,TERRA DE AREIA,2014,10553
4321436,RS,Terra de Areia,TERRA DE AREIA,2015,10634
4321436,RS,Terra de Areia,TERRA DE AREIA,2016,10711
4321436,RS,Terra de Areia,TERRA DE AREIA,2017,10783
4321436,RS,Terra de Areia,TERRA DE AREIA,2018,11088
4321436,RS,Terra de Areia,TERRA DE AREIA,2019,11204
4321436,RS,Terra de Areia,TERRA DE AREIA,2020,11315
4321436,RS,Terra de Areia,TERRA DE AREIA,2021,11323
4321451,RS,Teutônia,TEUTONIA,2013,29411
4321451,RS,Teutônia,TEUTONIA,2014,29802
4321451,RS,Teutônia,TEUTONIA,2015,30170
4321451,RS,Teutônia,TEUTONIA,2016,30518
4321451,RS,Teutônia,TEUTONIA,2017,30846
4321451,RS,Teutônia,TEUTONIA,2018,32676
4321451,RS,Teutônia,TEUTONIA,2019,33232
4321451,RS,Teutônia,TEUTONIA,2020,33766
4321451,RS,Teutônia,TEUTONIA,2021,34275
4321469,RS,Tio Hugo,TIO HUGO,2013,2874
4321469,RS,Tio Hugo,TIO HUGO,2014,2893
4321469,RS,Tio Hugo,TIO HUGO,2015,2912
4321469,RS,Tio Hugo,TIO HUGO,2016,2930
4321469,RS,Tio Hugo,TIO HUGO,2017,2946
4321469,RS,Tio Hugo,TIO HUGO,2018,3004
4321469,RS,Tio Hugo,TIO HUGO,2019,3030
4321469,RS,Tio Hugo,TIO HUGO,2020,3055
4321469,RS,Tio Hugo,TIO HUGO,2021,3078
4321477,RS,Tiradentes do Sul,TIRADENTES DO SUL,2013,6484
4321477,RS,Tiradentes do Sul,TIRADENTES DO SUL,2014,6432
4321477,RS,Tiradentes do Sul,TIRADENTES DO SUL,2015,6384
4321477,RS,Tiradentes do Sul,TIRADENTES DO SUL,2016,6338
4321477,RS,Tiradentes do Sul,TIRADENTES DO SUL,2017,6294
4321477,RS,Tiradentes do Sul,TIRADENTES DO SUL,2018,5796
4321477,RS,Tiradentes do Sul,TIRADENTES DO SUL,2019,5704
4321477,RS,Tiradentes do Sul,TIRADENTES DO SUL,2020,5616
4321477,RS,Tiradentes do Sul,TIRADENTES DO SUL,2021,5532
4321493,RS,Toropi,TOROPI,2013,3007
4321493,RS,Toropi,TOROPI,2014,2997
4321493,RS,Toropi,TOROPI,2015,2988
4321493,RS,Toropi,TOROPI,2016,2978
4321493,RS,Toropi,TOROPI,2017,2970
4321493,RS,Toropi,TOROPI,2018,2827
4321493,RS,Toropi,TOROPI,2019,2806
4321493,RS,Toropi,TOROPI,2020,2772
4321493,RS,Toropi,TOROPI,2021,2753
4321501,RS,Torres,TORRES,2013,36595
4321501,RS,Torres,TORRES,2014,36859
4321501,RS,Torres,TORRES,2015,37107
4321501,RS,Torres,TORRES,2016,37342
4321501,RS,Torres,TORRES,2017,37564
4321501,RS,Torres,TORRES,2018,38386
4321501,RS,Torres,TORRES,2019,38732
4321501,RS,Torres,TORRES,2020,39064
4321501,RS,Torres,TORRES,2021,39381
4321600,RS,Tramandaí,TRAMANDAI,2013,45079
4321600,RS,Tramandaí,TRAMANDAI,2014,45744
4321600,RS,Tramandaí,TRAMANDAI,2015,46369
4321600,RS,Tramandaí,TRAMANDAI,2016,46962
4321600,RS,Tramandaí,TRAMANDAI,2017,47521
4321600,RS,Tramandaí,TRAMANDAI,2018,50760
4321600,RS,Tramandaí,TRAMANDAI,2019,51715
4321600,RS,Tramandaí,TRAMANDAI,2020,52632
4321600,RS,Tramandaí,TRAMANDAI,2021,53507
4321626,RS,Travesseiro,TRAVESSEIRO,2013,2387
4321626,RS,Travesseiro,TRAVESSEIRO,2014,2388
4321626,RS,Travesseiro,TRAVESSEIRO,2015,2389
4321626,RS,Travesseiro,TRAVESSEIRO,2016,2390
4321626,RS,Travesseiro,TRAVESSEIRO,2017,2391
4321626,RS,Travesseiro,TRAVESSEIRO,2018,2339
4321626,RS,Travesseiro,TRAVESSEIRO,2019,2336
4321626,RS,Travesseiro,TRAVESSEIRO,2020,2334
4321626,RS,Travesseiro,TRAVESSEIRO,2021,2331
4321634,RS,Três Arroios,TRES ARROIOS,2013,2898
4321634,RS,Três Arroios,TRES ARROIOS,2014,2885
4321634,RS,Três Arroios,TRES ARROIOS,2015,2873
4321634,RS,Três Arroios,TRES ARROIOS,2016,2862
4321634,RS,Três Arroios,TRES ARROIOS,2017,2851
4321634,RS,Três Arroios,TRES ARROIOS,2018,2693
4321634,RS,Três Arroios,TRES ARROIOS,2019,2668
4321634,RS,Três Arroios,TRES ARROIOS,2020,2643
4321634,RS,Três Arroios,TRES ARROIOS,2021,2620
4321667,RS,Três Cachoeiras,TRES CACHOEIRAS,2013,10707
4321667,RS,Três Cachoeiras,TRES CACHOEIRAS,2014,10761
4321667,RS,Três Cachoeiras,TRES CACHOEIRAS,2015,10811
4321667,RS,Três Cachoeiras,TRES CACHOEIRAS,2016,10859
4321667,RS,Três Cachoeiras,TRES CACHOEIRAS,2017,10904
4321667,RS,Três Cachoeiras,TRES CACHOEIRAS,2018,10989
4321667,RS,Três Cachoeiras,TRES CACHOEIRAS,2019,11053
4321667,RS,Três Cachoeiras,TRES CACHOEIRAS,2020,11115
4321667,RS,Três Cachoeiras,TRES CACHOEIRAS,2021,11174
4321709,RS,Três Coroas,TRES COROAS,2013,25535
4321709,RS,Três Coroas,TRES COROAS,2014,25822
4321709,RS,Três Coroas,TRES COROAS,2015,26092
4321709,RS,Três Coroas,TRES COROAS,2016,26348
4321709,RS,Três Coroas,TRES COROAS,2017,26589
4321709,RS,Três Coroas,TRES COROAS,2018,27837
4321709,RS,Três Coroas,TRES COROAS,2019,28220
4321709,RS,Três Coroas,TRES COROAS,2020,28581
4321709,RS,Três Coroas,TRES COROAS,2021,28948
4321808,RS,Três de Maio,TRES DE MAIO,2013,24471
4321808,RS,Três de Maio,TRES DE MAIO,2014,24478
4321808,RS,Três de Maio,TRES DE MAIO,2015,24485
4321808,RS,Três de Maio,TRES DE MAIO,2016,24491
4321808,RS,Três de Maio,TRES DE MAIO,2017,24497
4321808,RS,Três de Maio,TRES DE MAIO,2018,23938
4321808,RS,Três de Maio,TRES DE MAIO,2019,23906
4321808,RS,Três de Maio,TRES DE MAIO,2020,23876
4321808,RS,Três de Maio,TRES DE MAIO,2021,23846
4321832,RS,Três Forquilhas,TRES FORQUILHAS,2013,2953
4321832,RS,Três Forquilhas,TRES FORQUILHAS,2014,2938
4321832,RS,Três Forquilhas,TRES FORQUILHAS,2015,2924
4321832,RS,Três Forquilhas,TRES FORQUILHAS,2016,2910
4321832,RS,Três Forquilhas,TRES FORQUILHAS,2017,2898
4321832,RS,Três Forquilhas,TRES FORQUILHAS,2018,2725
4321832,RS,Três Forquilhas,TRES FORQUILHAS,2019,2697
4321832,RS,Três Forquilhas,TRES FORQUILHAS,2020,2669
4321832,RS,Três Forquilhas,TRES FORQUILHAS,2021,2643
4321857,RS,Três Palmeiras,TRES PALMEIRAS,2013,4487
4321857,RS,Três Palmeiras,TRES PALMEIRAS,2014,4478
4321857,RS,Três Palmeiras,TRES PALMEIRAS,2015,4471
4321857,RS,Três Palmeiras,TRES PALMEIRAS,2016,4464
4321857,RS,Três Palmeiras,TRES PALMEIRAS,2017,4457
4321857,RS,Três Palmeiras,TRES PALMEIRAS,2018,4291
4321857,RS,Três Palmeiras,TRES PALMEIRAS,2019,4271
4321857,RS,Três Palmeiras,TRES PALMEIRAS,2020,4251
4321857,RS,Três Palmeiras,TRES PALMEIRAS,2021,4232
4321907,RS,Três Passos,TRES PASSOS,2013,24665
4321907,RS,Três Passos,TRES PASSOS,2014,24656
4321907,RS,Três Passos,TRES PASSOS,2015,24647
4321907,RS,Três Passos,TRES PASSOS,2016,24640
4321907,RS,Três Passos,TRES PASSOS,2017,24632
4321907,RS,Três Passos,TRES PASSOS,2018,23963
4321907,RS,Três Passos,TRES PASSOS,2019,23906
4321907,RS,Três Passos,TRES PASSOS,2020,23852
4321907,RS,Três Passos,TRES PASSOS,2021,23799
4321956,RS,Trindade do Sul,TRINDADE DO SUL,2013,5962
4321956,RS,Trindade do Sul,TRINDADE DO SUL,2014,5962
4321956,RS,Trindade do Sul,TRINDADE DO SUL,2015,5961
4321956,RS,Trindade do Sul,TRINDADE DO SUL,2016,5961
4321956,RS,Trindade do Sul,TRINDADE DO SUL,2017,5961
4321956,RS,Trindade do Sul,TRINDADE DO SUL,2018,5813
4321956,RS,Trindade do Sul,TRINDADE DO SUL,2019,5802
4321956,RS,Trindade do Sul,TRINDADE DO SUL,2020,5791
4321956,RS,Trindade do Sul,TRINDADE DO SUL,2021,5781
4322004,RS,Triunfo,TRIUNFO,2013,27394
4322004,RS,Triunfo,TRIUNFO,2014,27638
4322004,RS,Triunfo,TRIUNFO,2015,27867
4322004,RS,Triunfo,TRIUNFO,2016,28084
4322004,RS,Triunfo,TRIUNFO,2017,28289
4322004,RS,Triunfo,TRIUNFO,2018,29207
4322004,RS,Triunfo,TRIUNFO,2019,29538
4322004,RS,Triunfo,TRIUNFO,2020,29856
4322004,RS,Triunfo,TRIUNFO,2021,30159
4322103,RS,Tucunduva,TUCUNDUVA,2013,6024
4322103,RS,Tucunduva,TUCUNDUVA,2014,6008
4322103,RS,Tucunduva,TUCUNDUVA,2015,5993
4322103,RS,Tucunduva,TUCUNDUVA,2016,5979
4322103,RS,Tucunduva,TUCUNDUVA,2017,5965
4322103,RS,Tucunduva,TUCUNDUVA,2018,5713
4322103,RS,Tucunduva,TUCUNDUVA,2019,5678
4322103,RS,Tucunduva,TUCUNDUVA,2020,5644
4322103,RS,Tucunduva,TUCUNDUVA,2021,5612
4322152,RS,Tunas,TUNAS,2013,4565
4322152,RS,Tunas,TUNAS,2014,4576
4322152,RS,Tunas,TUNAS,2015,4586
4322152,RS,Tunas,TUNAS,2016,4595
4322152,RS,Tunas,TUNAS,2017,4604
4322152,RS,Tunas,TUNAS,2018,4560
4322152,RS,Tunas,TUNAS,2019,4569
4322152,RS,Tunas,TUNAS,2020,4577
4322152,RS,Tunas,TUNAS,2021,4585
4322186,RS,Tupanci do Sul,TUPANCI DO SUL,2013,1598
4322186,RS,Tupanci do Sul,TUPANCI DO SUL,2014,1591
4322186,RS,Tupanci do Sul,TUPANCI DO SUL,2015,1584
4322186,RS,Tupanci do Sul,TUPANCI DO SUL,2016,1578
4322186,RS,Tupanci do Sul,TUPANCI DO SUL,2017,1573
4322186,RS,Tupanci do Sul,TUPANCI DO SUL,2018,1486
4322186,RS,Tupanci do Sul,TUPANCI DO SUL,2019,1472
4322186,RS,Tupanci do Sul,TUPANCI DO SUL,2020,1459
4322186,RS,Tupanci do Sul,TUPANCI DO SUL,2021,1447
4322202,RS,Tupanciretã,TUPANCIRETA,2013,23314
4322202,RS,Tupanciretã,TUPANCIRETA,2014,23421
4322202,RS,Tupanciretã,TUPANCIRETA,2015,23521
4322202,RS,Tupanciretã,TUPANCIRETA,2016,23615
4322202,RS,Tupanciretã,TUPANCIRETA,2017,23705
4322202,RS,Tupanciretã,TUPANCIRETA,2018,23824
4322202,RS,Tupanciretã,TUPANCIRETA,2019,23948
4322202,RS,Tupanciretã,TUPANCIRETA,2020,24068
4322202,RS,Tupanciretã,TUPANCIRETA,2021,24182
4322251,RS,Tupandi,TUPANDI,2013,4248
4322251,RS,Tupandi,TUPANDI,2014,4309
4322251,RS,Tupandi,TUPANDI,2015,4366
4322251,RS,Tupandi,TUPANDI,2016,4421
4322251,RS,Tupandi,TUPANDI,2017,4472
4322251,RS,Tupandi,TUPANDI,2018,4767
4322251,RS,Tupandi,TUPANDI,2019,4855
4322251,RS,Tupandi,TUPANDI,2020,4939
4322251,RS,Tupandi,TUPANDI,2021,5019
4322301,RS,Tuparendi,TUPARENDI,2013,8663
4322301,RS,Tuparendi,TUPARENDI,2014,8617
4322301,RS,Tuparendi,TUPARENDI,2015,8574
4322301,RS,Tuparendi,TUPARENDI,2016,8533
4322301,RS,Tuparendi,TUPARENDI,2017,8494
4322301,RS,Tuparendi,TUPARENDI,2018,7980
4322301,RS,Tuparendi,TUPARENDI,2019,7893
4322301,RS,Tuparendi,TUPARENDI,2020,7810
4322301,RS,Tuparendi,TUPARENDI,2021,7730
4322327,RS,Turuçu,TURUCU,2013,3608
4322327,RS,Turuçu,TURUCU,2014,3601
4322327,RS,Turuçu,TURUCU,2015,3596
4322327,RS,Turuçu,TURUCU,2016,3590
4322327,RS,Turuçu,TURUCU,2017,3585
4322327,RS,Turuçu,TURUCU,2018,3455
4322327,RS,Turuçu,TURUCU,2019,3438
4322327,RS,Turuçu,TURUCU,2020,3423
4322327,RS,Turuçu,TURUCU,2021,3408
4322343,RS,Ubiretama,UBIRETAMA,2013,2302
4322343,RS,Ubiretama,UBIRETAMA,2014,2283
4322343,RS,Ubiretama,UBIRETAMA,2015,2265
4322343,RS,Ubiretama,UBIRETAMA,2016,2248
4322343,RS,Ubiretama,UBIRETAMA,2017,2232
4322343,RS,Ubiretama,UBIRETAMA,2018,2049
4322343,RS,Ubiretama,UBIRETAMA,2019,2015
4322343,RS,Ubiretama,UBIRETAMA,2020,1983
4322343,RS,Ubiretama,UBIRETAMA,2021,1952
4322350,RS,União da Serra,UNIAO DA SERRA,2013,1457
4322350,RS,União da Serra,UNIAO DA SERRA,2014,1434
4322350,RS,União da Serra,UNIAO DA SERRA,2015,1413
4322350,RS,União da Serra,UNIAO DA SERRA,2016,1393
4322350,RS,União da Serra,UNIAO DA SERRA,2017,1374
4322350,RS,União da Serra,UNIAO DA SERRA,2018,1192
4322350,RS,União da Serra,UNIAO DA SERRA,2019,1154
4322350,RS,União da Serra,UNIAO DA SERRA,2020,1118
4322350,RS,União da Serra,UNIAO DA SERRA,2021,1084
4322376,RS,Unistalda,UNISTALDA,2013,2497
4322376,RS,Unistalda,UNISTALDA,2014,2489
4322376,RS,Unistalda,UNISTALDA,2015,2481
4322376,RS,Unistalda,UNISTALDA,2016,2474
4322376,RS,Unistalda,UNISTALDA,2017,2467
4322376,RS,Unistalda,UNISTALDA,2018,2354
4322376,RS,Unistalda,UNISTALDA,2019,2338
4322376,RS,Unistalda,UNISTALDA,2020,2321
4322376,RS,Unistalda,UNISTALDA,2021,2306
4322400,RS,Uruguaiana,URUGUAIANA,2013,129504
4322400,RS,Uruguaiana,URUGUAIANA,2014,129580
4322400,RS,Uruguaiana,URUGUAIANA,2015,129652
4322400,RS,Uruguaiana,URUGUAIANA,2016,129720
4322400,RS,Uruguaiana,URUGUAIANA,2017,129784
4322400,RS,Uruguaiana,URUGUAIANA,2018,127079
4322400,RS,Uruguaiana,URUGUAIANA,2019,126970
4322400,RS,Uruguaiana,URUGUAIANA,2020,126866
4322400,RS,Uruguaiana,URUGUAIANA,2021,126766
4322509,RS,Vacaria,VACARIA,2013,64252
4322509,RS,Vacaria,VACARIA,2014,64564
4322509,RS,Vacaria,VACARIA,2015,64857
4322509,RS,Vacaria,VACARIA,2016,65135
4322509,RS,Vacaria,VACARIA,2017,65397
4322509,RS,Vacaria,VACARIA,2018,65846
4322509,RS,Vacaria,VACARIA,2019,66218
4322509,RS,Vacaria,VACARIA,2020,66575
4322509,RS,Vacaria,VACARIA,2021,66916
4322533,RS,Vale do Sol,VALE DO SOL,2013,11563
4322533,RS,Vale do Sol,VALE DO SOL,2014,11608
4322533,RS,Vale do Sol,VALE DO SOL,2015,11650
4322533,RS,Vale do Sol,VALE DO SOL,2016,11689
4322533,RS,Vale do Sol,VALE DO SOL,2017,11727
4322533,RS,Vale do Sol,VALE DO SOL,2018,11732
4322533,RS,Vale do Sol,VALE DO SOL,2019,11781
4322533,RS,Vale do Sol,VALE DO SOL,2020,11828
4322533,RS,Vale do Sol,VALE DO SOL,2021,11873
4322541,RS,Vale Real,VALE REAL,2013,5447
4322541,RS,Vale Real,VALE REAL,2014,5499
4322541,RS,Vale Real,VALE REAL,2015,5548
4322541,RS,Vale Real,VALE REAL,2016,5594
4322541,RS,Vale Real,VALE REAL,2017,5638
4322541,RS,Vale Real,VALE REAL,2018,5842
4322541,RS,Vale Real,VALE REAL,2019,5913
4322541,RS,Vale Real,VALE REAL,2020,5981
4322541,RS,Vale Real,VALE REAL,2021,6046
4322525,RS,Vale Verde,VALE VERDE,2013,3404
4322525,RS,Vale Verde,VALE VERDE,2014,3420
4322525,RS,Vale Verde,VALE VERDE,2015,3434
4322525,RS,Vale Verde,VALE VERDE,2016,3448
4322525,RS,Vale Verde,VALE VERDE,2017,3461
4322525,RS,Vale Verde,VALE VERDE,2018,3479
4322525,RS,Vale Verde,VALE VERDE,2019,3497
4322525,RS,Vale Verde,VALE VERDE,2020,3515
4322525,RS,Vale Verde,VALE VERDE,2021,3531
4322558,RS,Vanini,VANINI,2013,2071
4322558,RS,Vanini,VANINI,2014,2080
4322558,RS,Vanini,VANINI,2015,2087
4322558,RS,Vanini,VANINI,2016,2094
4322558,RS,Vanini,VANINI,2017,2101
4322558,RS,Vanini,VANINI,2018,2104
4322558,RS,Vanini,VANINI,2019,2113
4322558,RS,Vanini,VANINI,2020,2122
4322558,RS,Vanini,VANINI,2021,2130
4322608,RS,Venâncio Aires,VENANCIO AIRES,2013,69154
4322608,RS,Venâncio Aires,VENANCIO AIRES,2014,69521
4322608,RS,Venâncio Aires,VENANCIO AIRES,2015,69859
4322608,RS,Venâncio Aires,VENANCIO AIRES,2016,70179
4322608,RS,Venâncio Aires,VENANCIO AIRES,2017,70481
4322608,RS,Venâncio Aires,VENANCIO AIRES,2018,71117
4322608,RS,Venâncio Aires,VENANCIO AIRES,2019,71554
4322608,RS,Venâncio Aires,VENANCIO AIRES,2020,71973
4322608,RS,Venâncio Aires,VENANCIO AIRES,2021,72373
4322707,RS,Vera Cruz,VERA CRUZ,2013,25338
4322707,RS,Vera Cruz,VERA CRUZ,2014,25525
4322707,RS,Vera Cruz,VERA CRUZ,2015,25700
4322707,RS,Vera Cruz,VERA CRUZ,2016,25866
4322707,RS,Vera Cruz,VERA CRUZ,2017,26024
4322707,RS,Vera Cruz,VERA CRUZ,2018,26618
4322707,RS,Vera Cruz,VERA CRUZ,2019,26863
4322707,RS,Vera Cruz,VERA CRUZ,2020,27099
4322707,RS,Vera Cruz,VERA CRUZ,2021,27325
4322806,RS,Veranópolis,VERANOPOLIS,2013,24252
4322806,RS,Veranópolis,VERANOPOLIS,2014,24476
4322806,RS,Veranópolis,VERANOPOLIS,2015,24686
4322806,RS,Veranópolis,VERANOPOLIS,2016,24885
4322806,RS,Veranópolis,VERANOPOLIS,2017,25073
4322806,RS,Veranópolis,VERANOPOLIS,2018,25936
4322806,RS,Veranópolis,VERANOPOLIS,2019,26241
4322806,RS,Veranópolis,VERANOPOLIS,2020,26533
4322806,RS,Veranópolis,VERANOPOLIS,2021,26813
4322855,RS,Vespasiano Corrêa,VESPASIANO CORREA,2013,1997
4322855,RS,Vespasiano Corrêa,VESPASIANO CORREA,2014,1986
4322855,RS,Vespasiano Corrêa,VESPASIANO CORREA,2015,1976
4322855,RS,Vespasiano Corrêa,VESPASIANO CORREA,2016,1966
4322855,RS,Vespasiano Corrêa,VESPASIANO CORREA,2017,1956
4322855,RS,Vespasiano Corrêa,VESPASIANO CORREA,2018,1835
4322855,RS,Vespasiano Corrêa,VESPASIANO CORREA,2019,1815
4322855,RS,Vespasiano Corrêa,VESPASIANO CORREA,2020,1795
4322855,RS,Vespasiano Corrêa,VESPASIANO CORREA,2021,1776
4322905,RS,Viadutos,VIADUTOS,2013,5344
4322905,RS,Viadutos,VIADUTOS,2014,5306
4322905,RS,Viadutos,VIADUTOS,2015,5271
4322905,RS,Viadutos,VIADUTOS,2016,5237
4322905,RS,Viadutos,VIADUTOS,2017,5205
4322905,RS,Viadutos,VIADUTOS,2018,4825
4322905,RS,Viadutos,VIADUTOS,2019,4756
4322905,RS,Viadutos,VIADUTOS,2020,4690
4322905,RS,Viadutos,VIADUTOS,2021,4628
4323002,RS,Viamão,VIAMAO,2013,250028
4323002,RS,Viamão,VIAMAO,2014,251033
4323002,RS,Viamão,VIAMAO,2015,251978
4323002,RS,Viamão,VIAMAO,2016,252872
4323002,RS,Viamão,VIAMAO,2017,253717
4323002,RS,Viamão,VIAMAO,2018,254101
4323002,RS,Viamão,VIAMAO,2019,255224
4323002,RS,Viamão,VIAMAO,2020,256302
4323002,RS,Viamão,VIAMAO,2021,257330
4323101,RS,Vicente Dutra,VICENTE DUTRA,2013,5305
4323101,RS,Vicente Dutra,VICENTE DUTRA,2014,5264
4323101,RS,Vicente Dutra,VICENTE DUTRA,2015,5224
4323101,RS,Vicente Dutra,VICENTE DUTRA,2016,5187
4323101,RS,Vicente Dutra,VICENTE DUTRA,2017,5152
4323101,RS,Vicente Dutra,VICENTE DUTRA,2018,4745
4323101,RS,Vicente Dutra,VICENTE DUTRA,2019,4670
4323101,RS,Vicente Dutra,VICENTE DUTRA,2020,4599
4323101,RS,Vicente Dutra,VICENTE DUTRA,2021,4530
4323200,RS,Victor Graeff,VICTOR GRAEFF,2013,3091
4323200,RS,Victor Graeff,VICTOR GRAEFF,2014,3080
4323200,RS,Victor Graeff,VICTOR GRAEFF,2015,3070
4323200,RS,Victor Graeff,VICTOR GRAEFF,2016,3060
4323200,RS,Victor Graeff,VICTOR GRAEFF,2017,3051
4323200,RS,Victor Graeff,VICTOR GRAEFF,2018,2904
4323200,RS,Victor Graeff,VICTOR GRAEFF,2019,2882
4323200,RS,Victor Graeff,VICTOR GRAEFF,2020,2860
4323200,RS,Victor Graeff,VICTOR GRAEFF,2021,2840
4323309,RS,Vila Flores,VILA FLORES,2013,3341
4323309,RS,Vila Flores,VILA FLORES,2014,3353
4323309,RS,Vila Flores,VILA FLORES,2015,3363
4323309,RS,Vila Flores,VILA FLORES,2016,3373
4323309,RS,Vila Flores,VILA FLORES,2017,3382
4323309,RS,Vila Flores,VILA FLORES,2018,3374
4323309,RS,Vila Flores,VILA FLORES,2019,3385
4323309,RS,Vila Flores,VILA FLORES,2020,3396
4323309,RS,Vila Flores,VILA FLORES,2021,3407
4323358,RS,Vila Lângaro,VILA LANGARO,2013,2202
4323358,RS,Vila Lângaro,VILA LANGARO,2014,2197
4323358,RS,Vila Lângaro,VILA LANGARO,2015,2193
4323358,RS,Vila Lângaro,VILA LANGARO,2016,2189
4323358,RS,Vila Lângaro,VILA LANGARO,2017,2185
4323358,RS,Vila Lângaro,VILA LANGARO,2018,2102
4323358,RS,Vila Lângaro,VILA LANGARO,2019,2091
4323358,RS,Vila Lângaro,VILA LANGARO,2020,2080
4323358,RS,Vila Lângaro,VILA LANGARO,2021,2070
4323408,RS,Vila Maria,VILA MARIA,2013,4377
4323408,RS,Vila Maria,VILA MARIA,2014,4385
4323408,RS,Vila Maria,VILA MARIA,2015,4393
4323408,RS,Vila Maria,VILA MARIA,2016,4400
4323408,RS,Vila Maria,VILA MARIA,2017,4407
4323408,RS,Vila Maria,VILA MARIA,2018,4353
4323408,RS,Vila Maria,VILA MARIA,2019,4358
4323408,RS,Vila Maria,VILA MARIA,2020,4363
4323408,RS,Vila Maria,VILA MARIA,2021,4368
4323457,RS,Vila Nova do Sul,VILA NOVA DO SUL,2013,4359
4323457,RS,Vila Nova do Sul,VILA NOVA DO SUL,2014,4362
4323457,RS,Vila Nova do Sul,VILA NOVA DO SUL,2015,4365
4323457,RS,Vila Nova do Sul,VILA NOVA DO SUL,2016,4368
4323457,RS,Vila Nova do Sul,VILA NOVA DO SUL,2017,4370
4323457,RS,Vila Nova do Sul,VILA NOVA DO SUL,2018,4283
4323457,RS,Vila Nova do Sul,VILA NOVA DO SUL,2019,4280
4323457,RS,Vila Nova do Sul,VILA NOVA DO SUL,2020,4277
4323457,RS,Vila Nova do Sul,VILA NOVA DO SUL,2021,4274
4323507,RS,Vista Alegre,VISTA ALEGRE,2013,2899
4323507,RS,Vista Alegre,VISTA ALEGRE,2014,2893
4323507,RS,Vista Alegre,VISTA ALEGRE,2015,2887
4323507,RS,Vista Alegre,VISTA ALEGRE,2016,2882
4323507,RS,Vista Alegre,VISTA ALEGRE,2017,2877
4323507,RS,Vista Alegre,VISTA ALEGRE,2018,2766
4323507,RS,Vista Alegre,VISTA ALEGRE,2019,2752
4323507,RS,Vista Alegre,VISTA ALEGRE,2020,2739
4323507,RS,Vista Alegre,VISTA ALEGRE,2021,2726
4323606,RS,Vista Alegre do Prata,VISTA ALEGRE DO PRATA,2013,1614
4323606,RS,Vista Alegre do Prata,VISTA ALEGRE DO PRATA,2014,1613
4323606,RS,Vista Alegre do Prata,VISTA ALEGRE DO PRATA,2015,1613
4323606,RS,Vista Alegre do Prata,VISTA ALEGRE DO PRATA,2016,1612
4323606,RS,Vista Alegre do Prata,VISTA ALEGRE DO PRATA,2017,1611
4323606,RS,Vista Alegre do Prata,VISTA ALEGRE DO PRATA,2018,1565
4323606,RS,Vista Alegre do Prata,VISTA ALEGRE DO PRATA,2019,1561
4323606,RS,Vista Alegre do Prata,VISTA ALEGRE DO PRATA,2020,1557
4323606,RS,Vista Alegre do Prata,VISTA ALEGRE DO PRATA,2021,1553
4323705,RS,Vista Gaúcha,VISTA GAUCHA,2013,2862
4323705,RS,Vista Gaúcha,VISTA GAUCHA,2014,2867
4323705,RS,Vista Gaúcha,VISTA GAUCHA,2015,2873
4323705,RS,Vista Gaúcha,VISTA GAUCHA,2016,2877
4323705,RS,Vista Gaúcha,VISTA GAUCHA,2017,2882
4323705,RS,Vista Gaúcha,VISTA GAUCHA,2018,2847
4323705,RS,Vista Gaúcha,VISTA GAUCHA,2019,2851
4323705,RS,Vista Gaúcha,VISTA GAUCHA,2020,2855
4323705,RS,Vista Gaúcha,VISTA GAUCHA,2021,2858
4323754,RS,Vitória das Missões,VITORIA DAS MISSOES,2013,3510
4323754,RS,Vitória das Missões,VITORIA DAS MISSOES,2014,3486
4323754,RS,Vitória das Missões,VITORIA DAS MISSOES,2015,3463
4323754,RS,Vitória das Missões,VITORIA DAS MISSOES,2016,3442
4323754,RS,Vitória das Missões,VITORIA DAS MISSOES,2017,3422
4323754,RS,Vitória das Missões,VITORIA DAS MISSOES,2018,3177
4323754,RS,Vitória das Missões,VITORIA DAS MISSOES,2019,3133
4323754,RS,Vitória das Missões,VITORIA DAS MISSOES,2020,3092
4323754,RS,Vitória das Missões,VITORIA DAS MISSOES,2021,3052
4323770,RS,Westfália,WESTFALIA,2013,2925
4323770,RS,Westfália,WESTFALIA,2014,2940
4323770,RS,Westfália,WESTFALIA,2015,2953
4323770,RS,Westfália,WESTFALIA,2016,2965
4323770,RS,Westfália,WESTFALIA,2017,2977
4323770,RS,Westfália,WESTFALIA,2018,2998
4323770,RS,Westfália,WESTFALIA,2019,3014
4323770,RS,Westfália,WESTFALIA,2020,3031
4323770,RS,Westfália,WESTFALIA,2021,3046
4323804,RS,Xangri-lá,XANGRI-LA,2013,13689
4323804,RS,Xangri-lá,XANGRI-LA,2014,13951
4323804,RS,Xangri-lá,XANGRI-LA,2015,14197
4323804,RS,Xangri-lá,XANGRI-LA,2016,14430
4323804,RS,Xangri-lá,XANGRI-LA,2017,14650
4323804,RS,Xangri-lá,XANGRI-LA,2018,16025
4323804,RS,Xangri-lá,XANGRI-LA,2019,16408
4323804,RS,Xangri-lá,XANGRI-LA,2020,16775
4323804,RS,Xangri-lá,XANGRI-LA,2021,17126
4200051,SC,Abdon Batista,ABDON BATISTA,2013,2656
4200051,SC,Abdon Batista,ABDON BATISTA,2014,2643
4200051,SC,Abdon Batista,ABDON BATISTA,2015,2630
4200051,SC,Abdon Batista,ABDON BATISTA,2016,2617
4200051,SC,Abdon Batista,ABDON BATISTA,2017,2604
4200051,SC,Abdon Batista,ABDON BATISTA,2018,2577
4200051,SC,Abdon Batista,ABDON BATISTA,2019,2563
4200051,SC,Abdon Batista,ABDON BATISTA,2020,2548
4200051,SC,Abdon Batista,ABDON BATISTA,2021,2534
4200101,SC,Abelardo Luz,ABELARDO LUZ,2013,17584
4200101,SC,Abelardo Luz,ABELARDO LUZ,2014,17651
4200101,SC,Abelardo Luz,ABELARDO LUZ,2015,17717
4200101,SC,Abelardo Luz,ABELARDO LUZ,2016,17782
4200101,SC,Abelardo Luz,ABELARDO LUZ,2017,17847
4200101,SC,Abelardo Luz,ABELARDO LUZ,2018,17847
4200101,SC,Abelardo Luz,ABELARDO LUZ,2019,17904
4200101,SC,Abelardo Luz,ABELARDO LUZ,2020,17960
4200101,SC,Abelardo Luz,ABELARDO LUZ,2021,18015
4200200,SC,Agrolândia,AGROLANDIA,2013,9957
4200200,SC,Agrolândia,AGROLANDIA,2014,10115
4200200,SC,Agrolândia,AGROLANDIA,2015,10272
4200200,SC,Agrolândia,AGROLANDIA,2016,10427
4200200,SC,Agrolândia,AGROLANDIA,2017,10581
4200200,SC,Agrolândia,AGROLANDIA,2018,10711
4200200,SC,Agrolândia,AGROLANDIA,2019,10864
4200200,SC,Agrolândia,AGROLANDIA,2020,11013
4200200,SC,Agrolândia,AGROLANDIA,2021,11160
4200309,SC,Agronômica,AGRONOMICA,2013,5172
4200309,SC,Agronômica,AGRONOMICA,2014,5239
4200309,SC,Agronômica,AGRONOMICA,2015,5306
4200309,SC,Agronômica,AGRONOMICA,2016,5371
4200309,SC,Agronômica,AGRONOMICA,2017,5437
4200309,SC,Agronômica,AGRONOMICA,2018,5385
4200309,SC,Agronômica,AGRONOMICA,2019,5448
4200309,SC,Agronômica,AGRONOMICA,2020,5509
4200309,SC,Agronômica,AGRONOMICA,2021,5570
4200408,SC,Água Doce,AGUA DOCE,2013,7110
4200408,SC,Água Doce,AGUA DOCE,2014,7121
4200408,SC,Água Doce,AGUA DOCE,2015,7132
4200408,SC,Água Doce,AGUA DOCE,2016,7143
4200408,SC,Água Doce,AGUA DOCE,2017,7154
4200408,SC,Água Doce,AGUA DOCE,2018,7138
4200408,SC,Água Doce,AGUA DOCE,2019,7145
4200408,SC,Água Doce,AGUA DOCE,2020,7152
4200408,SC,Água Doce,AGUA DOCE,2021,7160
4200507,SC,Águas de Chapecó,AGUAS DE CHAPECO,2013,6313
4200507,SC,Águas de Chapecó,AGUAS DE CHAPECO,2014,6346
4200507,SC,Águas de Chapecó,AGUAS DE CHAPECO,2015,6379
4200507,SC,Águas de Chapecó,AGUAS DE CHAPECO,2016,6412
4200507,SC,Águas de Chapecó,AGUAS DE CHAPECO,2017,6445
4200507,SC,Águas de Chapecó,AGUAS DE CHAPECO,2018,6455
4200507,SC,Águas de Chapecó,AGUAS DE CHAPECO,2019,6486
4200507,SC,Águas de Chapecó,AGUAS DE CHAPECO,2020,6515
4200507,SC,Águas de Chapecó,AGUAS DE CHAPECO,2021,6544
4200556,SC,Águas Frias,AGUAS FRIAS,2013,2430
4200556,SC,Águas Frias,AGUAS FRIAS,2014,2419
4200556,SC,Águas Frias,AGUAS FRIAS,2015,2408
4200556,SC,Águas Frias,AGUAS FRIAS,2016,2397
4200556,SC,Águas Frias,AGUAS FRIAS,2017,2387
4200556,SC,Águas Frias,AGUAS FRIAS,2018,2378
4200556,SC,Águas Frias,AGUAS FRIAS,2019,2366
4200556,SC,Águas Frias,AGUAS FRIAS,2020,2354
4200556,SC,Águas Frias,AGUAS FRIAS,2021,2341
4200606,SC,Águas Mornas,AGUAS MORNAS,2013,5926
4200606,SC,Águas Mornas,AGUAS MORNAS,2014,6020
4200606,SC,Águas Mornas,AGUAS MORNAS,2015,6113
4200606,SC,Águas Mornas,AGUAS MORNAS,2016,6206
4200606,SC,Águas Mornas,AGUAS MORNAS,2017,6298
4200606,SC,Águas Mornas,AGUAS MORNAS,2018,6378
4200606,SC,Águas Mornas,AGUAS MORNAS,2019,6469
4200606,SC,Águas Mornas,AGUAS MORNAS,2020,6559
4200606,SC,Águas Mornas,AGUAS MORNAS,2021,6646
4200705,SC,Alfredo Wagner,ALFREDO WAGNER,2013,9737
4200705,SC,Alfredo Wagner,ALFREDO WAGNER,2014,9794
4200705,SC,Alfredo Wagner,ALFREDO WAGNER,2015,9850
4200705,SC,Alfredo Wagner,ALFREDO WAGNER,2016,9905
4200705,SC,Alfredo Wagner,ALFREDO WAGNER,2017,9960
4200705,SC,Alfredo Wagner,ALFREDO WAGNER,2018,9984
4200705,SC,Alfredo Wagner,ALFREDO WAGNER,2019,10036
4200705,SC,Alfredo Wagner,ALFREDO WAGNER,2020,10086
4200705,SC,Alfredo Wagner,ALFREDO WAGNER,2021,10136
4200754,SC,Alto Bela Vista,ALTO BELA VISTA,2013,2007
4200754,SC,Alto Bela Vista,ALTO BELA VISTA,2014,1997
4200754,SC,Alto Bela Vista,ALTO BELA VISTA,2015,1987
4200754,SC,Alto Bela Vista,ALTO BELA VISTA,2016,1977
4200754,SC,Alto Bela Vista,ALTO BELA VISTA,2017,1967
4200754,SC,Alto Bela Vista,ALTO BELA VISTA,2018,1948
4200754,SC,Alto Bela Vista,ALTO BELA VISTA,2019,1937
4200754,SC,Alto Bela Vista,ALTO BELA VISTA,2020,1926
4200754,SC,Alto Bela Vista,ALTO BELA VISTA,2021,1915
4200804,SC,Anchieta,ANCHIETA,2013,6145
4200804,SC,Anchieta,ANCHIETA,2014,6066
4200804,SC,Anchieta,ANCHIETA,2015,5987
4200804,SC,Anchieta,ANCHIETA,2016,5909
4200804,SC,Anchieta,ANCHIETA,2017,5832
4200804,SC,Anchieta,ANCHIETA,2018,5721
4200804,SC,Anchieta,ANCHIETA,2019,5638
4200804,SC,Anchieta,ANCHIETA,2020,5557
4200804,SC,Anchieta,ANCHIETA,2021,5477
4200903,SC,Angelina,ANGELINA,2013,5166
4200903,SC,Angelina,ANGELINA,2014,5109
4200903,SC,Angelina,ANGELINA,2015,5053
4200903,SC,Angelina,ANGELINA,2016,4998
4200903,SC,Angelina,ANGELINA,2017,4943
4200903,SC,Angelina,ANGELINA,2018,4860
4200903,SC,Angelina,ANGELINA,2019,4801
4200903,SC,Angelina,ANGELINA,2020,4743
4200903,SC,Angelina,ANGELINA,2021,4686
4201000,SC,Anita Garibaldi,ANITA GARIBALDI,2013,8230
4201000,SC,Anita Garibaldi,ANITA GARIBALDI,2014,8055
4201000,SC,Anita Garibaldi,ANITA GARIBALDI,2015,7881
4201000,SC,Anita Garibaldi,ANITA GARIBALDI,2016,7708
4201000,SC,Anita Garibaldi,ANITA GARIBALDI,2017,7537
4201000,SC,Anita Garibaldi,ANITA GARIBALDI,2018,7313
4201000,SC,Anita Garibaldi,ANITA GARIBALDI,2019,7133
4201000,SC,Anita Garibaldi,ANITA GARIBALDI,2020,6957
4201000,SC,Anita Garibaldi,ANITA GARIBALDI,2021,6783
4201109,SC,Anitápolis,ANITAPOLIS,2013,3259
4201109,SC,Anitápolis,ANITAPOLIS,2014,3256
4201109,SC,Anitápolis,ANITAPOLIS,2015,3253
4201109,SC,Anitápolis,ANITAPOLIS,2016,3251
4201109,SC,Anitápolis,ANITAPOLIS,2017,3248
4201109,SC,Anitápolis,ANITAPOLIS,2018,3236
4201109,SC,Anitápolis,ANITAPOLIS,2019,3232
4201109,SC,Anitápolis,ANITAPOLIS,2020,3228
4201109,SC,Anitápolis,ANITAPOLIS,2021,3223
4201208,SC,Antônio Carlos,ANTONIO CARLOS,2013,7906
4201208,SC,Antônio Carlos,ANTONIO CARLOS,2014,8012
4201208,SC,Antônio Carlos,ANTONIO CARLOS,2015,8118
4201208,SC,Antônio Carlos,ANTONIO CARLOS,2016,8223
4201208,SC,Antônio Carlos,ANTONIO CARLOS,2017,8327
4201208,SC,Antônio Carlos,ANTONIO CARLOS,2018,8411
4201208,SC,Antônio Carlos,ANTONIO CARLOS,2019,8513
4201208,SC,Antônio Carlos,ANTONIO CARLOS,2020,8613
4201208,SC,Antônio Carlos,ANTONIO CARLOS,2021,8712
4201257,SC,Apiúna,APIUNA,2013,10099
4201257,SC,Apiúna,APIUNA,2014,10211
4201257,SC,Apiúna,APIUNA,2015,10322
4201257,SC,Apiúna,APIUNA,2016,10432
4201257,SC,Apiúna,APIUNA,2017,10542
4201257,SC,Apiúna,APIUNA,2018,10636
4201257,SC,Apiúna,APIUNA,2019,10743
4201257,SC,Apiúna,APIUNA,2020,10848
4201257,SC,Apiúna,APIUNA,2021,10951
4201273,SC,Arabutã,ARABUTA,2013,4270
4201273,SC,Arabutã,ARABUTA,2014,4273
4201273,SC,Arabutã,ARABUTA,2015,4276
4201273,SC,Arabutã,ARABUTA,2016,4278
4201273,SC,Arabutã,ARABUTA,2017,4281
4201273,SC,Arabutã,ARABUTA,2018,4266
4201273,SC,Arabutã,ARABUTA,2019,4267
4201273,SC,Arabutã,ARABUTA,2020,4267
4201273,SC,Arabutã,ARABUTA,2021,4268
4201307,SC,Araquari,ARAQUARI,2013,29593
4201307,SC,Araquari,ARAQUARI,2014,31030
4201307,SC,Araquari,ARAQUARI,2015,32454
4201307,SC,Araquari,ARAQUARI,2016,33867
4201307,SC,Araquari,ARAQUARI,2017,35268
4201307,SC,Araquari,ARAQUARI,2018,36710
4201307,SC,Araquari,ARAQUARI,2019,38129
4201307,SC,Araquari,ARAQUARI,2020,39524
4201307,SC,Araquari,ARAQUARI,2021,40890
4201406,SC,Araranguá,ARARANGUA,2013,64405
4201406,SC,Araranguá,ARARANGUA,2014,65090
4201406,SC,Araranguá,ARARANGUA,2015,65769
4201406,SC,Araranguá,ARARANGUA,2016,66442
4201406,SC,Araranguá,ARARANGUA,2017,67110
4201406,SC,Araranguá,ARARANGUA,2018,67578
4201406,SC,Araranguá,ARARANGUA,2019,68228
4201406,SC,Araranguá,ARARANGUA,2020,68867
4201406,SC,Araranguá,ARARANGUA,2021,69493
4201505,SC,Armazém,ARMAZEM,2013,8159
4201505,SC,Armazém,ARMAZEM,2014,8251
4201505,SC,Armazém,ARMAZEM,2015,8341
4201505,SC,Armazém,ARMAZEM,2016,8431
4201505,SC,Armazém,ARMAZEM,2017,8520
4201505,SC,Armazém,ARMAZEM,2018,8587
4201505,SC,Armazém,ARMAZEM,2019,8674
4201505,SC,Armazém,ARMAZEM,2020,8759
4201505,SC,Armazém,ARMAZEM,2021,8843
4201604,SC,Arroio Trinta,ARROIO TRINTA,2013,3562
4201604,SC,Arroio Trinta,ARROIO TRINTA,2014,3563
4201604,SC,Arroio Trinta,ARROIO TRINTA,2015,3563
4201604,SC,Arroio Trinta,ARROIO TRINTA,2016,3564
4201604,SC,Arroio Trinta,ARROIO TRINTA,2017,3564
4201604,SC,Arroio Trinta,ARROIO TRINTA,2018,3551
4201604,SC,Arroio Trinta,ARROIO TRINTA,2019,3550
4201604,SC,Arroio Trinta,ARROIO TRINTA,2020,3549
4201604,SC,Arroio Trinta,ARROIO TRINTA,2021,3547
4201653,SC,Arvoredo,ARVOREDO,2013,2281
4201653,SC,Arvoredo,ARVOREDO,2014,2276
4201653,SC,Arvoredo,ARVOREDO,2015,2271
4201653,SC,Arvoredo,ARVOREDO,2016,2266
4201653,SC,Arvoredo,ARVOREDO,2017,2261
4201653,SC,Arvoredo,ARVOREDO,2018,2246
4201653,SC,Arvoredo,ARVOREDO,2019,2240
4201653,SC,Arvoredo,ARVOREDO,2020,2234
4201653,SC,Arvoredo,ARVOREDO,2021,2228
4201703,SC,Ascurra,ASCURRA,2013,7683
4201703,SC,Ascurra,ASCURRA,2014,7732
4201703,SC,Ascurra,ASCURRA,2015,7781
4201703,SC,Ascurra,ASCURRA,2016,7829
4201703,SC,Ascurra,ASCURRA,2017,7877
4201703,SC,Ascurra,ASCURRA,2018,7889
4201703,SC,Ascurra,ASCURRA,2019,7934
4201703,SC,Ascurra,ASCURRA,2020,7978
4201703,SC,Ascurra,ASCURRA,2021,8021
4201802,SC,Atalanta,ATALANTA,2013,3310
4201802,SC,Atalanta,ATALANTA,2014,3296
4201802,SC,Atalanta,ATALANTA,2015,3282
4201802,SC,Atalanta,ATALANTA,2016,3268
4201802,SC,Atalanta,ATALANTA,2017,3254
4201802,SC,Atalanta,ATALANTA,2018,3226
4201802,SC,Atalanta,ATALANTA,2019,3210
4201802,SC,Atalanta,ATALANTA,2020,3195
4201802,SC,Atalanta,ATALANTA,2021,3179
4201901,SC,Aurora,AURORA,2013,5661
4201901,SC,Aurora,AURORA,2014,5668
4201901,SC,Aurora,AURORA,2015,5674
4201901,SC,Aurora,AURORA,2016,5681
4201901,SC,Aurora,AURORA,2017,5688
4201901,SC,Aurora,AURORA,2018,5676
4201901,SC,Aurora,AURORA,2019,5679
4201901,SC,Aurora,AURORA,2020,5683
4201901,SC,Aurora,AURORA,2021,5687
4201950,SC,Balneário Arroio do Silva,BALNEARIO ARROIO DO SILVA,2013,10876
4201950,SC,Balneário Arroio do Silva,BALNEARIO ARROIO DO SILVA,2014,11248
4201950,SC,Balneário Arroio do Silva,BALNEARIO ARROIO DO SILVA,2015,11616
4201950,SC,Balneário Arroio do Silva,BALNEARIO ARROIO DO SILVA,2016,11982
4201950,SC,Balneário Arroio do Silva,BALNEARIO ARROIO DO SILVA,2017,12344
4201950,SC,Balneário Arroio do Silva,BALNEARIO ARROIO DO SILVA,2018,12705
4201950,SC,Balneário Arroio do Silva,BALNEARIO ARROIO DO SILVA,2019,13071
4201950,SC,Balneário Arroio do Silva,BALNEARIO ARROIO DO SILVA,2020,13430
4201950,SC,Balneário Arroio do Silva,BALNEARIO ARROIO DO SILVA,2021,13782
4202057,SC,Balneário Barra do Sul,BALNEARIO BARRA DO SUL,2013,9330
4202057,SC,Balneário Barra do Sul,BALNEARIO BARRA DO SUL,2014,9580
4202057,SC,Balneário Barra do Sul,BALNEARIO BARRA DO SUL,2015,9828
4202057,SC,Balneário Barra do Sul,BALNEARIO BARRA DO SUL,2016,10073
4202057,SC,Balneário Barra do Sul,BALNEARIO BARRA DO SUL,2017,10317
4202057,SC,Balneário Barra do Sul,BALNEARIO BARRA DO SUL,2018,10550
4202057,SC,Balneário Barra do Sul,BALNEARIO BARRA DO SUL,2019,10795
4202057,SC,Balneário Barra do Sul,BALNEARIO BARRA DO SUL,2020,11035
4202057,SC,Balneário Barra do Sul,BALNEARIO BARRA DO SUL,2021,11271
4202008,SC,Balneário Camboriú,BALNEARIO CAMBORIU,2013,120926
4202008,SC,Balneário Camboriú,BALNEARIO CAMBORIU,2014,124557
4202008,SC,Balneário Camboriú,BALNEARIO CAMBORIU,2015,128155
4202008,SC,Balneário Camboriú,BALNEARIO CAMBORIU,2016,131727
4202008,SC,Balneário Camboriú,BALNEARIO CAMBORIU,2017,135268
4202008,SC,Balneário Camboriú,BALNEARIO CAMBORIU,2018,138732
4202008,SC,Balneário Camboriú,BALNEARIO CAMBORIU,2019,142295
4202008,SC,Balneário Camboriú,BALNEARIO CAMBORIU,2020,145796
4202008,SC,Balneário Camboriú,BALNEARIO CAMBORIU,2021,149227
4202073,SC,Balneário Gaivota,BALNEARIO GAIVOTA,2013,9259
4202073,SC,Balneário Gaivota,BALNEARIO GAIVOTA,2014,9551
4202073,SC,Balneário Gaivota,BALNEARIO GAIVOTA,2015,9841
4202073,SC,Balneário Gaivota,BALNEARIO GAIVOTA,2016,10128
4202073,SC,Balneário Gaivota,BALNEARIO GAIVOTA,2017,10413
4202073,SC,Balneário Gaivota,BALNEARIO GAIVOTA,2018,10692
4202073,SC,Balneário Gaivota,BALNEARIO GAIVOTA,2019,10979
4202073,SC,Balneário Gaivota,BALNEARIO GAIVOTA,2020,11260
4202073,SC,Balneário Gaivota,BALNEARIO GAIVOTA,2021,11537
4212809,SC,Balneário Piçarras,BALNEARIO PICARRAS,2013,19329
4212809,SC,Balneário Piçarras,BALNEARIO PICARRAS,2014,19976
4212809,SC,Balneário Piçarras,BALNEARIO PICARRAS,2015,20617
4212809,SC,Balneário Piçarras,BALNEARIO PICARRAS,2016,21253
4212809,SC,Balneário Piçarras,BALNEARIO PICARRAS,2017,21884
4212809,SC,Balneário Piçarras,BALNEARIO PICARRAS,2018,22511
4212809,SC,Balneário Piçarras,BALNEARIO PICARRAS,2019,23147
4212809,SC,Balneário Piçarras,BALNEARIO PICARRAS,2020,23772
4212809,SC,Balneário Piçarras,BALNEARIO PICARRAS,2021,24385
4220000,SC,Balneário Rincão,BALNEARIO RINCAO,2013,11628
4220000,SC,Balneário Rincão,BALNEARIO RINCAO,2014,11824
4220000,SC,Balneário Rincão,BALNEARIO RINCAO,2015,12018
4220000,SC,Balneário Rincão,BALNEARIO RINCAO,2016,12212
4220000,SC,Balneário Rincão,BALNEARIO RINCAO,2017,12403
4220000,SC,Balneário Rincão,BALNEARIO RINCAO,2018,12570
4220000,SC,Balneário Rincão,BALNEARIO RINCAO,2019,12760
4220000,SC,Balneário Rincão,BALNEARIO RINCAO,2020,12946
4220000,SC,Balneário Rincão,BALNEARIO RINCAO,2021,13129
4202081,SC,Bandeirante,BANDEIRANTE,2013,2865
4202081,SC,Bandeirante,BANDEIRANTE,2014,2836
4202081,SC,Bandeirante,BANDEIRANTE,2015,2808
4202081,SC,Bandeirante,BANDEIRANTE,2016,2779
4202081,SC,Bandeirante,BANDEIRANTE,2017,2751
4202081,SC,Bandeirante,BANDEIRANTE,2018,2708
4202081,SC,Bandeirante,BANDEIRANTE,2019,2678
4202081,SC,Bandeirante,BANDEIRANTE,2020,2648
4202081,SC,Bandeirante,BANDEIRANTE,2021,2618
4202099,SC,Barra Bonita,BARRA BONITA,2013,1842
4202099,SC,Barra Bonita,BARRA BONITA,2014,1815
4202099,SC,Barra Bonita,BARRA BONITA,2015,1790
4202099,SC,Barra Bonita,BARRA BONITA,2016,1764
4202099,SC,Barra Bonita,BARRA BONITA,2017,1739
4202099,SC,Barra Bonita,BARRA BONITA,2018,1704
4202099,SC,Barra Bonita,BARRA BONITA,2019,1677
4202099,SC,Barra Bonita,BARRA BONITA,2020,1651
4202099,SC,Barra Bonita,BARRA BONITA,2021,1625
4202107,SC,Barra Velha,BARRA VELHA,2013,24943
4202107,SC,Barra Velha,BARRA VELHA,2014,25662
4202107,SC,Barra Velha,BARRA VELHA,2015,26374
4202107,SC,Barra Velha,BARRA VELHA,2016,27080
4202107,SC,Barra Velha,BARRA VELHA,2017,27781
4202107,SC,Barra Velha,BARRA VELHA,2018,28463
4202107,SC,Barra Velha,BARRA VELHA,2019,29168
4202107,SC,Barra Velha,BARRA VELHA,2020,29860
4202107,SC,Barra Velha,BARRA VELHA,2021,30539
4202131,SC,Bela Vista do Toldo,BELA VISTA DO TOLDO,2013,6191
4202131,SC,Bela Vista do Toldo,BELA VISTA DO TOLDO,2014,6219
4202131,SC,Bela Vista do Toldo,BELA VISTA DO TOLDO,2015,6248
4202131,SC,Bela Vista do Toldo,BELA VISTA DO TOLDO,2016,6276
4202131,SC,Bela Vista do Toldo,BELA VISTA DO TOLDO,2017,6304
4202131,SC,Bela Vista do Toldo,BELA VISTA DO TOLDO,2018,6311
4202131,SC,Bela Vista do Toldo,BELA VISTA DO TOLDO,2019,6337
4202131,SC,Bela Vista do Toldo,BELA VISTA DO TOLDO,2020,6362
4202131,SC,Bela Vista do Toldo,BELA VISTA DO TOLDO,2021,6386
4202156,SC,Belmonte,BELMONTE,2013,2692
4202156,SC,Belmonte,BELMONTE,2014,2696
4202156,SC,Belmonte,BELMONTE,2015,2700
4202156,SC,Belmonte,BELMONTE,2016,2705
4202156,SC,Belmonte,BELMONTE,2017,2709
4202156,SC,Belmonte,BELMONTE,2018,2703
4202156,SC,Belmonte,BELMONTE,2019,2706
4202156,SC,Belmonte,BELMONTE,2020,2709
4202156,SC,Belmonte,BELMONTE,2021,2712
4202206,SC,Benedito Novo,BENEDITO NOVO,2013,10906
4202206,SC,Benedito Novo,BENEDITO NOVO,2014,11037
4202206,SC,Benedito Novo,BENEDITO NOVO,2015,11168
4202206,SC,Benedito Novo,BENEDITO NOVO,2016,11297
4202206,SC,Benedito Novo,BENEDITO NOVO,2017,11425
4202206,SC,Benedito Novo,BENEDITO NOVO,2018,11526
4202206,SC,Benedito Novo,BENEDITO NOVO,2019,11652
4202206,SC,Benedito Novo,BENEDITO NOVO,2020,11775
4202206,SC,Benedito Novo,BENEDITO NOVO,2021,11896
4202305,SC,Biguaçu,BIGUACU,2013,62383
4202305,SC,Biguaçu,BIGUACU,2014,63440
4202305,SC,Biguaçu,BIGUACU,2015,64488
4202305,SC,Biguaçu,BIGUACU,2016,65528
4202305,SC,Biguaçu,BIGUACU,2017,66558
4202305,SC,Biguaçu,BIGUACU,2018,67458
4202305,SC,Biguaçu,BIGUACU,2019,68481
4202305,SC,Biguaçu,BIGUACU,2020,69486
4202305,SC,Biguaçu,BIGUACU,2021,70471
4202404,SC,Blumenau,BLUMENAU,2013,329082
4202404,SC,Blumenau,BLUMENAU,2014,334002
4202404,SC,Blumenau,BLUMENAU,2015,338876
4202404,SC,Blumenau,BLUMENAU,2016,343715
4202404,SC,Blumenau,BLUMENAU,2017,348513
4202404,SC,Blumenau,BLUMENAU,2018,352460
4202404,SC,Blumenau,BLUMENAU,2019,357199
4202404,SC,Blumenau,BLUMENAU,2020,361855
4202404,SC,Blumenau,BLUMENAU,2021,366418
4202438,SC,Bocaina do Sul,BOCAINA DO SUL,2013,3393
4202438,SC,Bocaina do Sul,BOCAINA DO SUL,2014,3408
4202438,SC,Bocaina do Sul,BOCAINA DO SUL,2015,3424
4202438,SC,Bocaina do Sul,BOCAINA DO SUL,2016,3440
4202438,SC,Bocaina do Sul,BOCAINA DO SUL,2017,3456
4202438,SC,Bocaina do Sul,BOCAINA DO SUL,2018,3460
4202438,SC,Bocaina do Sul,BOCAINA DO SUL,2019,3474
4202438,SC,Bocaina do Sul,BOCAINA DO SUL,2020,3488
4202438,SC,Bocaina do Sul,BOCAINA DO SUL,2021,3501
4202503,SC,Bom Jardim da Serra,BOM JARDIM DA SERRA,2013,4566
4202503,SC,Bom Jardim da Serra,BOM JARDIM DA SERRA,2014,4598
4202503,SC,Bom Jardim da Serra,BOM JARDIM DA SERRA,2015,4631
4202503,SC,Bom Jardim da Serra,BOM JARDIM DA SERRA,2016,4663
4202503,SC,Bom Jardim da Serra,BOM JARDIM DA SERRA,2017,4694
4202503,SC,Bom Jardim da Serra,BOM JARDIM DA SERRA,2018,4712
4202503,SC,Bom Jardim da Serra,BOM JARDIM DA SERRA,2019,4743
4202503,SC,Bom Jardim da Serra,BOM JARDIM DA SERRA,2020,4772
4202503,SC,Bom Jardim da Serra,BOM JARDIM DA SERRA,2021,4801
4202537,SC,Bom Jesus,BOM JESUS,2013,2721
4202537,SC,Bom Jesus,BOM JESUS,2014,2771
4202537,SC,Bom Jesus,BOM JESUS,2015,2821
4202537,SC,Bom Jesus,BOM JESUS,2016,2870
4202537,SC,Bom Jesus,BOM JESUS,2017,2919
4202537,SC,Bom Jesus,BOM JESUS,2018,2961
4202537,SC,Bom Jesus,BOM JESUS,2019,3010
4202537,SC,Bom Jesus,BOM JESUS,2020,3057
4202537,SC,Bom Jesus,BOM JESUS,2021,3104
4202578,SC,Bom Jesus do Oeste,BOM JESUS DO OESTE,2013,2160
4202578,SC,Bom Jesus do Oeste,BOM JESUS DO OESTE,2014,2158
4202578,SC,Bom Jesus do Oeste,BOM JESUS DO OESTE,2015,2156
4202578,SC,Bom Jesus do Oeste,BOM JESUS DO OESTE,2016,2153
4202578,SC,Bom Jesus do Oeste,BOM JESUS DO OESTE,2017,2151
4202578,SC,Bom Jesus do Oeste,BOM JESUS DO OESTE,2018,2146
4202578,SC,Bom Jesus do Oeste,BOM JESUS DO OESTE,2019,2142
4202578,SC,Bom Jesus do Oeste,BOM JESUS DO OESTE,2020,2139
4202578,SC,Bom Jesus do Oeste,BOM JESUS DO OESTE,2021,2136
4202602,SC,Bom Retiro,BOM RETIRO,2013,9397
4202602,SC,Bom Retiro,BOM RETIRO,2014,9498
4202602,SC,Bom Retiro,BOM RETIRO,2015,9598
4202602,SC,Bom Retiro,BOM RETIRO,2016,9698
4202602,SC,Bom Retiro,BOM RETIRO,2017,9796
4202602,SC,Bom Retiro,BOM RETIRO,2018,9870
4202602,SC,Bom Retiro,BOM RETIRO,2019,9966
4202602,SC,Bom Retiro,BOM RETIRO,2020,10060
4202602,SC,Bom Retiro,BOM RETIRO,2021,10153
4202453,SC,Bombinhas,BOMBINHAS,2013,16311
4202453,SC,Bombinhas,BOMBINHAS,2014,16897
4202453,SC,Bombinhas,BOMBINHAS,2015,17477
4202453,SC,Bombinhas,BOMBINHAS,2016,18052
4202453,SC,Bombinhas,BOMBINHAS,2017,18623
4202453,SC,Bombinhas,BOMBINHAS,2018,19193
4202453,SC,Bombinhas,BOMBINHAS,2019,19769
4202453,SC,Bombinhas,BOMBINHAS,2020,20335
4202453,SC,Bombinhas,BOMBINHAS,2021,20889
4202701,SC,Botuverá,BOTUVERA,2013,4785
4202701,SC,Botuverá,BOTUVERA,2014,4864
4202701,SC,Botuverá,BOTUVERA,2015,4943
4202701,SC,Botuverá,BOTUVERA,2016,5022
4202701,SC,Botuverá,BOTUVERA,2017,5100
4202701,SC,Botuverá,BOTUVERA,2018,5169
4202701,SC,Botuverá,BOTUVERA,2019,5246
4202701,SC,Botuverá,BOTUVERA,2020,5322
4202701,SC,Botuverá,BOTUVERA,2021,5396
4202800,SC,Braço do Norte,BRACO DO NORTE,2013,30868
4202800,SC,Braço do Norte,BRACO DO NORTE,2014,31319
4202800,SC,Braço do Norte,BRACO DO NORTE,2015,31765
4202800,SC,Braço do Norte,BRACO DO NORTE,2016,32209
4202800,SC,Braço do Norte,BRACO DO NORTE,2017,32648
4202800,SC,Braço do Norte,BRACO DO NORTE,2018,33016
4202800,SC,Braço do Norte,BRACO DO NORTE,2019,33450
4202800,SC,Braço do Norte,BRACO DO NORTE,2020,33876
4202800,SC,Braço do Norte,BRACO DO NORTE,2021,34294
4202859,SC,Braço do Trombudo,BRACO DO TROMBUDO,2013,3599
4202859,SC,Braço do Trombudo,BRACO DO TROMBUDO,2014,3627
4202859,SC,Braço do Trombudo,BRACO DO TROMBUDO,2015,3654
4202859,SC,Braço do Trombudo,BRACO DO TROMBUDO,2016,3682
4202859,SC,Braço do Trombudo,BRACO DO TROMBUDO,2017,3709
4202859,SC,Braço do Trombudo,BRACO DO TROMBUDO,2018,3718
4202859,SC,Braço do Trombudo,BRACO DO TROMBUDO,2019,3743
4202859,SC,Braço do Trombudo,BRACO DO TROMBUDO,2020,3769
4202859,SC,Braço do Trombudo,BRACO DO TROMBUDO,2021,3794
4202875,SC,Brunópolis,BRUNOPOLIS,2013,2741
4202875,SC,Brunópolis,BRUNOPOLIS,2014,2690
4202875,SC,Brunópolis,BRUNOPOLIS,2015,2639
4202875,SC,Brunópolis,BRUNOPOLIS,2016,2589
4202875,SC,Brunópolis,BRUNOPOLIS,2017,2539
4202875,SC,Brunópolis,BRUNOPOLIS,2018,2473
4202875,SC,Brunópolis,BRUNOPOLIS,2019,2420
4202875,SC,Brunópolis,BRUNOPOLIS,2020,2368
4202875,SC,Brunópolis,BRUNOPOLIS,2021,2318
4202909,SC,Brusque,BRUSQUE,2013,116634
4202909,SC,Brusque,BRUSQUE,2014,119719
4202909,SC,Brusque,BRUSQUE,2015,122775
4202909,SC,Brusque,BRUSQUE,2016,125810
4202909,SC,Brusque,BRUSQUE,2017,128818
4202909,SC,Brusque,BRUSQUE,2018,131703
4202909,SC,Brusque,BRUSQUE,2019,134723
4202909,SC,Brusque,BRUSQUE,2020,137689
4202909,SC,Brusque,BRUSQUE,2021,140597
4203006,SC,Caçador,CACADOR,2013,74276
4203006,SC,Caçador,CACADOR,2014,75048
4203006,SC,Caçador,CACADOR,2015,75812
4203006,SC,Caçador,CACADOR,2016,76571
4203006,SC,Caçador,CACADOR,2017,77323
4203006,SC,Caçador,CACADOR,2018,77863
4203006,SC,Caçador,CACADOR,2019,78595
4203006,SC,Caçador,CACADOR,2020,79313
4203006,SC,Caçador,CACADOR,2021,80017
4203105,SC,Caibi,CAIBI,2013,6274
4203105,SC,Caibi,CAIBI,2014,6259
4203105,SC,Caibi,CAIBI,2015,6243
4203105,SC,Caibi,CAIBI,2016,6228
4203105,SC,Caibi,CAIBI,2017,6213
4203105,SC,Caibi,CAIBI,2018,6167
4203105,SC,Caibi,CAIBI,2019,6148
4203105,SC,Caibi,CAIBI,2020,6130
4203105,SC,Caibi,CAIBI,2021,6112
4203154,SC,Calmon,CALMON,2013,3416
4203154,SC,Calmon,CALMON,2014,3407
4203154,SC,Calmon,CALMON,2015,3398
4203154,SC,Calmon,CALMON,2016,3389
4203154,SC,Calmon,CALMON,2017,3380
4203154,SC,Calmon,CALMON,2018,3357
4203154,SC,Calmon,CALMON,2019,3346
4203154,SC,Calmon,CALMON,2020,3335
4203154,SC,Calmon,CALMON,2021,3325
4203204,SC,Camboriú,CAMBORIU,2013,70068
4203204,SC,Camboriú,CAMBORIU,2014,72261
4203204,SC,Camboriú,CAMBORIU,2015,74434
4203204,SC,Camboriú,CAMBORIU,2016,76592
4203204,SC,Camboriú,CAMBORIU,2017,78731
4203204,SC,Camboriú,CAMBORIU,2018,80834
4203204,SC,Camboriú,CAMBORIU,2019,82989
4203204,SC,Camboriú,CAMBORIU,2020,85105
4203204,SC,Camboriú,CAMBORIU,2021,87179
4203303,SC,Campo Alegre,CAMPO ALEGRE,2013,11972
4203303,SC,Campo Alegre,CAMPO ALEGRE,2014,11982
4203303,SC,Campo Alegre,CAMPO ALEGRE,2015,11992
4203303,SC,Campo Alegre,CAMPO ALEGRE,2016,12002
4203303,SC,Campo Alegre,CAMPO ALEGRE,2017,12012
4203303,SC,Campo Alegre,CAMPO ALEGRE,2018,11974
4203303,SC,Campo Alegre,CAMPO ALEGRE,2019,11978
4203303,SC,Campo Alegre,CAMPO ALEGRE,2020,11981
4203303,SC,Campo Alegre,CAMPO ALEGRE,2021,11985
4203402,SC,Campo Belo do Sul,CAMPO BELO DO SUL,2013,7419
4203402,SC,Campo Belo do Sul,CAMPO BELO DO SUL,2014,7358
4203402,SC,Campo Belo do Sul,CAMPO BELO DO SUL,2015,7297
4203402,SC,Campo Belo do Sul,CAMPO BELO DO SUL,2016,7237
4203402,SC,Campo Belo do Sul,CAMPO BELO DO SUL,2017,7177
4203402,SC,Campo Belo do Sul,CAMPO BELO DO SUL,2018,7081
4203402,SC,Campo Belo do Sul,CAMPO BELO DO SUL,2019,7016
4203402,SC,Campo Belo do Sul,CAMPO BELO DO SUL,2020,6952
4203402,SC,Campo Belo do Sul,CAMPO BELO DO SUL,2021,6889
4203501,SC,Campo Erê,CAMPO ERE,2013,9203
4203501,SC,Campo Erê,CAMPO ERE,2014,9098
4203501,SC,Campo Erê,CAMPO ERE,2015,8993
4203501,SC,Campo Erê,CAMPO ERE,2016,8890
4203501,SC,Campo Erê,CAMPO ERE,2017,8787
4203501,SC,Campo Erê,CAMPO ERE,2018,8636
4203501,SC,Campo Erê,CAMPO ERE,2019,8526
4203501,SC,Campo Erê,CAMPO ERE,2020,8418
4203501,SC,Campo Erê,CAMPO ERE,2021,8312
4203600,SC,Campos Novos,CAMPOS NOVOS,2013,34386
4203600,SC,Campos Novos,CAMPOS NOVOS,2014,34721
4203600,SC,Campos Novos,CAMPOS NOVOS,2015,35054
4203600,SC,Campos Novos,CAMPOS NOVOS,2016,35383
4203600,SC,Campos Novos,CAMPOS NOVOS,2017,35710
4203600,SC,Campos Novos,CAMPOS NOVOS,2018,35930
4203600,SC,Campos Novos,CAMPOS NOVOS,2019,36244
4203600,SC,Campos Novos,CAMPOS NOVOS,2020,36556
4203600,SC,Campos Novos,CAMPOS NOVOS,2021,36861
4203709,SC,Canelinha,CANELINHA,2013,11286
4203709,SC,Canelinha,CANELINHA,2014,11452
4203709,SC,Canelinha,CANELINHA,2015,11617
4203709,SC,Canelinha,CANELINHA,2016,11781
4203709,SC,Canelinha,CANELINHA,2017,11944
4203709,SC,Canelinha,CANELINHA,2018,12080
4203709,SC,Canelinha,CANELINHA,2019,12240
4203709,SC,Canelinha,CANELINHA,2020,12398
4203709,SC,Canelinha,CANELINHA,2021,12553
4203808,SC,Canoinhas,CANOINHAS,2013,53969
4203808,SC,Canoinhas,CANOINHAS,2014,54079
4203808,SC,Canoinhas,CANOINHAS,2015,54188
4203808,SC,Canoinhas,CANOINHAS,2016,54296
4203808,SC,Canoinhas,CANOINHAS,2017,54403
4203808,SC,Canoinhas,CANOINHAS,2018,54319
4203808,SC,Canoinhas,CANOINHAS,2019,54401
4203808,SC,Canoinhas,CANOINHAS,2020,54480
4203808,SC,Canoinhas,CANOINHAS,2021,54558
4203253,SC,Capão Alto,CAPAO ALTO,2013,2711
4203253,SC,Capão Alto,CAPAO ALTO,2014,2682
4203253,SC,Capão Alto,CAPAO ALTO,2015,2654
4203253,SC,Capão Alto,CAPAO ALTO,2016,2625
4203253,SC,Capão Alto,CAPAO ALTO,2017,2597
4203253,SC,Capão Alto,CAPAO ALTO,2018,2556
4203253,SC,Capão Alto,CAPAO ALTO,2019,2525
4203253,SC,Capão Alto,CAPAO ALTO,2020,2496
4203253,SC,Capão Alto,CAPAO ALTO,2021,2467
4203907,SC,Capinzal,CAPINZAL,2013,21726
4203907,SC,Capinzal,CAPINZAL,2014,21928
4203907,SC,Capinzal,CAPINZAL,2015,22129
4203907,SC,Capinzal,CAPINZAL,2016,22327
4203907,SC,Capinzal,CAPINZAL,2017,22524
4203907,SC,Capinzal,CAPINZAL,2018,22658
4203907,SC,Capinzal,CAPINZAL,2019,22848
4203907,SC,Capinzal,CAPINZAL,2020,23035
4203907,SC,Capinzal,CAPINZAL,2021,23218
4203956,SC,Capivari de Baixo,CAPIVARI DE BAIXO,2013,23018
4203956,SC,Capivari de Baixo,CAPIVARI DE BAIXO,2014,23342
4203956,SC,Capivari de Baixo,CAPIVARI DE BAIXO,2015,23663
4203956,SC,Capivari de Baixo,CAPIVARI DE BAIXO,2016,23982
4203956,SC,Capivari de Baixo,CAPIVARI DE BAIXO,2017,24298
4203956,SC,Capivari de Baixo,CAPIVARI DE BAIXO,2018,24559
4203956,SC,Capivari de Baixo,CAPIVARI DE BAIXO,2019,24871
4203956,SC,Capivari de Baixo,CAPIVARI DE BAIXO,2020,25177
4203956,SC,Capivari de Baixo,CAPIVARI DE BAIXO,2021,25477
4204004,SC,Catanduvas,CATANDUVAS,2013,10112
4204004,SC,Catanduvas,CATANDUVAS,2014,10244
4204004,SC,Catanduvas,CATANDUVAS,2015,10374
4204004,SC,Catanduvas,CATANDUVAS,2016,10503
4204004,SC,Catanduvas,CATANDUVAS,2017,10632
4204004,SC,Catanduvas,CATANDUVAS,2018,10735
4204004,SC,Catanduvas,CATANDUVAS,2019,10861
4204004,SC,Catanduvas,CATANDUVAS,2020,10984
4204004,SC,Catanduvas,CATANDUVAS,2021,11106
4204103,SC,Caxambu do Sul,CAXAMBU DO SUL,2013,4208
4204103,SC,Caxambu do Sul,CAXAMBU DO SUL,2014,4118
4204103,SC,Caxambu do Sul,CAXAMBU DO SUL,2015,4028
4204103,SC,Caxambu do Sul,CAXAMBU DO SUL,2016,3939
4204103,SC,Caxambu do Sul,CAXAMBU DO SUL,2017,3850
4204103,SC,Caxambu do Sul,CAXAMBU DO SUL,2018,3735
4204103,SC,Caxambu do Sul,CAXAMBU DO SUL,2019,3642
4204103,SC,Caxambu do Sul,CAXAMBU DO SUL,2020,3551
4204103,SC,Caxambu do Sul,CAXAMBU DO SUL,2021,3462
4204152,SC,Celso Ramos,CELSO RAMOS,2013,2792
4204152,SC,Celso Ramos,CELSO RAMOS,2014,2784
4204152,SC,Celso Ramos,CELSO RAMOS,2015,2776
4204152,SC,Celso Ramos,CELSO RAMOS,2016,2768
4204152,SC,Celso Ramos,CELSO RAMOS,2017,2760
4204152,SC,Celso Ramos,CELSO RAMOS,2018,2738
4204152,SC,Celso Ramos,CELSO RAMOS,2019,2728
4204152,SC,Celso Ramos,CELSO RAMOS,2020,2719
4204152,SC,Celso Ramos,CELSO RAMOS,2021,2709
4204178,SC,Cerro Negro,CERRO NEGRO,2013,3472
4204178,SC,Cerro Negro,CERRO NEGRO,2014,3417
4204178,SC,Cerro Negro,CERRO NEGRO,2015,3362
4204178,SC,Cerro Negro,CERRO NEGRO,2016,3308
4204178,SC,Cerro Negro,CERRO NEGRO,2017,3254
4204178,SC,Cerro Negro,CERRO NEGRO,2018,3181
4204178,SC,Cerro Negro,CERRO NEGRO,2019,3124
4204178,SC,Cerro Negro,CERRO NEGRO,2020,3068
4204178,SC,Cerro Negro,CERRO NEGRO,2021,3013
4204194,SC,Chapadão do Lageado,CHAPADAO DO LAGEADO,2013,2871
4204194,SC,Chapadão do Lageado,CHAPADAO DO LAGEADO,2014,2892
4204194,SC,Chapadão do Lageado,CHAPADAO DO LAGEADO,2015,2912
4204194,SC,Chapadão do Lageado,CHAPADAO DO LAGEADO,2016,2933
4204194,SC,Chapadão do Lageado,CHAPADAO DO LAGEADO,2017,2953
4204194,SC,Chapadão do Lageado,CHAPADAO DO LAGEADO,2018,2969
4204194,SC,Chapadão do Lageado,CHAPADAO DO LAGEADO,2019,2988
4204194,SC,Chapadão do Lageado,CHAPADAO DO LAGEADO,2020,3006
4204194,SC,Chapadão do Lageado,CHAPADAO DO LAGEADO,2021,3025
4204202,SC,Chapecó,CHAPECO,2013,198188
4204202,SC,Chapecó,CHAPECO,2014,202009
4204202,SC,Chapecó,CHAPECO,2015,205795
4204202,SC,Chapecó,CHAPECO,2016,209553
4204202,SC,Chapecó,CHAPECO,2017,213279
4204202,SC,Chapecó,CHAPECO,2018,216654
4204202,SC,Chapecó,CHAPECO,2019,220367
4204202,SC,Chapecó,CHAPECO,2020,224013
4204202,SC,Chapecó,CHAPECO,2021,227587
4204251,SC,Cocal do Sul,COCAL DO SUL,2013,15860
4204251,SC,Cocal do Sul,COCAL DO SUL,2014,16009
4204251,SC,Cocal do Sul,COCAL DO SUL,2015,16156
4204251,SC,Cocal do Sul,COCAL DO SUL,2016,16301
4204251,SC,Cocal do Sul,COCAL DO SUL,2017,16446
4204251,SC,Cocal do Sul,COCAL DO SUL,2018,16544
4204251,SC,Cocal do Sul,COCAL DO SUL,2019,16684
4204251,SC,Cocal do Sul,COCAL DO SUL,2020,16821
4204251,SC,Cocal do Sul,COCAL DO SUL,2021,16956
4204301,SC,Concórdia,CONCORDIA,2013,71499
4204301,SC,Concórdia,CONCORDIA,2014,72073
4204301,SC,Concórdia,CONCORDIA,2015,72642
4204301,SC,Concórdia,CONCORDIA,2016,73206
4204301,SC,Concórdia,CONCORDIA,2017,73766
4204301,SC,Concórdia,CONCORDIA,2018,74106
4204301,SC,Concórdia,CONCORDIA,2019,74641
4204301,SC,Concórdia,CONCORDIA,2020,75167
4204301,SC,Concórdia,CONCORDIA,2021,75683
4204350,SC,Cordilheira Alta,CORDILHEIRA ALTA,2013,4043
4204350,SC,Cordilheira Alta,CORDILHEIRA ALTA,2014,4114
4204350,SC,Cordilheira Alta,CORDILHEIRA ALTA,2015,4184
4204350,SC,Cordilheira Alta,CORDILHEIRA ALTA,2016,4253
4204350,SC,Cordilheira Alta,CORDILHEIRA ALTA,2017,4321
4204350,SC,Cordilheira Alta,CORDILHEIRA ALTA,2018,4385
4204350,SC,Cordilheira Alta,CORDILHEIRA ALTA,2019,4453
4204350,SC,Cordilheira Alta,CORDILHEIRA ALTA,2020,4520
4204350,SC,Cordilheira Alta,CORDILHEIRA ALTA,2021,4585
4204400,SC,Coronel Freitas,CORONEL FREITAS,2013,10272
4204400,SC,Coronel Freitas,CORONEL FREITAS,2014,10236
4204400,SC,Coronel Freitas,CORONEL FREITAS,2015,10201
4204400,SC,Coronel Freitas,CORONEL FREITAS,2016,10165
4204400,SC,Coronel Freitas,CORONEL FREITAS,2017,10130
4204400,SC,Coronel Freitas,CORONEL FREITAS,2018,10022
4204400,SC,Coronel Freitas,CORONEL FREITAS,2019,9981
4204400,SC,Coronel Freitas,CORONEL FREITAS,2020,9940
4204400,SC,Coronel Freitas,CORONEL FREITAS,2021,9900
4204459,SC,Coronel Martins,CORONEL MARTINS,2013,2520
4204459,SC,Coronel Martins,CORONEL MARTINS,2014,2527
4204459,SC,Coronel Martins,CORONEL MARTINS,2015,2534
4204459,SC,Coronel Martins,CORONEL MARTINS,2016,2541
4204459,SC,Coronel Martins,CORONEL MARTINS,2017,2548
4204459,SC,Coronel Martins,CORONEL MARTINS,2018,2544
4204459,SC,Coronel Martins,CORONEL MARTINS,2019,2549
4204459,SC,Coronel Martins,CORONEL MARTINS,2020,2555
4204459,SC,Coronel Martins,CORONEL MARTINS,2021,2560
4204558,SC,Correia Pinto,CORREIA PINTO,2013,14301
4204558,SC,Correia Pinto,CORREIA PINTO,2014,14063
4204558,SC,Correia Pinto,CORREIA PINTO,2015,13826
4204558,SC,Correia Pinto,CORREIA PINTO,2016,13591
4204558,SC,Correia Pinto,CORREIA PINTO,2017,13358
4204558,SC,Correia Pinto,CORREIA PINTO,2018,13040
4204558,SC,Correia Pinto,CORREIA PINTO,2019,12795
4204558,SC,Correia Pinto,CORREIA PINTO,2020,12553
4204558,SC,Correia Pinto,CORREIA PINTO,2021,12315
4204509,SC,Corupá,CORUPA,2013,14716
4204509,SC,Corupá,CORUPA,2014,14925
4204509,SC,Corupá,CORUPA,2015,15132
4204509,SC,Corupá,CORUPA,2016,15337
4204509,SC,Corupá,CORUPA,2017,15541
4204509,SC,Corupá,CORUPA,2018,15709
4204509,SC,Corupá,CORUPA,2019,15909
4204509,SC,Corupá,CORUPA,2020,16107
4204509,SC,Corupá,CORUPA,2021,16300
4204608,SC,Criciúma,CRICIUMA,2013,202395
4204608,SC,Criciúma,CRICIUMA,2014,204667
4204608,SC,Criciúma,CRICIUMA,2015,206918
4204608,SC,Criciúma,CRICIUMA,2016,209153
4204608,SC,Criciúma,CRICIUMA,2017,211369
4204608,SC,Criciúma,CRICIUMA,2018,213023
4204608,SC,Criciúma,CRICIUMA,2019,215186
4204608,SC,Criciúma,CRICIUMA,2020,217311
4204608,SC,Criciúma,CRICIUMA,2021,219393
4204707,SC,Cunha Porã,CUNHA PORA,2013,10905
4204707,SC,Cunha Porã,CUNHA PORA,2014,10944
4204707,SC,Cunha Porã,CUNHA PORA,2015,10982
4204707,SC,Cunha Porã,CUNHA PORA,2016,11020
4204707,SC,Cunha Porã,CUNHA PORA,2017,11057
4204707,SC,Cunha Porã,CUNHA PORA,2018,11053
4204707,SC,Cunha Porã,CUNHA PORA,2019,11086
4204707,SC,Cunha Porã,CUNHA PORA,2020,11118
4204707,SC,Cunha Porã,CUNHA PORA,2021,11150
4204756,SC,Cunhataí,CUNHATAI,2013,1931
4204756,SC,Cunhataí,CUNHATAI,2014,1937
4204756,SC,Cunhataí,CUNHATAI,2015,1943
4204756,SC,Cunhataí,CUNHATAI,2016,1949
4204756,SC,Cunhataí,CUNHATAI,2017,1955
4204756,SC,Cunhataí,CUNHATAI,2018,1957
4204756,SC,Cunhataí,CUNHATAI,2019,1962
4204756,SC,Cunhataí,CUNHATAI,2020,1967
4204756,SC,Cunhataí,CUNHATAI,2021,1972
4204806,SC,Curitibanos,CURITIBANOS,2013,38890
4204806,SC,Curitibanos,CURITIBANOS,2014,39061
4204806,SC,Curitibanos,CURITIBANOS,2015,39231
4204806,SC,Curitibanos,CURITIBANOS,2016,39399
4204806,SC,Curitibanos,CURITIBANOS,2017,39566
4204806,SC,Curitibanos,CURITIBANOS,2018,39595
4204806,SC,Curitibanos,CURITIBANOS,2019,39745
4204806,SC,Curitibanos,CURITIBANOS,2020,39893
4204806,SC,Curitibanos,CURITIBANOS,2021,40037
4204905,SC,Descanso,DESCANSO,2013,8612
4204905,SC,Descanso,DESCANSO,2014,8558
4204905,SC,Descanso,DESCANSO,2015,8505
4204905,SC,Descanso,DESCANSO,2016,8452
4204905,SC,Descanso,DESCANSO,2017,8399
4204905,SC,Descanso,DESCANSO,2018,8308
4204905,SC,Descanso,DESCANSO,2019,8250
4204905,SC,Descanso,DESCANSO,2020,8192
4204905,SC,Descanso,DESCANSO,2021,8136
4205001,SC,Dionísio Cerqueira,DIONISIO CERQUEIRA,2013,15227
4205001,SC,Dionísio Cerqueira,DIONISIO CERQUEIRA,2014,15283
4205001,SC,Dionísio Cerqueira,DIONISIO CERQUEIRA,2015,15339
4205001,SC,Dionísio Cerqueira,DIONISIO CERQUEIRA,2016,15395
4205001,SC,Dionísio Cerqueira,DIONISIO CERQUEIRA,2017,15450
4205001,SC,Dionísio Cerqueira,DIONISIO CERQUEIRA,2018,15450
4205001,SC,Dionísio Cerqueira,DIONISIO CERQUEIRA,2019,15498
4205001,SC,Dionísio Cerqueira,DIONISIO CERQUEIRA,2020,15545
4205001,SC,Dionísio Cerqueira,DIONISIO CERQUEIRA,2021,15592
4205100,SC,Dona Emma,DONA EMMA,2013,3912
4205100,SC,Dona Emma,DONA EMMA,2014,3955
4205100,SC,Dona Emma,DONA EMMA,2015,3997
4205100,SC,Dona Emma,DONA EMMA,2016,4039
4205100,SC,Dona Emma,DONA EMMA,2017,4081
4205100,SC,Dona Emma,DONA EMMA,2018,4105
4205100,SC,Dona Emma,DONA EMMA,2019,4146
4205100,SC,Dona Emma,DONA EMMA,2020,4186
4205100,SC,Dona Emma,DONA EMMA,2021,4224
4205159,SC,Doutor Pedrinho,DOUTOR PEDRINHO,2013,3828
4205159,SC,Doutor Pedrinho,DOUTOR PEDRINHO,2014,3883
4205159,SC,Doutor Pedrinho,DOUTOR PEDRINHO,2015,3937
4205159,SC,Doutor Pedrinho,DOUTOR PEDRINHO,2016,3990
4205159,SC,Doutor Pedrinho,DOUTOR PEDRINHO,2017,4043
4205159,SC,Doutor Pedrinho,DOUTOR PEDRINHO,2018,4013
4205159,SC,Doutor Pedrinho,DOUTOR PEDRINHO,2019,4064
4205159,SC,Doutor Pedrinho,DOUTOR PEDRINHO,2020,4115
4205159,SC,Doutor Pedrinho,DOUTOR PEDRINHO,2021,4164
4205175,SC,Entre Rios,ENTRE RIOS,2013,3118
4205175,SC,Entre Rios,ENTRE RIOS,2014,3135
4205175,SC,Entre Rios,ENTRE RIOS,2015,3151
4205175,SC,Entre Rios,ENTRE RIOS,2016,3167
4205175,SC,Entre Rios,ENTRE RIOS,2017,3183
4205175,SC,Entre Rios,ENTRE RIOS,2018,3189
4205175,SC,Entre Rios,ENTRE RIOS,2019,3203
4205175,SC,Entre Rios,ENTRE RIOS,2020,3218
4205175,SC,Entre Rios,ENTRE RIOS,2021,3232
4205191,SC,Ermo,ERMO,2013,2081
4205191,SC,Ermo,ERMO,2014,2079
4205191,SC,Ermo,ERMO,2015,2078
4205191,SC,Ermo,ERMO,2016,2077
4205191,SC,Ermo,ERMO,2017,2076
4205191,SC,Ermo,ERMO,2018,2066
4205191,SC,Ermo,ERMO,2019,2063
4205191,SC,Ermo,ERMO,2020,2061
4205191,SC,Ermo,ERMO,2021,2059
4205209,SC,Erval Velho,ERVAL VELHO,2013,4448
4205209,SC,Erval Velho,ERVAL VELHO,2014,4456
4205209,SC,Erval Velho,ERVAL VELHO,2015,4464
4205209,SC,Erval Velho,ERVAL VELHO,2016,4472
4205209,SC,Erval Velho,ERVAL VELHO,2017,4480
4205209,SC,Erval Velho,ERVAL VELHO,2018,4407
4205209,SC,Erval Velho,ERVAL VELHO,2019,4412
4205209,SC,Erval Velho,ERVAL VELHO,2020,4418
4205209,SC,Erval Velho,ERVAL VELHO,2021,4423
4205308,SC,Faxinal dos Guedes,FAXINAL DOS GUEDES,2013,10797
4205308,SC,Faxinal dos Guedes,FAXINAL DOS GUEDES,2014,10784
4205308,SC,Faxinal dos Guedes,FAXINAL DOS GUEDES,2015,10771
4205308,SC,Faxinal dos Guedes,FAXINAL DOS GUEDES,2016,10758
4205308,SC,Faxinal dos Guedes,FAXINAL DOS GUEDES,2017,10745
4205308,SC,Faxinal dos Guedes,FAXINAL DOS GUEDES,2018,10686
4205308,SC,Faxinal dos Guedes,FAXINAL DOS GUEDES,2019,10667
4205308,SC,Faxinal dos Guedes,FAXINAL DOS GUEDES,2020,10649
4205308,SC,Faxinal dos Guedes,FAXINAL DOS GUEDES,2021,10630
4205357,SC,Flor do Sertão,FLOR DO SERTAO,2013,1605
4205357,SC,Flor do Sertão,FLOR DO SERTAO,2014,1603
4205357,SC,Flor do Sertão,FLOR DO SERTAO,2015,1600
4205357,SC,Flor do Sertão,FLOR DO SERTAO,2016,1597
4205357,SC,Flor do Sertão,FLOR DO SERTAO,2017,1594
4205357,SC,Flor do Sertão,FLOR DO SERTAO,2018,1586
4205357,SC,Flor do Sertão,FLOR DO SERTAO,2019,1582
4205357,SC,Flor do Sertão,FLOR DO SERTAO,2020,1579
4205357,SC,Flor do Sertão,FLOR DO SERTAO,2021,1575
4205407,SC,Florianópolis,FLORIANOPOLIS,2013,453285
4205407,SC,Florianópolis,FLORIANOPOLIS,2014,461524
4205407,SC,Florianópolis,FLORIANOPOLIS,2015,469690
4205407,SC,Florianópolis,FLORIANOPOLIS,2016,477798
4205407,SC,Florianópolis,FLORIANOPOLIS,2017,485838
4205407,SC,Florianópolis,FLORIANOPOLIS,2018,492977
4205407,SC,Florianópolis,FLORIANOPOLIS,2019,500973
4205407,SC,Florianópolis,FLORIANOPOLIS,2020,508826
4205407,SC,Florianópolis,FLORIANOPOLIS,2021,516524
4205431,SC,Formosa do Sul,FORMOSA DO SUL,2013,2603
4205431,SC,Formosa do Sul,FORMOSA DO SUL,2014,2589
4205431,SC,Formosa do Sul,FORMOSA DO SUL,2015,2576
4205431,SC,Formosa do Sul,FORMOSA DO SUL,2016,2562
4205431,SC,Formosa do Sul,FORMOSA DO SUL,2017,2549
4205431,SC,Formosa do Sul,FORMOSA DO SUL,2018,2525
4205431,SC,Formosa do Sul,FORMOSA DO SUL,2019,2510
4205431,SC,Formosa do Sul,FORMOSA DO SUL,2020,2495
4205431,SC,Formosa do Sul,FORMOSA DO SUL,2021,2481
4205456,SC,Forquilhinha,FORQUILHINHA,2013,24256
4205456,SC,Forquilhinha,FORQUILHINHA,2014,24694
4205456,SC,Forquilhinha,FORQUILHINHA,2015,25129
4205456,SC,Forquilhinha,FORQUILHINHA,2016,25560
4205456,SC,Forquilhinha,FORQUILHINHA,2017,25988
4205456,SC,Forquilhinha,FORQUILHINHA,2018,26368
4205456,SC,Forquilhinha,FORQUILHINHA,2019,26793
4205456,SC,Forquilhinha,FORQUILHINHA,2020,27211
4205456,SC,Forquilhinha,FORQUILHINHA,2021,27621
4205506,SC,Fraiburgo,FRAIBURGO,2013,35618
4205506,SC,Fraiburgo,FRAIBURGO,2014,35781
4205506,SC,Fraiburgo,FRAIBURGO,2015,35942
4205506,SC,Fraiburgo,FRAIBURGO,2016,36102
4205506,SC,Fraiburgo,FRAIBURGO,2017,36261
4205506,SC,Fraiburgo,FRAIBURGO,2018,36299
4205506,SC,Fraiburgo,FRAIBURGO,2019,36443
4205506,SC,Fraiburgo,FRAIBURGO,2020,36584
4205506,SC,Fraiburgo,FRAIBURGO,2021,36723
4205555,SC,Frei Rogério,FREI ROGERIO,2013,2354
4205555,SC,Frei Rogério,FREI ROGERIO,2014,2301
4205555,SC,Frei Rogério,FREI ROGERIO,2015,2249
4205555,SC,Frei Rogério,FREI ROGERIO,2016,2197
4205555,SC,Frei Rogério,FREI ROGERIO,2017,2146
4205555,SC,Frei Rogério,FREI ROGERIO,2018,2077
4205555,SC,Frei Rogério,FREI ROGERIO,2019,2023
4205555,SC,Frei Rogério,FREI ROGERIO,2020,1970
4205555,SC,Frei Rogério,FREI ROGERIO,2021,1918
4205605,SC,Galvão,GALVAO,2013,3379
4205605,SC,Galvão,GALVAO,2014,3297
4205605,SC,Galvão,GALVAO,2015,3217
4205605,SC,Galvão,GALVAO,2016,3137
4205605,SC,Galvão,GALVAO,2017,3058
4205605,SC,Galvão,GALVAO,2018,2956
4205605,SC,Galvão,GALVAO,2019,2873
4205605,SC,Galvão,GALVAO,2020,2791
4205605,SC,Galvão,GALVAO,2021,2711
4205704,SC,Garopaba,GAROPABA,2013,20024
4205704,SC,Garopaba,GAROPABA,2014,20545
4205704,SC,Garopaba,GAROPABA,2015,21061
4205704,SC,Garopaba,GAROPABA,2016,21573
4205704,SC,Garopaba,GAROPABA,2017,22082
4205704,SC,Garopaba,GAROPABA,2018,22568
4205704,SC,Garopaba,GAROPABA,2019,23078
4205704,SC,Garopaba,GAROPABA,2020,23579
4205704,SC,Garopaba,GAROPABA,2021,24070
4205803,SC,Garuva,GARUVA,2013,16081
4205803,SC,Garuva,GARUVA,2014,16435
4205803,SC,Garuva,GARUVA,2015,16786
4205803,SC,Garuva,GARUVA,2016,17134
4205803,SC,Garuva,GARUVA,2017,17479
4205803,SC,Garuva,GARUVA,2018,17800
4205803,SC,Garuva,GARUVA,2019,18145
4205803,SC,Garuva,GARUVA,2020,18484
4205803,SC,Garuva,GARUVA,2021,18816
4205902,SC,Gaspar,GASPAR,2013,62618
4205902,SC,Gaspar,GASPAR,2014,63826
4205902,SC,Gaspar,GASPAR,2015,65024
4205902,SC,Gaspar,GASPAR,2016,66213
4205902,SC,Gaspar,GASPAR,2017,67392
4205902,SC,Gaspar,GASPAR,2018,68465
4205902,SC,Gaspar,GASPAR,2019,69639
4205902,SC,Gaspar,GASPAR,2020,70793
4205902,SC,Gaspar,GASPAR,2021,71925
4206009,SC,Governador Celso Ramos,GOVERNADOR CELSO RAMOS,2013,13655
4206009,SC,Governador Celso Ramos,GOVERNADOR CELSO RAMOS,2014,13801
4206009,SC,Governador Celso Ramos,GOVERNADOR CELSO RAMOS,2015,13944
4206009,SC,Governador Celso Ramos,GOVERNADOR CELSO RAMOS,2016,14087
4206009,SC,Governador Celso Ramos,GOVERNADOR CELSO RAMOS,2017,14229
4206009,SC,Governador Celso Ramos,GOVERNADOR CELSO RAMOS,2018,14333
4206009,SC,Governador Celso Ramos,GOVERNADOR CELSO RAMOS,2019,14471
4206009,SC,Governador Celso Ramos,GOVERNADOR CELSO RAMOS,2020,14606
4206009,SC,Governador Celso Ramos,GOVERNADOR CELSO RAMOS,2021,14739
4206108,SC,Grão-Pará,GRAO-PARA,2013,6418
4206108,SC,Grão-Pará,GRAO-PARA,2014,6448
4206108,SC,Grão-Pará,GRAO-PARA,2015,6478
4206108,SC,Grão-Pará,GRAO-PARA,2016,6507
4206108,SC,Grão-Pará,GRAO-PARA,2017,6537
4206108,SC,Grão-Pará,GRAO-PARA,2018,6542
4206108,SC,Grão-Pará,GRAO-PARA,2019,6569
4206108,SC,Grão-Pará,GRAO-PARA,2020,6595
4206108,SC,Grão-Pará,GRAO-PARA,2021,6621
4206207,SC,Gravatal,GRAVATAL,2013,11064
4206207,SC,Gravatal,GRAVATAL,2014,11148
4206207,SC,Gravatal,GRAVATAL,2015,11231
4206207,SC,Gravatal,GRAVATAL,2016,11313
4206207,SC,Gravatal,GRAVATAL,2017,11394
4206207,SC,Gravatal,GRAVATAL,2018,11423
4206207,SC,Gravatal,GRAVATAL,2019,11501
4206207,SC,Gravatal,GRAVATAL,2020,11577
4206207,SC,Gravatal,GRAVATAL,2021,11652
4206306,SC,Guabiruba,GUABIRUBA,2013,20474
4206306,SC,Guabiruba,GUABIRUBA,2014,21046
4206306,SC,Guabiruba,GUABIRUBA,2015,21612
4206306,SC,Guabiruba,GUABIRUBA,2016,22174
4206306,SC,Guabiruba,GUABIRUBA,2017,22732
4206306,SC,Guabiruba,GUABIRUBA,2018,23272
4206306,SC,Guabiruba,GUABIRUBA,2019,23832
4206306,SC,Guabiruba,GUABIRUBA,2020,24382
4206306,SC,Guabiruba,GUABIRUBA,2021,24922
4206405,SC,Guaraciaba,GUARACIABA,2013,10492
4206405,SC,Guaraciaba,GUARACIABA,2014,10433
4206405,SC,Guaraciaba,GUARACIABA,2015,10374
4206405,SC,Guaraciaba,GUARACIABA,2016,10316
4206405,SC,Guaraciaba,GUARACIABA,2017,10259
4206405,SC,Guaraciaba,GUARACIABA,2018,10154
4206405,SC,Guaraciaba,GUARACIABA,2019,10090
4206405,SC,Guaraciaba,GUARACIABA,2020,10026
4206405,SC,Guaraciaba,GUARACIABA,2021,9964
4206504,SC,Guaramirim,GUARAMIRIM,2013,38851
4206504,SC,Guaramirim,GUARAMIRIM,2014,39869
4206504,SC,Guaramirim,GUARAMIRIM,2015,40878
4206504,SC,Guaramirim,GUARAMIRIM,2016,41879
4206504,SC,Guaramirim,GUARAMIRIM,2017,42872
4206504,SC,Guaramirim,GUARAMIRIM,2018,43822
4206504,SC,Guaramirim,GUARAMIRIM,2019,44819
4206504,SC,Guaramirim,GUARAMIRIM,2020,45797
4206504,SC,Guaramirim,GUARAMIRIM,2021,46757
4206603,SC,Guarujá do Sul,GUARUJA DO SUL,2013,5054
4206603,SC,Guarujá do Sul,GUARUJA DO SUL,2014,5076
4206603,SC,Guarujá do Sul,GUARUJA DO SUL,2015,5097
4206603,SC,Guarujá do Sul,GUARUJA DO SUL,2016,5118
4206603,SC,Guarujá do Sul,GUARUJA DO SUL,2017,5139
4206603,SC,Guarujá do Sul,GUARUJA DO SUL,2018,5141
4206603,SC,Guarujá do Sul,GUARUJA DO SUL,2019,5160
4206603,SC,Guarujá do Sul,GUARUJA DO SUL,2020,5178
4206603,SC,Guarujá do Sul,GUARUJA DO SUL,2021,5196
4206652,SC,Guatambú,GUATAMBU,2013,4746
4206652,SC,Guatambú,GUATAMBU,2014,4743
4206652,SC,Guatambú,GUATAMBU,2015,4739
4206652,SC,Guatambú,GUATAMBU,2016,4736
4206652,SC,Guatambú,GUATAMBU,2017,4733
4206652,SC,Guatambú,GUATAMBU,2018,4710
4206652,SC,Guatambú,GUATAMBU,2019,4704
4206652,SC,Guatambú,GUATAMBU,2020,4698
4206652,SC,Guatambú,GUATAMBU,2021,4692
4206702,SC,Herval d'Oeste,HERVAL D OESTE,2013,21961
4206702,SC,Herval d'Oeste,HERVAL D OESTE,2014,22083
4206702,SC,Herval d'Oeste,HERVAL D OESTE,2015,22204
4206702,SC,Herval d'Oeste,HERVAL D OESTE,2016,22324
4206702,SC,Herval d'Oeste,HERVAL D OESTE,2017,22443
4206702,SC,Herval d'Oeste,HERVAL D OESTE,2018,22495
4206702,SC,Herval d'Oeste,HERVAL D OESTE,2019,22606
4206702,SC,Herval d'Oeste,HERVAL D OESTE,2020,22714
4206702,SC,Herval d'Oeste,HERVAL D OESTE,2021,22820
4206751,SC,Ibiam,IBIAM,2013,1973
4206751,SC,Ibiam,IBIAM,2014,1971
4206751,SC,Ibiam,IBIAM,2015,1970
4206751,SC,Ibiam,IBIAM,2016,1968
4206751,SC,Ibiam,IBIAM,2017,1967
4206751,SC,Ibiam,IBIAM,2018,1959
4206751,SC,Ibiam,IBIAM,2019,1957
4206751,SC,Ibiam,IBIAM,2020,1954
4206751,SC,Ibiam,IBIAM,2021,1952
4206801,SC,Ibicaré,IBICARE,2013,3359
4206801,SC,Ibicaré,IBICARE,2014,3336
4206801,SC,Ibicaré,IBICARE,2015,3313
4206801,SC,Ibicaré,IBICARE,2016,3290
4206801,SC,Ibicaré,IBICARE,2017,3268
4206801,SC,Ibicaré,IBICARE,2018,3227
4206801,SC,Ibicaré,IBICARE,2019,3202
4206801,SC,Ibicaré,IBICARE,2020,3178
4206801,SC,Ibicaré,IBICARE,2021,3154
4206900,SC,Ibirama,IBIRAMA,2013,18097
4206900,SC,Ibirama,IBIRAMA,2014,18255
4206900,SC,Ibirama,IBIRAMA,2015,18412
4206900,SC,Ibirama,IBIRAMA,2016,18567
4206900,SC,Ibirama,IBIRAMA,2017,18721
4206900,SC,Ibirama,IBIRAMA,2018,18802
4206900,SC,Ibirama,IBIRAMA,2019,18950
4206900,SC,Ibirama,IBIRAMA,2020,19096
4206900,SC,Ibirama,IBIRAMA,2021,19238
4207007,SC,Içara,ICARA,2013,51416
4207007,SC,Içara,ICARA,2014,52284
4207007,SC,Içara,ICARA,2015,53145
4207007,SC,Içara,ICARA,2016,53998
4207007,SC,Içara,ICARA,2017,54845
4207007,SC,Içara,ICARA,2018,55581
4207007,SC,Içara,ICARA,2019,56421
4207007,SC,Içara,ICARA,2020,57247
4207007,SC,Içara,ICARA,2021,58055
4207106,SC,Ilhota,ILHOTA,2013,13124
4207106,SC,Ilhota,ILHOTA,2014,13309
4207106,SC,Ilhota,ILHOTA,2015,13493
4207106,SC,Ilhota,ILHOTA,2016,13676
4207106,SC,Ilhota,ILHOTA,2017,13857
4207106,SC,Ilhota,ILHOTA,2018,14005
4207106,SC,Ilhota,ILHOTA,2019,14184
4207106,SC,Ilhota,ILHOTA,2020,14359
4207106,SC,Ilhota,ILHOTA,2021,14531
4207205,SC,Imaruí,IMARUI,2013,11301
4207205,SC,Imaruí,IMARUI,2014,11117
4207205,SC,Imaruí,IMARUI,2015,10933
4207205,SC,Imaruí,IMARUI,2016,10752
4207205,SC,Imaruí,IMARUI,2017,10571
4207205,SC,Imaruí,IMARUI,2018,10326
4207205,SC,Imaruí,IMARUI,2019,10135
4207205,SC,Imaruí,IMARUI,2020,9948
4207205,SC,Imaruí,IMARUI,2021,9764
4207304,SC,Imbituba,IMBITUBA,2013,42244
4207304,SC,Imbituba,IMBITUBA,2014,42708
4207304,SC,Imbituba,IMBITUBA,2015,43168
4207304,SC,Imbituba,IMBITUBA,2016,43624
4207304,SC,Imbituba,IMBITUBA,2017,44076
4207304,SC,Imbituba,IMBITUBA,2018,44412
4207304,SC,Imbituba,IMBITUBA,2019,44853
4207304,SC,Imbituba,IMBITUBA,2020,45286
4207304,SC,Imbituba,IMBITUBA,2021,45711
4207403,SC,Imbuia,IMBUIA,2013,5946
4207403,SC,Imbuia,IMBUIA,2014,5993
4207403,SC,Imbuia,IMBUIA,2015,6040
4207403,SC,Imbuia,IMBUIA,2016,6087
4207403,SC,Imbuia,IMBUIA,2017,6133
4207403,SC,Imbuia,IMBUIA,2018,6153
4207403,SC,Imbuia,IMBUIA,2019,6197
4207403,SC,Imbuia,IMBUIA,2020,6241
4207403,SC,Imbuia,IMBUIA,2021,6284
4207502,SC,Indaial,INDAIAL,2013,60433
4207502,SC,Indaial,INDAIAL,2014,61968
4207502,SC,Indaial,INDAIAL,2015,63489
4207502,SC,Indaial,INDAIAL,2016,65000
4207502,SC,Indaial,INDAIAL,2017,66497
4207502,SC,Indaial,INDAIAL,2018,67923
4207502,SC,Indaial,INDAIAL,2019,69425
4207502,SC,Indaial,INDAIAL,2020,70900
4207502,SC,Indaial,INDAIAL,2021,72346
4207577,SC,Iomerê,IOMERE,2013,2842
4207577,SC,Iomerê,IOMERE,2014,2861
4207577,SC,Iomerê,IOMERE,2015,2880
4207577,SC,Iomerê,IOMERE,2016,2899
4207577,SC,Iomerê,IOMERE,2017,2917
4207577,SC,Iomerê,IOMERE,2018,2927
4207577,SC,Iomerê,IOMERE,2019,2945
4207577,SC,Iomerê,IOMERE,2020,2962
4207577,SC,Iomerê,IOMERE,2021,2979
4207601,SC,Ipira,IPIRA,2013,4713
4207601,SC,Ipira,IPIRA,2014,4675
4207601,SC,Ipira,IPIRA,2015,4637
4207601,SC,Ipira,IPIRA,2016,4599
4207601,SC,Ipira,IPIRA,2017,4562
4207601,SC,Ipira,IPIRA,2018,4486
4207601,SC,Ipira,IPIRA,2019,4446
4207601,SC,Ipira,IPIRA,2020,4406
4207601,SC,Ipira,IPIRA,2021,4367
4207650,SC,Iporã do Oeste,IPORA DO OESTE,2013,8714
4207650,SC,Iporã do Oeste,IPORA DO OESTE,2014,8769
4207650,SC,Iporã do Oeste,IPORA DO OESTE,2015,8823
4207650,SC,Iporã do Oeste,IPORA DO OESTE,2016,8876
4207650,SC,Iporã do Oeste,IPORA DO OESTE,2017,8930
4207650,SC,Iporã do Oeste,IPORA DO OESTE,2018,8945
4207650,SC,Iporã do Oeste,IPORA DO OESTE,2019,8996
4207650,SC,Iporã do Oeste,IPORA DO OESTE,2020,9045
4207650,SC,Iporã do Oeste,IPORA DO OESTE,2021,9093
4207684,SC,Ipuaçu,IPUACU,2013,7123
4207684,SC,Ipuaçu,IPUACU,2014,7193
4207684,SC,Ipuaçu,IPUACU,2015,7262
4207684,SC,Ipuaçu,IPUACU,2016,7331
4207684,SC,Ipuaçu,IPUACU,2017,7400
4207684,SC,Ipuaçu,IPUACU,2018,7448
4207684,SC,Ipuaçu,IPUACU,2019,7514
4207684,SC,Ipuaçu,IPUACU,2020,7579
4207684,SC,Ipuaçu,IPUACU,2021,7643
4207700,SC,Ipumirim,IPUMIRIM,2013,7435
4207700,SC,Ipumirim,IPUMIRIM,2014,7467
4207700,SC,Ipumirim,IPUMIRIM,2015,7499
4207700,SC,Ipumirim,IPUMIRIM,2016,7530
4207700,SC,Ipumirim,IPUMIRIM,2017,7561
4207700,SC,Ipumirim,IPUMIRIM,2018,7565
4207700,SC,Ipumirim,IPUMIRIM,2019,7593
4207700,SC,Ipumirim,IPUMIRIM,2020,7620
4207700,SC,Ipumirim,IPUMIRIM,2021,7647
4207759,SC,Iraceminha,IRACEMINHA,2013,4212
4207759,SC,Iraceminha,IRACEMINHA,2014,4175
4207759,SC,Iraceminha,IRACEMINHA,2015,4139
4207759,SC,Iraceminha,IRACEMINHA,2016,4103
4207759,SC,Iraceminha,IRACEMINHA,2017,4067
4207759,SC,Iraceminha,IRACEMINHA,2018,4015
4207759,SC,Iraceminha,IRACEMINHA,2019,3976
4207759,SC,Iraceminha,IRACEMINHA,2020,3938
4207759,SC,Iraceminha,IRACEMINHA,2021,3901
4207809,SC,Irani,IRANI,2013,9948
4207809,SC,Irani,IRANI,2014,10033
4207809,SC,Irani,IRANI,2015,10118
4207809,SC,Irani,IRANI,2016,10202
4207809,SC,Irani,IRANI,2017,10285
4207809,SC,Irani,IRANI,2018,10339
4207809,SC,Irani,IRANI,2019,10419
4207809,SC,Irani,IRANI,2020,10498
4207809,SC,Irani,IRANI,2021,10575
4207858,SC,Irati,IRATI,2013,2067
4207858,SC,Irati,IRATI,2014,2046
4207858,SC,Irati,IRATI,2015,2025
4207858,SC,Irati,IRATI,2016,2004
4207858,SC,Irati,IRATI,2017,1984
4207858,SC,Irati,IRATI,2018,1952
4207858,SC,Irati,IRATI,2019,1930
4207858,SC,Irati,IRATI,2020,1909
4207858,SC,Irati,IRATI,2021,1887
4207908,SC,Irineópolis,IRINEOPOLIS,2013,10843
4207908,SC,Irineópolis,IRINEOPOLIS,2014,10916
4207908,SC,Irineópolis,IRINEOPOLIS,2015,10989
4207908,SC,Irineópolis,IRINEOPOLIS,2016,11061
4207908,SC,Irineópolis,IRINEOPOLIS,2017,11133
4207908,SC,Irineópolis,IRINEOPOLIS,2018,11155
4207908,SC,Irineópolis,IRINEOPOLIS,2019,11222
4207908,SC,Irineópolis,IRINEOPOLIS,2020,11289
4207908,SC,Irineópolis,IRINEOPOLIS,2021,11354
4208005,SC,Itá,ITA,2013,6420
4208005,SC,Itá,ITA,2014,6383
4208005,SC,Itá,ITA,2015,6347
4208005,SC,Itá,ITA,2016,6311
4208005,SC,Itá,ITA,2017,6275
4208005,SC,Itá,ITA,2018,6209
4208005,SC,Itá,ITA,2019,6169
4208005,SC,Itá,ITA,2020,6129
4208005,SC,Itá,ITA,2021,6091
4208104,SC,Itaiópolis,ITAIOPOLIS,2013,21015
4208104,SC,Itaiópolis,ITAIOPOLIS,2014,21139
4208104,SC,Itaiópolis,ITAIOPOLIS,2015,21263
4208104,SC,Itaiópolis,ITAIOPOLIS,2016,21385
4208104,SC,Itaiópolis,ITAIOPOLIS,2017,21506
4208104,SC,Itaiópolis,ITAIOPOLIS,2018,21556
4208104,SC,Itaiópolis,ITAIOPOLIS,2019,21669
4208104,SC,Itaiópolis,ITAIOPOLIS,2020,21780
4208104,SC,Itaiópolis,ITAIOPOLIS,2021,21889
4208203,SC,Itajaí,ITAJAI,2013,197809
4208203,SC,Itajaí,ITAJAI,2014,201557
4208203,SC,Itajaí,ITAJAI,2015,205271
4208203,SC,Itajaí,ITAJAI,2016,208958
4208203,SC,Itajaí,ITAJAI,2017,212615
4208203,SC,Itajaí,ITAJAI,2018,215895
4208203,SC,Itajaí,ITAJAI,2019,219536
4208203,SC,Itajaí,ITAJAI,2020,223112
4208203,SC,Itajaí,ITAJAI,2021,226617
4208302,SC,Itapema,ITAPEMA,2013,52923
4208302,SC,Itapema,ITAPEMA,2014,55016
4208302,SC,Itapema,ITAPEMA,2015,57089
4208302,SC,Itapema,ITAPEMA,2016,59147
4208302,SC,Itapema,ITAPEMA,2017,61187
4208302,SC,Itapema,ITAPEMA,2018,63250
4208302,SC,Itapema,ITAPEMA,2019,65312
4208302,SC,Itapema,ITAPEMA,2020,67338
4208302,SC,Itapema,ITAPEMA,2021,69323
4208401,SC,Itapiranga,ITAPIRANGA,2013,16107
4208401,SC,Itapiranga,ITAPIRANGA,2014,16253
4208401,SC,Itapiranga,ITAPIRANGA,2015,16398
4208401,SC,Itapiranga,ITAPIRANGA,2016,16541
4208401,SC,Itapiranga,ITAPIRANGA,2017,16683
4208401,SC,Itapiranga,ITAPIRANGA,2018,16736
4208401,SC,Itapiranga,ITAPIRANGA,2019,16872
4208401,SC,Itapiranga,ITAPIRANGA,2020,17007
4208401,SC,Itapiranga,ITAPIRANGA,2021,17139
4208450,SC,Itapoá,ITAPOA,2013,16899
4208450,SC,Itapoá,ITAPOA,2014,17521
4208450,SC,Itapoá,ITAPOA,2015,18137
4208450,SC,Itapoá,ITAPOA,2016,18749
4208450,SC,Itapoá,ITAPOA,2017,19355
4208450,SC,Itapoá,ITAPOA,2018,19963
4208450,SC,Itapoá,ITAPOA,2019,20576
4208450,SC,Itapoá,ITAPOA,2020,21177
4208450,SC,Itapoá,ITAPOA,2021,21766
4208500,SC,Ituporanga,ITUPORANGA,2013,23490
4208500,SC,Ituporanga,ITUPORANGA,2014,23777
4208500,SC,Ituporanga,ITUPORANGA,2015,24061
4208500,SC,Ituporanga,ITUPORANGA,2016,24343
4208500,SC,Ituporanga,ITUPORANGA,2017,24622
4208500,SC,Ituporanga,ITUPORANGA,2018,24812
4208500,SC,Ituporanga,ITUPORANGA,2019,25086
4208500,SC,Ituporanga,ITUPORANGA,2020,25355
4208500,SC,Ituporanga,ITUPORANGA,2021,25619
4208609,SC,Jaborá,JABORA,2013,4057
4208609,SC,Jaborá,JABORA,2014,4040
4208609,SC,Jaborá,JABORA,2015,4023
4208609,SC,Jaborá,JABORA,2016,4006
4208609,SC,Jaborá,JABORA,2017,3990
4208609,SC,Jaborá,JABORA,2018,3955
4208609,SC,Jaborá,JABORA,2019,3936
4208609,SC,Jaborá,JABORA,2020,3918
4208609,SC,Jaborá,JABORA,2021,3899
4208708,SC,Jacinto Machado,JACINTO MACHADO,2013,10677
4208708,SC,Jacinto Machado,JACINTO MACHADO,2014,10642
4208708,SC,Jacinto Machado,JACINTO MACHADO,2015,10608
4208708,SC,Jacinto Machado,JACINTO MACHADO,2016,10573
4208708,SC,Jacinto Machado,JACINTO MACHADO,2017,10539
4208708,SC,Jacinto Machado,JACINTO MACHADO,2018,10457
4208708,SC,Jacinto Machado,JACINTO MACHADO,2019,10416
4208708,SC,Jacinto Machado,JACINTO MACHADO,2020,10376
4208708,SC,Jacinto Machado,JACINTO MACHADO,2021,10337
4208807,SC,Jaguaruna,JAGUARUNA,2013,18425
4208807,SC,Jaguaruna,JAGUARUNA,2014,18704
4208807,SC,Jaguaruna,JAGUARUNA,2015,18980
4208807,SC,Jaguaruna,JAGUARUNA,2016,19254
4208807,SC,Jaguaruna,JAGUARUNA,2017,19527
4208807,SC,Jaguaruna,JAGUARUNA,2018,19755
4208807,SC,Jaguaruna,JAGUARUNA,2019,20024
4208807,SC,Jaguaruna,JAGUARUNA,2020,20288
4208807,SC,Jaguaruna,JAGUARUNA,2021,20547
4208906,SC,Jaraguá do Sul,JARAGUA DO SUL,2013,156519
4208906,SC,Jaraguá do Sul,JARAGUA DO SUL,2014,160143
4208906,SC,Jaraguá do Sul,JARAGUA DO SUL,2015,163735
4208906,SC,Jaraguá do Sul,JARAGUA DO SUL,2016,167300
4208906,SC,Jaraguá do Sul,JARAGUA DO SUL,2017,170835
4208906,SC,Jaraguá do Sul,JARAGUA DO SUL,2018,174158
4208906,SC,Jaraguá do Sul,JARAGUA DO SUL,2019,177697
4208906,SC,Jaraguá do Sul,JARAGUA DO SUL,2020,181173
4208906,SC,Jaraguá do Sul,JARAGUA DO SUL,2021,184579
4208955,SC,Jardinópolis,JARDINOPOLIS,2013,1721
4208955,SC,Jardinópolis,JARDINOPOLIS,2014,1697
4208955,SC,Jardinópolis,JARDINOPOLIS,2015,1672
4208955,SC,Jardinópolis,JARDINOPOLIS,2016,1649
4208955,SC,Jardinópolis,JARDINOPOLIS,2017,1625
4208955,SC,Jardinópolis,JARDINOPOLIS,2018,1595
4208955,SC,Jardinópolis,JARDINOPOLIS,2019,1570
4208955,SC,Jardinópolis,JARDINOPOLIS,2020,1546
4208955,SC,Jardinópolis,JARDINOPOLIS,2021,1520
4209003,SC,Joaçaba,JOACABA,2013,28398
4209003,SC,Joaçaba,JOACABA,2014,28705
4209003,SC,Joaçaba,JOACABA,2015,29008
4209003,SC,Joaçaba,JOACABA,2016,29310
4209003,SC,Joaçaba,JOACABA,2017,29608
4209003,SC,Joaçaba,JOACABA,2018,29827
4209003,SC,Joaçaba,JOACABA,2019,30118
4209003,SC,Joaçaba,JOACABA,2020,30404
4209003,SC,Joaçaba,JOACABA,2021,30684
4209102,SC,Joinville,JOINVILLE,2013,546981
4209102,SC,Joinville,JOINVILLE,2014,554601
4209102,SC,Joinville,JOINVILLE,2015,562151
4209102,SC,Joinville,JOINVILLE,2016,569645
4209102,SC,Joinville,JOINVILLE,2017,577077
4209102,SC,Joinville,JOINVILLE,2018,583144
4209102,SC,Joinville,JOINVILLE,2019,590466
4209102,SC,Joinville,JOINVILLE,2020,597658
4209102,SC,Joinville,JOINVILLE,2021,604708
4209151,SC,José Boiteux,JOSE BOITEUX,2013,4837
4209151,SC,José Boiteux,JOSE BOITEUX,2014,4850
4209151,SC,José Boiteux,JOSE BOITEUX,2015,4862
4209151,SC,José Boiteux,JOSE BOITEUX,2016,4874
4209151,SC,José Boiteux,JOSE BOITEUX,2017,4887
4209151,SC,José Boiteux,JOSE BOITEUX,2018,4985
4209151,SC,José Boiteux,JOSE BOITEUX,2019,4997
4209151,SC,José Boiteux,JOSE BOITEUX,2020,5007
4209151,SC,José Boiteux,JOSE BOITEUX,2021,5019
4209177,SC,Jupiá,JUPIA,2013,2158
4209177,SC,Jupiá,JUPIA,2014,2150
4209177,SC,Jupiá,JUPIA,2015,2142
4209177,SC,Jupiá,JUPIA,2016,2134
4209177,SC,Jupiá,JUPIA,2017,2127
4209177,SC,Jupiá,JUPIA,2018,2110
4209177,SC,Jupiá,JUPIA,2019,2101
4209177,SC,Jupiá,JUPIA,2020,2092
4209177,SC,Jupiá,JUPIA,2021,2083
4209201,SC,Lacerdópolis,LACERDOPOLIS,2013,2242
4209201,SC,Lacerdópolis,LACERDOPOLIS,2014,2244
4209201,SC,Lacerdópolis,LACERDOPOLIS,2015,2246
4209201,SC,Lacerdópolis,LACERDOPOLIS,2016,2249
4209201,SC,Lacerdópolis,LACERDOPOLIS,2017,2251
4209201,SC,Lacerdópolis,LACERDOPOLIS,2018,2245
4209201,SC,Lacerdópolis,LACERDOPOLIS,2019,2246
4209201,SC,Lacerdópolis,LACERDOPOLIS,2020,2247
4209201,SC,Lacerdópolis,LACERDOPOLIS,2021,2248
4209300,SC,Lages,LAGES,2013,158961
4209300,SC,Lages,LAGES,2014,158846
4209300,SC,Lages,LAGES,2015,158732
4209300,SC,Lages,LAGES,2016,158620
4209300,SC,Lages,LAGES,2017,158508
4209300,SC,Lages,LAGES,2018,157743
4209300,SC,Lages,LAGES,2019,157544
4209300,SC,Lages,LAGES,2020,157349
4209300,SC,Lages,LAGES,2021,157158
4209409,SC,Laguna,LAGUNA,2013,43979
4209409,SC,Laguna,LAGUNA,2014,44316
4209409,SC,Laguna,LAGUNA,2015,44650
4209409,SC,Laguna,LAGUNA,2016,44982
4209409,SC,Laguna,LAGUNA,2017,45311
4209409,SC,Laguna,LAGUNA,2018,45500
4209409,SC,Laguna,LAGUNA,2019,45814
4209409,SC,Laguna,LAGUNA,2020,46122
4209409,SC,Laguna,LAGUNA,2021,46424
4209458,SC,Lajeado Grande,LAJEADO GRANDE,2013,1488
4209458,SC,Lajeado Grande,LAJEADO GRANDE,2014,1479
4209458,SC,Lajeado Grande,LAJEADO GRANDE,2015,1470
4209458,SC,Lajeado Grande,LAJEADO GRANDE,2016,1461
4209458,SC,Lajeado Grande,LAJEADO GRANDE,2017,1453
4209458,SC,Lajeado Grande,LAJEADO GRANDE,2018,1437
4209458,SC,Lajeado Grande,LAJEADO GRANDE,2019,1427
4209458,SC,Lajeado Grande,LAJEADO GRANDE,2020,1418
4209458,SC,Lajeado Grande,LAJEADO GRANDE,2021,1408
4209508,SC,Laurentino,LAURENTINO,2013,6402
4209508,SC,Laurentino,LAURENTINO,2014,6500
4209508,SC,Laurentino,LAURENTINO,2015,6598
4209508,SC,Laurentino,LAURENTINO,2016,6694
4209508,SC,Laurentino,LAURENTINO,2017,6790
4209508,SC,Laurentino,LAURENTINO,2018,6875
4209508,SC,Laurentino,LAURENTINO,2019,6970
4209508,SC,Laurentino,LAURENTINO,2020,7063
4209508,SC,Laurentino,LAURENTINO,2021,7154
4209607,SC,Lauro Müller,LAURO MULLER,2013,14841
4209607,SC,Lauro Müller,LAURO MULLER,2014,14919
4209607,SC,Lauro Müller,LAURO MULLER,2015,14996
4209607,SC,Lauro Müller,LAURO MULLER,2016,15073
4209607,SC,Lauro Müller,LAURO MULLER,2017,15149
4209607,SC,Lauro Müller,LAURO MULLER,2018,15174
4209607,SC,Lauro Müller,LAURO MULLER,2019,15244
4209607,SC,Lauro Müller,LAURO MULLER,2020,15313
4209607,SC,Lauro Müller,LAURO MULLER,2021,15380
4209706,SC,Lebon Régis,LEBON REGIS,2013,12077
4209706,SC,Lebon Régis,LEBON REGIS,2014,12091
4209706,SC,Lebon Régis,LEBON REGIS,2015,12105
4209706,SC,Lebon Régis,LEBON REGIS,2016,12119
4209706,SC,Lebon Régis,LEBON REGIS,2017,12133
4209706,SC,Lebon Régis,LEBON REGIS,2018,12099
4209706,SC,Lebon Régis,LEBON REGIS,2019,12107
4209706,SC,Lebon Régis,LEBON REGIS,2020,12115
4209706,SC,Lebon Régis,LEBON REGIS,2021,12122
4209805,SC,Leoberto Leal,LEOBERTO LEAL,2013,3298
4209805,SC,Leoberto Leal,LEOBERTO LEAL,2014,3258
4209805,SC,Leoberto Leal,LEOBERTO LEAL,2015,3218
4209805,SC,Leoberto Leal,LEOBERTO LEAL,2016,3179
4209805,SC,Leoberto Leal,LEOBERTO LEAL,2017,3140
4209805,SC,Leoberto Leal,LEOBERTO LEAL,2018,3083
4209805,SC,Leoberto Leal,LEOBERTO LEAL,2019,3041
4209805,SC,Leoberto Leal,LEOBERTO LEAL,2020,3000
4209805,SC,Leoberto Leal,LEOBERTO LEAL,2021,2960
4209854,SC,Lindóia do Sul,LINDOIA DO SUL,2013,4674
4209854,SC,Lindóia do Sul,LINDOIA DO SUL,2014,4659
4209854,SC,Lindóia do Sul,LINDOIA DO SUL,2015,4644
4209854,SC,Lindóia do Sul,LINDOIA DO SUL,2016,4630
4209854,SC,Lindóia do Sul,LINDOIA DO SUL,2017,4615
4209854,SC,Lindóia do Sul,LINDOIA DO SUL,2018,4580
4209854,SC,Lindóia do Sul,LINDOIA DO SUL,2019,4563
4209854,SC,Lindóia do Sul,LINDOIA DO SUL,2020,4546
4209854,SC,Lindóia do Sul,LINDOIA DO SUL,2021,4530
4209904,SC,Lontras,LONTRAS,2013,11005
4209904,SC,Lontras,LONTRAS,2014,11200
4209904,SC,Lontras,LONTRAS,2015,11393
4209904,SC,Lontras,LONTRAS,2016,11584
4209904,SC,Lontras,LONTRAS,2017,11774
4209904,SC,Lontras,LONTRAS,2018,11942
4209904,SC,Lontras,LONTRAS,2019,12130
4209904,SC,Lontras,LONTRAS,2020,12315
4209904,SC,Lontras,LONTRAS,2021,12497
4210001,SC,Luiz Alves,LUIZ ALVES,2013,11395
4210001,SC,Luiz Alves,LUIZ ALVES,2014,11653
4210001,SC,Luiz Alves,LUIZ ALVES,2015,11908
4210001,SC,Luiz Alves,LUIZ ALVES,2016,12162
4210001,SC,Luiz Alves,LUIZ ALVES,2017,12413
4210001,SC,Luiz Alves,LUIZ ALVES,2018,12609
4210001,SC,Luiz Alves,LUIZ ALVES,2019,12859
4210001,SC,Luiz Alves,LUIZ ALVES,2020,13107
4210001,SC,Luiz Alves,LUIZ ALVES,2021,13347
4210035,SC,Luzerna,LUZERNA,2013,5698
4210035,SC,Luzerna,LUZERNA,2014,5700
4210035,SC,Luzerna,LUZERNA,2015,5701
4210035,SC,Luzerna,LUZERNA,2016,5703
4210035,SC,Luzerna,LUZERNA,2017,5705
4210035,SC,Luzerna,LUZERNA,2018,5686
4210035,SC,Luzerna,LUZERNA,2019,5685
4210035,SC,Luzerna,LUZERNA,2020,5684
4210035,SC,Luzerna,LUZERNA,2021,5683
4210050,SC,Macieira,MACIEIRA,2013,1831
4210050,SC,Macieira,MACIEIRA,2014,1823
4210050,SC,Macieira,MACIEIRA,2015,1815
4210050,SC,Macieira,MACIEIRA,2016,1807
4210050,SC,Macieira,MACIEIRA,2017,1799
4210050,SC,Macieira,MACIEIRA,2018,1784
4210050,SC,Macieira,MACIEIRA,2019,1775
4210050,SC,Macieira,MACIEIRA,2020,1766
4210050,SC,Macieira,MACIEIRA,2021,1757
4210100,SC,Mafra,MAFRA,2013,54708
4210100,SC,Mafra,MAFRA,2014,55012
4210100,SC,Mafra,MAFRA,2015,55313
4210100,SC,Mafra,MAFRA,2016,55611
4210100,SC,Mafra,MAFRA,2017,55907
4210100,SC,Mafra,MAFRA,2018,56017
4210100,SC,Mafra,MAFRA,2019,56292
4210100,SC,Mafra,MAFRA,2020,56561
4210100,SC,Mafra,MAFRA,2021,56825
4210209,SC,Major Gercino,MAJOR GERCINO,2013,3375
4210209,SC,Major Gercino,MAJOR GERCINO,2014,3389
4210209,SC,Major Gercino,MAJOR GERCINO,2015,3402
4210209,SC,Major Gercino,MAJOR GERCINO,2016,3416
4210209,SC,Major Gercino,MAJOR GERCINO,2017,3429
4210209,SC,Major Gercino,MAJOR GERCINO,2018,3430
4210209,SC,Major Gercino,MAJOR GERCINO,2019,3442
4210209,SC,Major Gercino,MAJOR GERCINO,2020,3454
4210209,SC,Major Gercino,MAJOR GERCINO,2021,3465
4210308,SC,Major Vieira,MAJOR VIEIRA,2013,7782
4210308,SC,Major Vieira,MAJOR VIEIRA,2014,7841
4210308,SC,Major Vieira,MAJOR VIEIRA,2015,7899
4210308,SC,Major Vieira,MAJOR VIEIRA,2016,7957
4210308,SC,Major Vieira,MAJOR VIEIRA,2017,8015
4210308,SC,Major Vieira,MAJOR VIEIRA,2018,8048
4210308,SC,Major Vieira,MAJOR VIEIRA,2019,8103
4210308,SC,Major Vieira,MAJOR VIEIRA,2020,8156
4210308,SC,Major Vieira,MAJOR VIEIRA,2021,8209
4210407,SC,Maracajá,MARACAJA,2013,6784
4210407,SC,Maracajá,MARACAJA,2014,6873
4210407,SC,Maracajá,MARACAJA,2015,6963
4210407,SC,Maracajá,MARACAJA,2016,7051
4210407,SC,Maracajá,MARACAJA,2017,7139
4210407,SC,Maracajá,MARACAJA,2018,7207
4210407,SC,Maracajá,MARACAJA,2019,7293
4210407,SC,Maracajá,MARACAJA,2020,7378
4210407,SC,Maracajá,MARACAJA,2021,7461
4210506,SC,Maravilha,MARAVILHA,2013,23602
4210506,SC,Maravilha,MARAVILHA,2014,23975
4210506,SC,Maravilha,MARAVILHA,2015,24345
4210506,SC,Maravilha,MARAVILHA,2016,24712
4210506,SC,Maravilha,MARAVILHA,2017,25076
4210506,SC,Maravilha,MARAVILHA,2018,25403
4210506,SC,Maravilha,MARAVILHA,2019,25762
4210506,SC,Maravilha,MARAVILHA,2020,26116
4210506,SC,Maravilha,MARAVILHA,2021,26463
4210555,SC,Marema,MAREMA,2013,2094
4210555,SC,Marema,MAREMA,2014,2046
4210555,SC,Marema,MAREMA,2015,1999
4210555,SC,Marema,MAREMA,2016,1952
4210555,SC,Marema,MAREMA,2017,1906
4210555,SC,Marema,MAREMA,2018,1846
4210555,SC,Marema,MAREMA,2019,1797
4210555,SC,Marema,MAREMA,2020,1750
4210555,SC,Marema,MAREMA,2021,1703
4210605,SC,Massaranduba,MASSARANDUBA,2013,15586
4210605,SC,Massaranduba,MASSARANDUBA,2014,15806
4210605,SC,Massaranduba,MASSARANDUBA,2015,16024
4210605,SC,Massaranduba,MASSARANDUBA,2016,16240
4210605,SC,Massaranduba,MASSARANDUBA,2017,16455
4210605,SC,Massaranduba,MASSARANDUBA,2018,16704
4210605,SC,Massaranduba,MASSARANDUBA,2019,16916
4210605,SC,Massaranduba,MASSARANDUBA,2020,17125
4210605,SC,Massaranduba,MASSARANDUBA,2021,17330
4210704,SC,Matos Costa,MATOS COSTA,2013,2767
4210704,SC,Matos Costa,MATOS COSTA,2014,2729
4210704,SC,Matos Costa,MATOS COSTA,2015,2690
4210704,SC,Matos Costa,MATOS COSTA,2016,2652
4210704,SC,Matos Costa,MATOS COSTA,2017,2614
4210704,SC,Matos Costa,MATOS COSTA,2018,2560
4210704,SC,Matos Costa,MATOS COSTA,2019,2520
4210704,SC,Matos Costa,MATOS COSTA,2020,2480
4210704,SC,Matos Costa,MATOS COSTA,2021,2442
4210803,SC,Meleiro,MELEIRO,2013,7085
4210803,SC,Meleiro,MELEIRO,2014,7076
4210803,SC,Meleiro,MELEIRO,2015,7066
4210803,SC,Meleiro,MELEIRO,2016,7056
4210803,SC,Meleiro,MELEIRO,2017,7047
4210803,SC,Meleiro,MELEIRO,2018,7028
4210803,SC,Meleiro,MELEIRO,2019,7015
4210803,SC,Meleiro,MELEIRO,2020,7001
4210803,SC,Meleiro,MELEIRO,2021,6989
4210852,SC,Mirim Doce,MIRIM DOCE,2013,2476
4210852,SC,Mirim Doce,MIRIM DOCE,2014,2450
4210852,SC,Mirim Doce,MIRIM DOCE,2015,2424
4210852,SC,Mirim Doce,MIRIM DOCE,2016,2399
4210852,SC,Mirim Doce,MIRIM DOCE,2017,2374
4210852,SC,Mirim Doce,MIRIM DOCE,2018,2336
4210852,SC,Mirim Doce,MIRIM DOCE,2019,2309
4210852,SC,Mirim Doce,MIRIM DOCE,2020,2283
4210852,SC,Mirim Doce,MIRIM DOCE,2021,2257
4210902,SC,Modelo,MODELO,2013,4147
4210902,SC,Modelo,MODELO,2014,4158
4210902,SC,Modelo,MODELO,2015,4169
4210902,SC,Modelo,MODELO,2016,4181
4210902,SC,Modelo,MODELO,2017,4192
4210902,SC,Modelo,MODELO,2018,4200
4210902,SC,Modelo,MODELO,2019,4209
4210902,SC,Modelo,MODELO,2020,4218
4210902,SC,Modelo,MODELO,2021,4227
4211009,SC,Mondaí,MONDAI,2013,10877
4211009,SC,Mondaí,MONDAI,2014,11034
4211009,SC,Mondaí,MONDAI,2015,11189
4211009,SC,Mondaí,MONDAI,2016,11343
4211009,SC,Mondaí,MONDAI,2017,11496
4211009,SC,Mondaí,MONDAI,2018,11592
4211009,SC,Mondaí,MONDAI,2019,11742
4211009,SC,Mondaí,MONDAI,2020,11889
4211009,SC,Mondaí,MONDAI,2021,12034
4211058,SC,Monte Carlo,MONTE CARLO,2013,9604
4211058,SC,Monte Carlo,MONTE CARLO,2014,9650
4211058,SC,Monte Carlo,MONTE CARLO,2015,9695
4211058,SC,Monte Carlo,MONTE CARLO,2016,9740
4211058,SC,Monte Carlo,MONTE CARLO,2017,9785
4211058,SC,Monte Carlo,MONTE CARLO,2018,9824
4211058,SC,Monte Carlo,MONTE CARLO,2019,9866
4211058,SC,Monte Carlo,MONTE CARLO,2020,9906
4211058,SC,Monte Carlo,MONTE CARLO,2021,9945
4211108,SC,Monte Castelo,MONTE CASTELO,2013,8478
4211108,SC,Monte Castelo,MONTE CASTELO,2014,8476
4211108,SC,Monte Castelo,MONTE CASTELO,2015,8475
4211108,SC,Monte Castelo,MONTE CASTELO,2016,8473
4211108,SC,Monte Castelo,MONTE CASTELO,2017,8471
4211108,SC,Monte Castelo,MONTE CASTELO,2018,8280
4211108,SC,Monte Castelo,MONTE CASTELO,2019,8275
4211108,SC,Monte Castelo,MONTE CASTELO,2020,8269
4211108,SC,Monte Castelo,MONTE CASTELO,2021,8263
4211207,SC,Morro da Fumaça,MORRO DA FUMACA,2013,16888
4211207,SC,Morro da Fumaça,MORRO DA FUMACA,2014,17052
4211207,SC,Morro da Fumaça,MORRO DA FUMACA,2015,17213
4211207,SC,Morro da Fumaça,MORRO DA FUMACA,2016,17373
4211207,SC,Morro da Fumaça,MORRO DA FUMACA,2017,17532
4211207,SC,Morro da Fumaça,MORRO DA FUMACA,2018,17642
4211207,SC,Morro da Fumaça,MORRO DA FUMACA,2019,17796
4211207,SC,Morro da Fumaça,MORRO DA FUMACA,2020,17947
4211207,SC,Morro da Fumaça,MORRO DA FUMACA,2021,18095
4211256,SC,Morro Grande,MORRO GRANDE,2013,2928
4211256,SC,Morro Grande,MORRO GRANDE,2014,2925
4211256,SC,Morro Grande,MORRO GRANDE,2015,2921
4211256,SC,Morro Grande,MORRO GRANDE,2016,2918
4211256,SC,Morro Grande,MORRO GRANDE,2017,2915
4211256,SC,Morro Grande,MORRO GRANDE,2018,2898
4211256,SC,Morro Grande,MORRO GRANDE,2019,2893
4211256,SC,Morro Grande,MORRO GRANDE,2020,2888
4211256,SC,Morro Grande,MORRO GRANDE,2021,2884
4211306,SC,Navegantes,NAVEGANTES,2013,68337
4211306,SC,Navegantes,NAVEGANTES,2014,70565
4211306,SC,Navegantes,NAVEGANTES,2015,72772
4211306,SC,Navegantes,NAVEGANTES,2016,74964
4211306,SC,Navegantes,NAVEGANTES,2017,77137
4211306,SC,Navegantes,NAVEGANTES,2018,79285
4211306,SC,Navegantes,NAVEGANTES,2019,81475
4211306,SC,Navegantes,NAVEGANTES,2020,83626
4211306,SC,Navegantes,NAVEGANTES,2021,85734
4211405,SC,Nova Erechim,NOVA ERECHIM,2013,4577
4211405,SC,Nova Erechim,NOVA ERECHIM,2014,4654
4211405,SC,Nova Erechim,NOVA ERECHIM,2015,4729
4211405,SC,Nova Erechim,NOVA ERECHIM,2016,4804
4211405,SC,Nova Erechim,NOVA ERECHIM,2017,4879
4211405,SC,Nova Erechim,NOVA ERECHIM,2018,4945
4211405,SC,Nova Erechim,NOVA ERECHIM,2019,5019
4211405,SC,Nova Erechim,NOVA ERECHIM,2020,5092
4211405,SC,Nova Erechim,NOVA ERECHIM,2021,5163
4211454,SC,Nova Itaberaba,NOVA ITABERABA,2013,4338
4211454,SC,Nova Itaberaba,NOVA ITABERABA,2014,4338
4211454,SC,Nova Itaberaba,NOVA ITABERABA,2015,4339
4211454,SC,Nova Itaberaba,NOVA ITABERABA,2016,4339
4211454,SC,Nova Itaberaba,NOVA ITABERABA,2017,4339
4211454,SC,Nova Itaberaba,NOVA ITABERABA,2018,4333
4211454,SC,Nova Itaberaba,NOVA ITABERABA,2019,4331
4211454,SC,Nova Itaberaba,NOVA ITABERABA,2020,4329
4211454,SC,Nova Itaberaba,NOVA ITABERABA,2021,4327
4211504,SC,Nova Trento,NOVA TRENTO,2013,13135
4211504,SC,Nova Trento,NOVA TRENTO,2014,13379
4211504,SC,Nova Trento,NOVA TRENTO,2015,13621
4211504,SC,Nova Trento,NOVA TRENTO,2016,13861
4211504,SC,Nova Trento,NOVA TRENTO,2017,14099
4211504,SC,Nova Trento,NOVA TRENTO,2018,14312
4211504,SC,Nova Trento,NOVA TRENTO,2019,14549
4211504,SC,Nova Trento,NOVA TRENTO,2020,14782
4211504,SC,Nova Trento,NOVA TRENTO,2021,15010
4211603,SC,Nova Veneza,NOVA VENEZA,2013,14098
4211603,SC,Nova Veneza,NOVA VENEZA,2014,14285
4211603,SC,Nova Veneza,NOVA VENEZA,2015,14470
4211603,SC,Nova Veneza,NOVA VENEZA,2016,14654
4211603,SC,Nova Veneza,NOVA VENEZA,2017,14837
4211603,SC,Nova Veneza,NOVA VENEZA,2018,14987
4211603,SC,Nova Veneza,NOVA VENEZA,2019,15166
4211603,SC,Nova Veneza,NOVA VENEZA,2020,15342
4211603,SC,Nova Veneza,NOVA VENEZA,2021,15515
4211652,SC,Novo Horizonte,NOVO HORIZONTE,2013,2681
4211652,SC,Novo Horizonte,NOVO HORIZONTE,2014,2643
4211652,SC,Novo Horizonte,NOVO HORIZONTE,2015,2606
4211652,SC,Novo Horizonte,NOVO HORIZONTE,2016,2569
4211652,SC,Novo Horizonte,NOVO HORIZONTE,2017,2532
4211652,SC,Novo Horizonte,NOVO HORIZONTE,2018,2481
4211652,SC,Novo Horizonte,NOVO HORIZONTE,2019,2442
4211652,SC,Novo Horizonte,NOVO HORIZONTE,2020,2404
4211652,SC,Novo Horizonte,NOVO HORIZONTE,2021,2366
4211702,SC,Orleans,ORLEANS,2013,22171
4211702,SC,Orleans,ORLEANS,2014,22311
4211702,SC,Orleans,ORLEANS,2015,22449
4211702,SC,Orleans,ORLEANS,2016,22587
4211702,SC,Orleans,ORLEANS,2017,22723
4211702,SC,Orleans,ORLEANS,2018,22785
4211702,SC,Orleans,ORLEANS,2019,22912
4211702,SC,Orleans,ORLEANS,2020,23038
4211702,SC,Orleans,ORLEANS,2021,23161
4211751,SC,Otacílio Costa,OTACILIO COSTA,2013,17349
4211751,SC,Otacílio Costa,OTACILIO COSTA,2014,17593
4211751,SC,Otacílio Costa,OTACILIO COSTA,2015,17835
4211751,SC,Otacílio Costa,OTACILIO COSTA,2016,18075
4211751,SC,Otacílio Costa,OTACILIO COSTA,2017,18313
4211751,SC,Otacílio Costa,OTACILIO COSTA,2018,18510
4211751,SC,Otacílio Costa,OTACILIO COSTA,2019,18744
4211751,SC,Otacílio Costa,OTACILIO COSTA,2020,18975
4211751,SC,Otacílio Costa,OTACILIO COSTA,2021,19201
4211801,SC,Ouro,OURO,2013,7436
4211801,SC,Ouro,OURO,2014,7418
4211801,SC,Ouro,OURO,2015,7399
4211801,SC,Ouro,OURO,2016,7381
4211801,SC,Ouro,OURO,2017,7363
4211801,SC,Ouro,OURO,2018,7317
4211801,SC,Ouro,OURO,2019,7295
4211801,SC,Ouro,OURO,2020,7272
4211801,SC,Ouro,OURO,2021,7251
4211850,SC,Ouro Verde,OURO VERDE,2013,2281
4211850,SC,Ouro Verde,OURO VERDE,2014,2272
4211850,SC,Ouro Verde,OURO VERDE,2015,2263
4211850,SC,Ouro Verde,OURO VERDE,2016,2254
4211850,SC,Ouro Verde,OURO VERDE,2017,2245
4211850,SC,Ouro Verde,OURO VERDE,2018,2227
4211850,SC,Ouro Verde,OURO VERDE,2019,2217
4211850,SC,Ouro Verde,OURO VERDE,2020,2207
4211850,SC,Ouro Verde,OURO VERDE,2021,2197
4211876,SC,Paial,PAIAL,2013,1698
4211876,SC,Paial,PAIAL,2014,1668
4211876,SC,Paial,PAIAL,2015,1637
4211876,SC,Paial,PAIAL,2016,1607
4211876,SC,Paial,PAIAL,2017,1577
4211876,SC,Paial,PAIAL,2018,1537
4211876,SC,Paial,PAIAL,2019,1505
4211876,SC,Paial,PAIAL,2020,1474
4211876,SC,Paial,PAIAL,2021,1444
4211892,SC,Painel,PAINEL,2013,2385
4211892,SC,Painel,PAINEL,2014,2383
4211892,SC,Painel,PAINEL,2015,2381
4211892,SC,Painel,PAINEL,2016,2378
4211892,SC,Painel,PAINEL,2017,2376
4211892,SC,Painel,PAINEL,2018,2363
4211892,SC,Painel,PAINEL,2019,2359
4211892,SC,Painel,PAINEL,2020,2356
4211892,SC,Painel,PAINEL,2021,2352
4211900,SC,Palhoça,PALHOCA,2013,150623
4211900,SC,Palhoça,PALHOCA,2014,154244
4211900,SC,Palhoça,PALHOCA,2015,157833
4211900,SC,Palhoça,PALHOCA,2016,161395
4211900,SC,Palhoça,PALHOCA,2017,164926
4211900,SC,Palhoça,PALHOCA,2018,168259
4211900,SC,Palhoça,PALHOCA,2019,171797
4211900,SC,Palhoça,PALHOCA,2020,175272
4211900,SC,Palhoça,PALHOCA,2021,178679
4212007,SC,Palma Sola,PALMA SOLA,2013,7747
4212007,SC,Palma Sola,PALMA SOLA,2014,7699
4212007,SC,Palma Sola,PALMA SOLA,2015,7652
4212007,SC,Palma Sola,PALMA SOLA,2016,7604
4212007,SC,Palma Sola,PALMA SOLA,2017,7558
4212007,SC,Palma Sola,PALMA SOLA,2018,7475
4212007,SC,Palma Sola,PALMA SOLA,2019,7423
4212007,SC,Palma Sola,PALMA SOLA,2020,7372
4212007,SC,Palma Sola,PALMA SOLA,2021,7321
4212056,SC,Palmeira,PALMEIRA,2013,2488
4212056,SC,Palmeira,PALMEIRA,2014,2512
4212056,SC,Palmeira,PALMEIRA,2015,2537
4212056,SC,Palmeira,PALMEIRA,2016,2562
4212056,SC,Palmeira,PALMEIRA,2017,2586
4212056,SC,Palmeira,PALMEIRA,2018,2603
4212056,SC,Palmeira,PALMEIRA,2019,2627
4212056,SC,Palmeira,PALMEIRA,2020,2650
4212056,SC,Palmeira,PALMEIRA,2021,2673
4212106,SC,Palmitos,PALMITOS,2013,16270
4212106,SC,Palmitos,PALMITOS,2014,16266
4212106,SC,Palmitos,PALMITOS,2015,16262
4212106,SC,Palmitos,PALMITOS,2016,16257
4212106,SC,Palmitos,PALMITOS,2017,16253
4212106,SC,Palmitos,PALMITOS,2018,16182
4212106,SC,Palmitos,PALMITOS,2019,16169
4212106,SC,Palmitos,PALMITOS,2020,16157
4212106,SC,Palmitos,PALMITOS,2021,16144
4212205,SC,Papanduva,PAPANDUVA,2013,18568
4212205,SC,Papanduva,PAPANDUVA,2014,18681
4212205,SC,Papanduva,PAPANDUVA,2015,18793
4212205,SC,Papanduva,PAPANDUVA,2016,18905
4212205,SC,Papanduva,PAPANDUVA,2017,19015
4212205,SC,Papanduva,PAPANDUVA,2018,19218
4212205,SC,Papanduva,PAPANDUVA,2019,19320
4212205,SC,Papanduva,PAPANDUVA,2020,19422
4212205,SC,Papanduva,PAPANDUVA,2021,19521
4212239,SC,Paraíso,PARAISO,2013,3915
4212239,SC,Paraíso,PARAISO,2014,3838
4212239,SC,Paraíso,PARAISO,2015,3763
4212239,SC,Paraíso,PARAISO,2016,3688
4212239,SC,Paraíso,PARAISO,2017,3613
4212239,SC,Paraíso,PARAISO,2018,3515
4212239,SC,Paraíso,PARAISO,2019,3437
4212239,SC,Paraíso,PARAISO,2020,3360
4212239,SC,Paraíso,PARAISO,2021,3284
4212254,SC,Passo de Torres,PASSO DE TORRES,2013,7447
4212254,SC,Passo de Torres,PASSO DE TORRES,2014,7681
4212254,SC,Passo de Torres,PASSO DE TORRES,2015,7912
4212254,SC,Passo de Torres,PASSO DE TORRES,2016,8142
4212254,SC,Passo de Torres,PASSO DE TORRES,2017,8370
4212254,SC,Passo de Torres,PASSO DE TORRES,2018,8594
4212254,SC,Passo de Torres,PASSO DE TORRES,2019,8823
4212254,SC,Passo de Torres,PASSO DE TORRES,2020,9048
4212254,SC,Passo de Torres,PASSO DE TORRES,2021,9269
4212270,SC,Passos Maia,PASSOS MAIA,2013,4387
4212270,SC,Passos Maia,PASSOS MAIA,2014,4351
4212270,SC,Passos Maia,PASSOS MAIA,2015,4314
4212270,SC,Passos Maia,PASSOS MAIA,2016,4279
4212270,SC,Passos Maia,PASSOS MAIA,2017,4243
4212270,SC,Passos Maia,PASSOS MAIA,2018,4186
4212270,SC,Passos Maia,PASSOS MAIA,2019,4147
4212270,SC,Passos Maia,PASSOS MAIA,2020,4109
4212270,SC,Passos Maia,PASSOS MAIA,2021,4072
4212304,SC,Paulo Lopes,PAULO LOPES,2013,7045
4212304,SC,Paulo Lopes,PAULO LOPES,2014,7124
4212304,SC,Paulo Lopes,PAULO LOPES,2015,7203
4212304,SC,Paulo Lopes,PAULO LOPES,2016,7282
4212304,SC,Paulo Lopes,PAULO LOPES,2017,7360
4212304,SC,Paulo Lopes,PAULO LOPES,2018,7418
4212304,SC,Paulo Lopes,PAULO LOPES,2019,7494
4212304,SC,Paulo Lopes,PAULO LOPES,2020,7569
4212304,SC,Paulo Lopes,PAULO LOPES,2021,7642
4212403,SC,Pedras Grandes,PEDRAS GRANDES,2013,4110
4212403,SC,Pedras Grandes,PEDRAS GRANDES,2014,4089
4212403,SC,Pedras Grandes,PEDRAS GRANDES,2015,4068
4212403,SC,Pedras Grandes,PEDRAS GRANDES,2016,4047
4212403,SC,Pedras Grandes,PEDRAS GRANDES,2017,4026
4212403,SC,Pedras Grandes,PEDRAS GRANDES,2018,4000
4212403,SC,Pedras Grandes,PEDRAS GRANDES,2019,3976
4212403,SC,Pedras Grandes,PEDRAS GRANDES,2020,3953
4212403,SC,Pedras Grandes,PEDRAS GRANDES,2021,3931
4212502,SC,Penha,PENHA,2013,27936
4212502,SC,Penha,PENHA,2014,28718
4212502,SC,Penha,PENHA,2015,29493
4212502,SC,Penha,PENHA,2016,30262
4212502,SC,Penha,PENHA,2017,31025
4212502,SC,Penha,PENHA,2018,31764
4212502,SC,Penha,PENHA,2019,32531
4212502,SC,Penha,PENHA,2020,33284
4212502,SC,Penha,PENHA,2021,34022
4212601,SC,Peritiba,PERITIBA,2013,2958
4212601,SC,Peritiba,PERITIBA,2014,2931
4212601,SC,Peritiba,PERITIBA,2015,2906
4212601,SC,Peritiba,PERITIBA,2016,2880
4212601,SC,Peritiba,PERITIBA,2017,2855
4212601,SC,Peritiba,PERITIBA,2018,2814
4212601,SC,Peritiba,PERITIBA,2019,2787
4212601,SC,Peritiba,PERITIBA,2020,2760
4212601,SC,Peritiba,PERITIBA,2021,2733
4212650,SC,Pescaria Brava,PESCARIA BRAVA,2013,9687
4212650,SC,Pescaria Brava,PESCARIA BRAVA,2014,9761
4212650,SC,Pescaria Brava,PESCARIA BRAVA,2015,9835
4212650,SC,Pescaria Brava,PESCARIA BRAVA,2016,9908
4212650,SC,Pescaria Brava,PESCARIA BRAVA,2017,9980
4212650,SC,Pescaria Brava,PESCARIA BRAVA,2018,10022
4212650,SC,Pescaria Brava,PESCARIA BRAVA,2019,10091
4212650,SC,Pescaria Brava,PESCARIA BRAVA,2020,10159
4212650,SC,Pescaria Brava,PESCARIA BRAVA,2021,10225
4212700,SC,Petrolândia,PETROLANDIA,2013,6140
4212700,SC,Petrolândia,PETROLANDIA,2014,6110
4212700,SC,Petrolândia,PETROLANDIA,2015,6080
4212700,SC,Petrolândia,PETROLANDIA,2016,6051
4212700,SC,Petrolândia,PETROLANDIA,2017,6021
4212700,SC,Petrolândia,PETROLANDIA,2018,5971
4212700,SC,Petrolândia,PETROLANDIA,2019,5937
4212700,SC,Petrolândia,PETROLANDIA,2020,5905
4212700,SC,Petrolândia,PETROLANDIA,2021,5873
4212908,SC,Pinhalzinho,PINHALZINHO,2013,17868
4212908,SC,Pinhalzinho,PINHALZINHO,2014,18284
4212908,SC,Pinhalzinho,PINHALZINHO,2015,18696
4212908,SC,Pinhalzinho,PINHALZINHO,2016,19105
4212908,SC,Pinhalzinho,PINHALZINHO,2017,19511
4212908,SC,Pinhalzinho,PINHALZINHO,2018,19906
4212908,SC,Pinhalzinho,PINHALZINHO,2019,20313
4212908,SC,Pinhalzinho,PINHALZINHO,2020,20712
4212908,SC,Pinhalzinho,PINHALZINHO,2021,21103
4213005,SC,Pinheiro Preto,PINHEIRO PRETO,2013,3310
4213005,SC,Pinheiro Preto,PINHEIRO PRETO,2014,3353
4213005,SC,Pinheiro Preto,PINHEIRO PRETO,2015,3396
4213005,SC,Pinheiro Preto,PINHEIRO PRETO,2016,3438
4213005,SC,Pinheiro Preto,PINHEIRO PRETO,2017,3480
4213005,SC,Pinheiro Preto,PINHEIRO PRETO,2018,3513
4213005,SC,Pinheiro Preto,PINHEIRO PRETO,2019,3555
4213005,SC,Pinheiro Preto,PINHEIRO PRETO,2020,3596
4213005,SC,Pinheiro Preto,PINHEIRO PRETO,2021,3635
4213104,SC,Piratuba,PIRATUBA,2013,4533
4213104,SC,Piratuba,PIRATUBA,2014,4424
4213104,SC,Piratuba,PIRATUBA,2015,4316
4213104,SC,Piratuba,PIRATUBA,2016,4209
4213104,SC,Piratuba,PIRATUBA,2017,4102
4213104,SC,Piratuba,PIRATUBA,2018,3965
4213104,SC,Piratuba,PIRATUBA,2019,3854
4213104,SC,Piratuba,PIRATUBA,2020,3745
4213104,SC,Piratuba,PIRATUBA,2021,3637
4213153,SC,Planalto Alegre,PLANALTO ALEGRE,2013,2761
4213153,SC,Planalto Alegre,PLANALTO ALEGRE,2014,2782
4213153,SC,Planalto Alegre,PLANALTO ALEGRE,2015,2803
4213153,SC,Planalto Alegre,PLANALTO ALEGRE,2016,2823
4213153,SC,Planalto Alegre,PLANALTO ALEGRE,2017,2844
4213153,SC,Planalto Alegre,PLANALTO ALEGRE,2018,2850
4213153,SC,Planalto Alegre,PLANALTO ALEGRE,2019,2870
4213153,SC,Planalto Alegre,PLANALTO ALEGRE,2020,2888
4213153,SC,Planalto Alegre,PLANALTO ALEGRE,2021,2907
4213203,SC,Pomerode,POMERODE,2013,30009
4213203,SC,Pomerode,POMERODE,2014,30598
4213203,SC,Pomerode,POMERODE,2015,31181
4213203,SC,Pomerode,POMERODE,2016,31760
4213203,SC,Pomerode,POMERODE,2017,32334
4213203,SC,Pomerode,POMERODE,2018,32874
4213203,SC,Pomerode,POMERODE,2019,33447
4213203,SC,Pomerode,POMERODE,2020,34010
4213203,SC,Pomerode,POMERODE,2021,34561
4213302,SC,Ponte Alta,PONTE ALTA,2013,4885
4213302,SC,Ponte Alta,PONTE ALTA,2014,4855
4213302,SC,Ponte Alta,PONTE ALTA,2015,4825
4213302,SC,Ponte Alta,PONTE ALTA,2016,4796
4213302,SC,Ponte Alta,PONTE ALTA,2017,4767
4213302,SC,Ponte Alta,PONTE ALTA,2018,4714
4213302,SC,Ponte Alta,PONTE ALTA,2019,4682
4213302,SC,Ponte Alta,PONTE ALTA,2020,4650
4213302,SC,Ponte Alta,PONTE ALTA,2021,4619
4213351,SC,Ponte Alta do Norte,PONTE ALTA DO NORTE,2013,3381
4213351,SC,Ponte Alta do Norte,PONTE ALTA DO NORTE,2014,3389
4213351,SC,Ponte Alta do Norte,PONTE ALTA DO NORTE,2015,3397
4213351,SC,Ponte Alta do Norte,PONTE ALTA DO NORTE,2016,3405
4213351,SC,Ponte Alta do Norte,PONTE ALTA DO NORTE,2017,3413
4213351,SC,Ponte Alta do Norte,PONTE ALTA DO NORTE,2018,3408
4213351,SC,Ponte Alta do Norte,PONTE ALTA DO NORTE,2019,3414
4213351,SC,Ponte Alta do Norte,PONTE ALTA DO NORTE,2020,3420
4213351,SC,Ponte Alta do Norte,PONTE ALTA DO NORTE,2021,3426
4213401,SC,Ponte Serrada,PONTE SERRADA,2013,11358
4213401,SC,Ponte Serrada,PONTE SERRADA,2014,11405
4213401,SC,Ponte Serrada,PONTE SERRADA,2015,11452
4213401,SC,Ponte Serrada,PONTE SERRADA,2016,11499
4213401,SC,Ponte Serrada,PONTE SERRADA,2017,11545
4213401,SC,Ponte Serrada,PONTE SERRADA,2018,11552
4213401,SC,Ponte Serrada,PONTE SERRADA,2019,11593
4213401,SC,Ponte Serrada,PONTE SERRADA,2020,11634
4213401,SC,Ponte Serrada,PONTE SERRADA,2021,11674
4213500,SC,Porto Belo,PORTO BELO,2013,18066
4213500,SC,Porto Belo,PORTO BELO,2014,18630
4213500,SC,Porto Belo,PORTO BELO,2015,19189
4213500,SC,Porto Belo,PORTO BELO,2016,19744
4213500,SC,Porto Belo,PORTO BELO,2017,20294
4213500,SC,Porto Belo,PORTO BELO,2018,20834
4213500,SC,Porto Belo,PORTO BELO,2019,21388
4213500,SC,Porto Belo,PORTO BELO,2020,21932
4213500,SC,Porto Belo,PORTO BELO,2021,22466
4213609,SC,Porto União,PORTO UNIAO,2013,34551
4213609,SC,Porto União,PORTO UNIAO,2014,34717
4213609,SC,Porto União,PORTO UNIAO,2015,34882
4213609,SC,Porto União,PORTO UNIAO,2016,35045
4213609,SC,Porto União,PORTO UNIAO,2017,35207
4213609,SC,Porto União,PORTO UNIAO,2018,35250
4213609,SC,Porto União,PORTO UNIAO,2019,35398
4213609,SC,Porto União,PORTO UNIAO,2020,35543
4213609,SC,Porto União,PORTO UNIAO,2021,35685
4213708,SC,Pouso Redondo,POUSO REDONDO,2013,15882
4213708,SC,Pouso Redondo,POUSO REDONDO,2014,16154
4213708,SC,Pouso Redondo,POUSO REDONDO,2015,16424
4213708,SC,Pouso Redondo,POUSO REDONDO,2016,16692
4213708,SC,Pouso Redondo,POUSO REDONDO,2017,16957
4213708,SC,Pouso Redondo,POUSO REDONDO,2018,17189
4213708,SC,Pouso Redondo,POUSO REDONDO,2019,17453
4213708,SC,Pouso Redondo,POUSO REDONDO,2020,17712
4213708,SC,Pouso Redondo,POUSO REDONDO,2021,17965
4213807,SC,Praia Grande,PRAIA GRANDE,2013,7377
4213807,SC,Praia Grande,PRAIA GRANDE,2014,7374
4213807,SC,Praia Grande,PRAIA GRANDE,2015,7370
4213807,SC,Praia Grande,PRAIA GRANDE,2016,7367
4213807,SC,Praia Grande,PRAIA GRANDE,2017,7364
4213807,SC,Praia Grande,PRAIA GRANDE,2018,7326
4213807,SC,Praia Grande,PRAIA GRANDE,2019,7319
4213807,SC,Praia Grande,PRAIA GRANDE,2020,7312
4213807,SC,Praia Grande,PRAIA GRANDE,2021,7305
4213906,SC,Presidente Castello Branco,PRESIDENTE CASTELLO BRANCO,2013,1691
4213906,SC,Presidente Castello Branco,PRESIDENTE CASTELLO BRANCO,2014,1670
4213906,SC,Presidente Castello Branco,PRESIDENTE CASTELLO BRANCO,2015,1650
4213906,SC,Presidente Castello Branco,PRESIDENTE CASTELLO BRANCO,2016,1630
4213906,SC,Presidente Castello Branco,PRESIDENTE CASTELLO BRANCO,2017,1610
4213906,SC,Presidente Castello Branco,PRESIDENTE CASTELLO BRANCO,2018,1590
4213906,SC,Presidente Castello Branco,PRESIDENTE CASTELLO BRANCO,2019,1568
4213906,SC,Presidente Castello Branco,PRESIDENTE CASTELLO BRANCO,2020,1547
4213906,SC,Presidente Castello Branco,PRESIDENTE CASTELLO BRANCO,2021,1526
4214003,SC,Presidente Getúlio,PRESIDENTE GETULIO,2013,15943
4214003,SC,Presidente Getúlio,PRESIDENTE GETULIO,2014,16210
4214003,SC,Presidente Getúlio,PRESIDENTE GETULIO,2015,16474
4214003,SC,Presidente Getúlio,PRESIDENTE GETULIO,2016,16736
4214003,SC,Presidente Getúlio,PRESIDENTE GETULIO,2017,16996
4214003,SC,Presidente Getúlio,PRESIDENTE GETULIO,2018,17215
4214003,SC,Presidente Getúlio,PRESIDENTE GETULIO,2019,17471
4214003,SC,Presidente Getúlio,PRESIDENTE GETULIO,2020,17726
4214003,SC,Presidente Getúlio,PRESIDENTE GETULIO,2021,17973
4214102,SC,Presidente Nereu,PRESIDENTE NEREU,2013,2314
4214102,SC,Presidente Nereu,PRESIDENTE NEREU,2014,2312
4214102,SC,Presidente Nereu,PRESIDENTE NEREU,2015,2309
4214102,SC,Presidente Nereu,PRESIDENTE NEREU,2016,2306
4214102,SC,Presidente Nereu,PRESIDENTE NEREU,2017,2304
4214102,SC,Presidente Nereu,PRESIDENTE NEREU,2018,2290
4214102,SC,Presidente Nereu,PRESIDENTE NEREU,2019,2287
4214102,SC,Presidente Nereu,PRESIDENTE NEREU,2020,2283
4214102,SC,Presidente Nereu,PRESIDENTE NEREU,2021,2279
4214151,SC,Princesa,PRINCESA,2013,2848
4214151,SC,Princesa,PRINCESA,2014,2862
4214151,SC,Princesa,PRINCESA,2015,2877
4214151,SC,Princesa,PRINCESA,2016,2891
4214151,SC,Princesa,PRINCESA,2017,2906
4214151,SC,Princesa,PRINCESA,2018,2911
4214151,SC,Princesa,PRINCESA,2019,2924
4214151,SC,Princesa,PRINCESA,2020,2937
4214151,SC,Princesa,PRINCESA,2021,2950
4214201,SC,Quilombo,QUILOMBO,2013,10255
4214201,SC,Quilombo,QUILOMBO,2014,10201
4214201,SC,Quilombo,QUILOMBO,2015,10149
4214201,SC,Quilombo,QUILOMBO,2016,10096
4214201,SC,Quilombo,QUILOMBO,2017,10044
4214201,SC,Quilombo,QUILOMBO,2018,9946
4214201,SC,Quilombo,QUILOMBO,2019,9887
4214201,SC,Quilombo,QUILOMBO,2020,9829
4214201,SC,Quilombo,QUILOMBO,2021,9773
4214300,SC,Rancho Queimado,RANCHO QUEIMADO,2013,2827
4214300,SC,Rancho Queimado,RANCHO QUEIMADO,2014,2838
4214300,SC,Rancho Queimado,RANCHO QUEIMADO,2015,2849
4214300,SC,Rancho Queimado,RANCHO QUEIMADO,2016,2860
4214300,SC,Rancho Queimado,RANCHO QUEIMADO,2017,2871
4214300,SC,Rancho Queimado,RANCHO QUEIMADO,2018,2868
4214300,SC,Rancho Queimado,RANCHO QUEIMADO,2019,2878
4214300,SC,Rancho Queimado,RANCHO QUEIMADO,2020,2887
4214300,SC,Rancho Queimado,RANCHO QUEIMADO,2021,2897
4214409,SC,Rio das Antas,RIO DAS ANTAS,2013,6245
4214409,SC,Rio das Antas,RIO DAS ANTAS,2014,6245
4214409,SC,Rio das Antas,RIO DAS ANTAS,2015,6246
4214409,SC,Rio das Antas,RIO DAS ANTAS,2016,6246
4214409,SC,Rio das Antas,RIO DAS ANTAS,2017,6246
4214409,SC,Rio das Antas,RIO DAS ANTAS,2018,6208
4214409,SC,Rio das Antas,RIO DAS ANTAS,2019,6205
4214409,SC,Rio das Antas,RIO DAS ANTAS,2020,6202
4214409,SC,Rio das Antas,RIO DAS ANTAS,2021,6199
4214508,SC,Rio do Campo,RIO DO CAMPO,2013,6185
4214508,SC,Rio do Campo,RIO DO CAMPO,2014,6149
4214508,SC,Rio do Campo,RIO DO CAMPO,2015,6113
4214508,SC,Rio do Campo,RIO DO CAMPO,2016,6078
4214508,SC,Rio do Campo,RIO DO CAMPO,2017,6043
4214508,SC,Rio do Campo,RIO DO CAMPO,2018,5979
4214508,SC,Rio do Campo,RIO DO CAMPO,2019,5940
4214508,SC,Rio do Campo,RIO DO CAMPO,2020,5902
4214508,SC,Rio do Campo,RIO DO CAMPO,2021,5864
4214607,SC,Rio do Oeste,RIO DO OESTE,2013,7319
4214607,SC,Rio do Oeste,RIO DO OESTE,2014,7355
4214607,SC,Rio do Oeste,RIO DO OESTE,2015,7392
4214607,SC,Rio do Oeste,RIO DO OESTE,2016,7428
4214607,SC,Rio do Oeste,RIO DO OESTE,2017,7463
4214607,SC,Rio do Oeste,RIO DO OESTE,2018,7456
4214607,SC,Rio do Oeste,RIO DO OESTE,2019,7489
4214607,SC,Rio do Oeste,RIO DO OESTE,2020,7520
4214607,SC,Rio do Oeste,RIO DO OESTE,2021,7552
4214805,SC,Rio do Sul,RIO DO SUL,2013,65256
4214805,SC,Rio do Sul,RIO DO SUL,2014,66251
4214805,SC,Rio do Sul,RIO DO SUL,2015,67237
4214805,SC,Rio do Sul,RIO DO SUL,2016,68217
4214805,SC,Rio do Sul,RIO DO SUL,2017,69188
4214805,SC,Rio do Sul,RIO DO SUL,2018,70100
4214805,SC,Rio do Sul,RIO DO SUL,2019,71061
4214805,SC,Rio do Sul,RIO DO SUL,2020,72006
4214805,SC,Rio do Sul,RIO DO SUL,2021,72931
4214706,SC,Rio dos Cedros,RIO DOS CEDROS,2013,10879
4214706,SC,Rio dos Cedros,RIO DOS CEDROS,2014,11019
4214706,SC,Rio dos Cedros,RIO DOS CEDROS,2015,11157
4214706,SC,Rio dos Cedros,RIO DOS CEDROS,2016,11295
4214706,SC,Rio dos Cedros,RIO DOS CEDROS,2017,11431
4214706,SC,Rio dos Cedros,RIO DOS CEDROS,2018,11542
4214706,SC,Rio dos Cedros,RIO DOS CEDROS,2019,11676
4214706,SC,Rio dos Cedros,RIO DOS CEDROS,2020,11808
4214706,SC,Rio dos Cedros,RIO DOS CEDROS,2021,11937
4214904,SC,Rio Fortuna,RIO FORTUNA,2013,4557
4214904,SC,Rio Fortuna,RIO FORTUNA,2014,4569
4214904,SC,Rio Fortuna,RIO FORTUNA,2015,4582
4214904,SC,Rio Fortuna,RIO FORTUNA,2016,4594
4214904,SC,Rio Fortuna,RIO FORTUNA,2017,4606
4214904,SC,Rio Fortuna,RIO FORTUNA,2018,4601
4214904,SC,Rio Fortuna,RIO FORTUNA,2019,4611
4214904,SC,Rio Fortuna,RIO FORTUNA,2020,4620
4214904,SC,Rio Fortuna,RIO FORTUNA,2021,4630
4215000,SC,Rio Negrinho,RIO NEGRINHO,2013,41167
4215000,SC,Rio Negrinho,RIO NEGRINHO,2014,41386
4215000,SC,Rio Negrinho,RIO NEGRINHO,2015,41602
4215000,SC,Rio Negrinho,RIO NEGRINHO,2016,41817
4215000,SC,Rio Negrinho,RIO NEGRINHO,2017,42029
4215000,SC,Rio Negrinho,RIO NEGRINHO,2018,42106
4215000,SC,Rio Negrinho,RIO NEGRINHO,2019,42302
4215000,SC,Rio Negrinho,RIO NEGRINHO,2020,42495
4215000,SC,Rio Negrinho,RIO NEGRINHO,2021,42684
4215059,SC,Rio Rufino,RIO RUFINO,2013,2482
4215059,SC,Rio Rufino,RIO RUFINO,2014,2484
4215059,SC,Rio Rufino,RIO RUFINO,2015,2485
4215059,SC,Rio Rufino,RIO RUFINO,2016,2487
4215059,SC,Rio Rufino,RIO RUFINO,2017,2489
4215059,SC,Rio Rufino,RIO RUFINO,2018,2482
4215059,SC,Rio Rufino,RIO RUFINO,2019,2483
4215059,SC,Rio Rufino,RIO RUFINO,2020,2483
4215059,SC,Rio Rufino,RIO RUFINO,2021,2484
4215075,SC,Riqueza,RIQUEZA,2013,4810
4215075,SC,Riqueza,RIQUEZA,2014,4775
4215075,SC,Riqueza,RIQUEZA,2015,4740
4215075,SC,Riqueza,RIQUEZA,2016,4705
4215075,SC,Riqueza,RIQUEZA,2017,4670
4215075,SC,Riqueza,RIQUEZA,2018,4636
4215075,SC,Riqueza,RIQUEZA,2019,4598
4215075,SC,Riqueza,RIQUEZA,2020,4561
4215075,SC,Riqueza,RIQUEZA,2021,4525
4215109,SC,Rodeio,RODEIO,2013,11270
4215109,SC,Rodeio,RODEIO,2014,11325
4215109,SC,Rodeio,RODEIO,2015,11380
4215109,SC,Rodeio,RODEIO,2016,11434
4215109,SC,Rodeio,RODEIO,2017,11488
4215109,SC,Rodeio,RODEIO,2018,11502
4215109,SC,Rodeio,RODEIO,2019,11551
4215109,SC,Rodeio,RODEIO,2020,11600
4215109,SC,Rodeio,RODEIO,2021,11647
4215208,SC,Romelândia,ROMELANDIA,2013,5421
4215208,SC,Romelândia,ROMELANDIA,2014,5320
4215208,SC,Romelândia,ROMELANDIA,2015,5220
4215208,SC,Romelândia,ROMELANDIA,2016,5120
4215208,SC,Romelândia,ROMELANDIA,2017,5022
4215208,SC,Romelândia,ROMELANDIA,2018,4890
4215208,SC,Romelândia,ROMELANDIA,2019,4786
4215208,SC,Romelândia,ROMELANDIA,2020,4684
4215208,SC,Romelândia,ROMELANDIA,2021,4584
4215307,SC,Salete,SALETE,2013,7553
4215307,SC,Salete,SALETE,2014,7573
4215307,SC,Salete,SALETE,2015,7594
4215307,SC,Salete,SALETE,2016,7614
4215307,SC,Salete,SALETE,2017,7634
4215307,SC,Salete,SALETE,2018,7626
4215307,SC,Salete,SALETE,2019,7642
4215307,SC,Salete,SALETE,2020,7659
4215307,SC,Salete,SALETE,2021,7674
4215356,SC,Saltinho,SALTINHO,2013,3948
4215356,SC,Saltinho,SALTINHO,2014,3923
4215356,SC,Saltinho,SALTINHO,2015,3897
4215356,SC,Saltinho,SALTINHO,2016,3872
4215356,SC,Saltinho,SALTINHO,2017,3847
4215356,SC,Saltinho,SALTINHO,2018,3808
4215356,SC,Saltinho,SALTINHO,2019,3781
4215356,SC,Saltinho,SALTINHO,2020,3754
4215356,SC,Saltinho,SALTINHO,2021,3727
4215406,SC,Salto Veloso,SALTO VELOSO,2013,4495
4215406,SC,Salto Veloso,SALTO VELOSO,2014,4536
4215406,SC,Salto Veloso,SALTO VELOSO,2015,4576
4215406,SC,Salto Veloso,SALTO VELOSO,2016,4616
4215406,SC,Salto Veloso,SALTO VELOSO,2017,4655
4215406,SC,Salto Veloso,SALTO VELOSO,2018,4680
4215406,SC,Salto Veloso,SALTO VELOSO,2019,4718
4215406,SC,Salto Veloso,SALTO VELOSO,2020,4756
4215406,SC,Salto Veloso,SALTO VELOSO,2021,4792
4215455,SC,Sangão,SANGAO,2013,11294
4215455,SC,Sangão,SANGAO,2014,11532
4215455,SC,Sangão,SANGAO,2015,11767
4215455,SC,Sangão,SANGAO,2016,12001
4215455,SC,Sangão,SANGAO,2017,12233
4215455,SC,Sangão,SANGAO,2018,12446
4215455,SC,Sangão,SANGAO,2019,12678
4215455,SC,Sangão,SANGAO,2020,12905
4215455,SC,Sangão,SANGAO,2021,13128
4215505,SC,Santa Cecília,SANTA CECILIA,2013,16315
4215505,SC,Santa Cecília,SANTA CECILIA,2014,16413
4215505,SC,Santa Cecília,SANTA CECILIA,2015,16510
4215505,SC,Santa Cecília,SANTA CECILIA,2016,16606
4215505,SC,Santa Cecília,SANTA CECILIA,2017,16701
4215505,SC,Santa Cecília,SANTA CECILIA,2018,16741
4215505,SC,Santa Cecília,SANTA CECILIA,2019,16830
4215505,SC,Santa Cecília,SANTA CECILIA,2020,16918
4215505,SC,Santa Cecília,SANTA CECILIA,2021,17004
4215554,SC,Santa Helena,SANTA HELENA,2013,2354
4215554,SC,Santa Helena,SANTA HELENA,2014,2331
4215554,SC,Santa Helena,SANTA HELENA,2015,2309
4215554,SC,Santa Helena,SANTA HELENA,2016,2288
4215554,SC,Santa Helena,SANTA HELENA,2017,2266
4215554,SC,Santa Helena,SANTA HELENA,2018,2247
4215554,SC,Santa Helena,SANTA HELENA,2019,2223
4215554,SC,Santa Helena,SANTA HELENA,2020,2200
4215554,SC,Santa Helena,SANTA HELENA,2021,2178
4215604,SC,Santa Rosa de Lima,SANTA ROSA DE LIMA,2013,2116
4215604,SC,Santa Rosa de Lima,SANTA ROSA DE LIMA,2014,2122
4215604,SC,Santa Rosa de Lima,SANTA ROSA DE LIMA,2015,2128
4215604,SC,Santa Rosa de Lima,SANTA ROSA DE LIMA,2016,2133
4215604,SC,Santa Rosa de Lima,SANTA ROSA DE LIMA,2017,2139
4215604,SC,Santa Rosa de Lima,SANTA ROSA DE LIMA,2018,2137
4215604,SC,Santa Rosa de Lima,SANTA ROSA DE LIMA,2019,2142
4215604,SC,Santa Rosa de Lima,SANTA ROSA DE LIMA,2020,2147
4215604,SC,Santa Rosa de Lima,SANTA ROSA DE LIMA,2021,2151
4215653,SC,Santa Rosa do Sul,SANTA ROSA DO SUL,2013,8261
4215653,SC,Santa Rosa do Sul,SANTA ROSA DO SUL,2014,8285
4215653,SC,Santa Rosa do Sul,SANTA ROSA DO SUL,2015,8309
4215653,SC,Santa Rosa do Sul,SANTA ROSA DO SUL,2016,8333
4215653,SC,Santa Rosa do Sul,SANTA ROSA DO SUL,2017,8356
4215653,SC,Santa Rosa do Sul,SANTA ROSA DO SUL,2018,8338
4215653,SC,Santa Rosa do Sul,SANTA ROSA DO SUL,2019,8358
4215653,SC,Santa Rosa do Sul,SANTA ROSA DO SUL,2020,8378
4215653,SC,Santa Rosa do Sul,SANTA ROSA DO SUL,2021,8397
4215679,SC,Santa Terezinha,SANTA TEREZINHA,2013,8883
4215679,SC,Santa Terezinha,SANTA TEREZINHA,2014,8873
4215679,SC,Santa Terezinha,SANTA TEREZINHA,2015,8864
4215679,SC,Santa Terezinha,SANTA TEREZINHA,2016,8855
4215679,SC,Santa Terezinha,SANTA TEREZINHA,2017,8846
4215679,SC,Santa Terezinha,SANTA TEREZINHA,2018,8801
4215679,SC,Santa Terezinha,SANTA TEREZINHA,2019,8787
4215679,SC,Santa Terezinha,SANTA TEREZINHA,2020,8773
4215679,SC,Santa Terezinha,SANTA TEREZINHA,2021,8760
4215687,SC,Santa Terezinha do Progresso,SANTA TEREZINHA DO PROGRESSO,2013,2776
4215687,SC,Santa Terezinha do Progresso,SANTA TEREZINHA DO PROGRESSO,2014,2720
4215687,SC,Santa Terezinha do Progresso,SANTA TEREZINHA DO PROGRESSO,2015,2666
4215687,SC,Santa Terezinha do Progresso,SANTA TEREZINHA DO PROGRESSO,2016,2611
4215687,SC,Santa Terezinha do Progresso,SANTA TEREZINHA DO PROGRESSO,2017,2557
4215687,SC,Santa Terezinha do Progresso,SANTA TEREZINHA DO PROGRESSO,2018,2484
4215687,SC,Santa Terezinha do Progresso,SANTA TEREZINHA DO PROGRESSO,2019,2428
4215687,SC,Santa Terezinha do Progresso,SANTA TEREZINHA DO PROGRESSO,2020,2372
4215687,SC,Santa Terezinha do Progresso,SANTA TEREZINHA DO PROGRESSO,2021,2317
4215695,SC,Santiago do Sul,SANTIAGO DO SUL,2013,1414
4215695,SC,Santiago do Sul,SANTIAGO DO SUL,2014,1389
4215695,SC,Santiago do Sul,SANTIAGO DO SUL,2015,1365
4215695,SC,Santiago do Sul,SANTIAGO DO SUL,2016,1341
4215695,SC,Santiago do Sul,SANTIAGO DO SUL,2017,1317
4215695,SC,Santiago do Sul,SANTIAGO DO SUL,2018,1286
4215695,SC,Santiago do Sul,SANTIAGO DO SUL,2019,1260
4215695,SC,Santiago do Sul,SANTIAGO DO SUL,2020,1235
4215695,SC,Santiago do Sul,SANTIAGO DO SUL,2021,1211
4215703,SC,Santo Amaro da Imperatriz,SANTO AMARO DA IMPERATRIZ,2013,21221
4215703,SC,Santo Amaro da Imperatriz,SANTO AMARO DA IMPERATRIZ,2014,21572
4215703,SC,Santo Amaro da Imperatriz,SANTO AMARO DA IMPERATRIZ,2015,21920
4215703,SC,Santo Amaro da Imperatriz,SANTO AMARO DA IMPERATRIZ,2016,22266
4215703,SC,Santo Amaro da Imperatriz,SANTO AMARO DA IMPERATRIZ,2017,22609
4215703,SC,Santo Amaro da Imperatriz,SANTO AMARO DA IMPERATRIZ,2018,22905
4215703,SC,Santo Amaro da Imperatriz,SANTO AMARO DA IMPERATRIZ,2019,23245
4215703,SC,Santo Amaro da Imperatriz,SANTO AMARO DA IMPERATRIZ,2020,23579
4215703,SC,Santo Amaro da Imperatriz,SANTO AMARO DA IMPERATRIZ,2021,23907
4215802,SC,São Bento do Sul,SAO BENTO DO SUL,2013,78998
4215802,SC,São Bento do Sul,SAO BENTO DO SUL,2014,79971
4215802,SC,São Bento do Sul,SAO BENTO DO SUL,2015,80936
4215802,SC,São Bento do Sul,SAO BENTO DO SUL,2016,81893
4215802,SC,São Bento do Sul,SAO BENTO DO SUL,2017,82842
4215802,SC,São Bento do Sul,SAO BENTO DO SUL,2018,83576
4215802,SC,São Bento do Sul,SAO BENTO DO SUL,2019,84507
4215802,SC,São Bento do Sul,SAO BENTO DO SUL,2020,85421
4215802,SC,São Bento do Sul,SAO BENTO DO SUL,2021,86317
4215752,SC,São Bernardino,SAO BERNARDINO,2013,2641
4215752,SC,São Bernardino,SAO BERNARDINO,2014,2593
4215752,SC,São Bernardino,SAO BERNARDINO,2015,2545
4215752,SC,São Bernardino,SAO BERNARDINO,2016,2496
4215752,SC,São Bernardino,SAO BERNARDINO,2017,2449
4215752,SC,São Bernardino,SAO BERNARDINO,2018,2386
4215752,SC,São Bernardino,SAO BERNARDINO,2019,2336
4215752,SC,São Bernardino,SAO BERNARDINO,2020,2287
4215752,SC,São Bernardino,SAO BERNARDINO,2021,2239
4215901,SC,São Bonifácio,SAO BONIFACIO,2013,2989
4215901,SC,São Bonifácio,SAO BONIFACIO,2014,2966
4215901,SC,São Bonifácio,SAO BONIFACIO,2015,2944
4215901,SC,São Bonifácio,SAO BONIFACIO,2016,2922
4215901,SC,São Bonifácio,SAO BONIFACIO,2017,2899
4215901,SC,São Bonifácio,SAO BONIFACIO,2018,2862
4215901,SC,São Bonifácio,SAO BONIFACIO,2019,2838
4215901,SC,São Bonifácio,SAO BONIFACIO,2020,2814
4215901,SC,São Bonifácio,SAO BONIFACIO,2021,2791
4216008,SC,São Carlos,SAO CARLOS,2013,10753
4216008,SC,São Carlos,SAO CARLOS,2014,10849
4216008,SC,São Carlos,SAO CARLOS,2015,10944
4216008,SC,São Carlos,SAO CARLOS,2016,11038
4216008,SC,São Carlos,SAO CARLOS,2017,11132
4216008,SC,São Carlos,SAO CARLOS,2018,11191
4216008,SC,São Carlos,SAO CARLOS,2019,11281
4216008,SC,São Carlos,SAO CARLOS,2020,11369
4216008,SC,São Carlos,SAO CARLOS,2021,11456
4216057,SC,São Cristóvão do Sul,SAO CRISTOVAO DO SUL,2013,5255
4216057,SC,São Cristóvão do Sul,SAO CRISTOVAO DO SUL,2014,5308
4216057,SC,São Cristóvão do Sul,SAO CRISTOVAO DO SUL,2015,5360
4216057,SC,São Cristóvão do Sul,SAO CRISTOVAO DO SUL,2016,5412
4216057,SC,São Cristóvão do Sul,SAO CRISTOVAO DO SUL,2017,5464
4216057,SC,São Cristóvão do Sul,SAO CRISTOVAO DO SUL,2018,5499
4216057,SC,São Cristóvão do Sul,SAO CRISTOVAO DO SUL,2019,5549
4216057,SC,São Cristóvão do Sul,SAO CRISTOVAO DO SUL,2020,5598
4216057,SC,São Cristóvão do Sul,SAO CRISTOVAO DO SUL,2021,5646
4216107,SC,São Domingos,SAO DOMINGOS,2013,9530
4216107,SC,São Domingos,SAO DOMINGOS,2014,9523
4216107,SC,São Domingos,SAO DOMINGOS,2015,9516
4216107,SC,São Domingos,SAO DOMINGOS,2016,9509
4216107,SC,São Domingos,SAO DOMINGOS,2017,9502
4216107,SC,São Domingos,SAO DOMINGOS,2018,9457
4216107,SC,São Domingos,SAO DOMINGOS,2019,9445
4216107,SC,São Domingos,SAO DOMINGOS,2020,9434
4216107,SC,São Domingos,SAO DOMINGOS,2021,9422
4216206,SC,São Francisco do Sul,SAO FRANCISCO DO SUL,2013,46477
4216206,SC,São Francisco do Sul,SAO FRANCISCO DO SUL,2014,47547
4216206,SC,São Francisco do Sul,SAO FRANCISCO DO SUL,2015,48606
4216206,SC,São Francisco do Sul,SAO FRANCISCO DO SUL,2016,49658
4216206,SC,São Francisco do Sul,SAO FRANCISCO DO SUL,2017,50701
4216206,SC,São Francisco do Sul,SAO FRANCISCO DO SUL,2018,51677
4216206,SC,São Francisco do Sul,SAO FRANCISCO DO SUL,2019,52721
4216206,SC,São Francisco do Sul,SAO FRANCISCO DO SUL,2020,53746
4216206,SC,São Francisco do Sul,SAO FRANCISCO DO SUL,2021,54751
4216305,SC,São João Batista,SAO JOAO BATISTA,2013,30337
4216305,SC,São João Batista,SAO JOAO BATISTA,2014,31534
4216305,SC,São João Batista,SAO JOAO BATISTA,2015,32720
4216305,SC,São João Batista,SAO JOAO BATISTA,2016,33897
4216305,SC,São João Batista,SAO JOAO BATISTA,2017,35065
4216305,SC,São João Batista,SAO JOAO BATISTA,2018,36244
4216305,SC,São João Batista,SAO JOAO BATISTA,2019,37424
4216305,SC,São João Batista,SAO JOAO BATISTA,2020,38583
4216305,SC,São João Batista,SAO JOAO BATISTA,2021,39719
4216354,SC,São João do Itaperiú,SAO JOAO DO ITAPERIU,2013,3578
4216354,SC,São João do Itaperiú,SAO JOAO DO ITAPERIU,2014,3606
4216354,SC,São João do Itaperiú,SAO JOAO DO ITAPERIU,2015,3634
4216354,SC,São João do Itaperiú,SAO JOAO DO ITAPERIU,2016,3662
4216354,SC,São João do Itaperiú,SAO JOAO DO ITAPERIU,2017,3690
4216354,SC,São João do Itaperiú,SAO JOAO DO ITAPERIU,2018,3707
4216354,SC,São João do Itaperiú,SAO JOAO DO ITAPERIU,2019,3733
4216354,SC,São João do Itaperiú,SAO JOAO DO ITAPERIU,2020,3759
4216354,SC,São João do Itaperiú,SAO JOAO DO ITAPERIU,2021,3784
4216255,SC,São João do Oeste,SAO JOAO DO OESTE,2013,6211
4216255,SC,São João do Oeste,SAO JOAO DO OESTE,2014,6235
4216255,SC,São João do Oeste,SAO JOAO DO OESTE,2015,6260
4216255,SC,São João do Oeste,SAO JOAO DO OESTE,2016,6285
4216255,SC,São João do Oeste,SAO JOAO DO OESTE,2017,6309
4216255,SC,São João do Oeste,SAO JOAO DO OESTE,2018,6359
4216255,SC,São João do Oeste,SAO JOAO DO OESTE,2019,6381
4216255,SC,São João do Oeste,SAO JOAO DO OESTE,2020,6402
4216255,SC,São João do Oeste,SAO JOAO DO OESTE,2021,6423
4216404,SC,São João do Sul,SAO JOAO DO SUL,2013,7183
4216404,SC,São João do Sul,SAO JOAO DO SUL,2014,7205
4216404,SC,São João do Sul,SAO JOAO DO SUL,2015,7226
4216404,SC,São João do Sul,SAO JOAO DO SUL,2016,7247
4216404,SC,São João do Sul,SAO JOAO DO SUL,2017,7268
4216404,SC,São João do Sul,SAO JOAO DO SUL,2018,7280
4216404,SC,São João do Sul,SAO JOAO DO SUL,2019,7297
4216404,SC,São João do Sul,SAO JOAO DO SUL,2020,7315
4216404,SC,São João do Sul,SAO JOAO DO SUL,2021,7332
4216503,SC,São Joaquim,SAO JOAQUIM,2013,25841
4216503,SC,São Joaquim,SAO JOAQUIM,2014,26045
4216503,SC,São Joaquim,SAO JOAQUIM,2015,26247
4216503,SC,São Joaquim,SAO JOAQUIM,2016,26447
4216503,SC,São Joaquim,SAO JOAQUIM,2017,26646
4216503,SC,São Joaquim,SAO JOAQUIM,2018,26763
4216503,SC,São Joaquim,SAO JOAQUIM,2019,26952
4216503,SC,São Joaquim,SAO JOAQUIM,2020,27139
4216503,SC,São Joaquim,SAO JOAQUIM,2021,27322
4216602,SC,São José,SAO JOSE,2013,224779
4216602,SC,São José,SAO JOSE,2014,228561
4216602,SC,São José,SAO JOSE,2015,232309
4216602,SC,São José,SAO JOSE,2016,236029
4216602,SC,São José,SAO JOSE,2017,239718
4216602,SC,São José,SAO JOSE,2018,242927
4216602,SC,São José,SAO JOSE,2019,246586
4216602,SC,São José,SAO JOSE,2020,250181
4216602,SC,São José,SAO JOSE,2021,253705
4216701,SC,São José do Cedro,SAO JOSE DO CEDRO,2013,13904
4216701,SC,São José do Cedro,SAO JOSE DO CEDRO,2014,13902
4216701,SC,São José do Cedro,SAO JOSE DO CEDRO,2015,13901
4216701,SC,São José do Cedro,SAO JOSE DO CEDRO,2016,13899
4216701,SC,São José do Cedro,SAO JOSE DO CEDRO,2017,13897
4216701,SC,São José do Cedro,SAO JOSE DO CEDRO,2018,13838
4216701,SC,São José do Cedro,SAO JOSE DO CEDRO,2019,13829
4216701,SC,São José do Cedro,SAO JOSE DO CEDRO,2020,13820
4216701,SC,São José do Cedro,SAO JOSE DO CEDRO,2021,13811
4216800,SC,São José do Cerrito,SAO JOSE DO CERRITO,2013,9061
4216800,SC,São José do Cerrito,SAO JOSE DO CERRITO,2014,8941
4216800,SC,São José do Cerrito,SAO JOSE DO CERRITO,2015,8823
4216800,SC,São José do Cerrito,SAO JOSE DO CERRITO,2016,8705
4216800,SC,São José do Cerrito,SAO JOSE DO CERRITO,2017,8588
4216800,SC,São José do Cerrito,SAO JOSE DO CERRITO,2018,8421
4216800,SC,São José do Cerrito,SAO JOSE DO CERRITO,2019,8295
4216800,SC,São José do Cerrito,SAO JOSE DO CERRITO,2020,8173
4216800,SC,São José do Cerrito,SAO JOSE DO CERRITO,2021,8054
4216909,SC,São Lourenço do Oeste,SAO LOURENCO DO OESTE,2013,22786
4216909,SC,São Lourenço do Oeste,SAO LOURENCO DO OESTE,2014,23017
4216909,SC,São Lourenço do Oeste,SAO LOURENCO DO OESTE,2015,23245
4216909,SC,São Lourenço do Oeste,SAO LOURENCO DO OESTE,2016,23473
4216909,SC,São Lourenço do Oeste,SAO LOURENCO DO OESTE,2017,23698
4216909,SC,São Lourenço do Oeste,SAO LOURENCO DO OESTE,2018,23857
4216909,SC,São Lourenço do Oeste,SAO LOURENCO DO OESTE,2019,24076
4216909,SC,São Lourenço do Oeste,SAO LOURENCO DO OESTE,2020,24291
4216909,SC,São Lourenço do Oeste,SAO LOURENCO DO OESTE,2021,24501
4217006,SC,São Ludgero,SAO LUDGERO,2013,11940
4217006,SC,São Ludgero,SAO LUDGERO,2014,12192
4217006,SC,São Ludgero,SAO LUDGERO,2015,12441
4217006,SC,São Ludgero,SAO LUDGERO,2016,12688
4217006,SC,São Ludgero,SAO LUDGERO,2017,12934
4217006,SC,São Ludgero,SAO LUDGERO,2018,13165
4217006,SC,São Ludgero,SAO LUDGERO,2019,13410
4217006,SC,São Ludgero,SAO LUDGERO,2020,13650
4217006,SC,São Ludgero,SAO LUDGERO,2021,13886
4217105,SC,São Martinho,SAO MARTINHO,2013,3239
4217105,SC,São Martinho,SAO MARTINHO,2014,3232
4217105,SC,São Martinho,SAO MARTINHO,2015,3224
4217105,SC,São Martinho,SAO MARTINHO,2016,3217
4217105,SC,São Martinho,SAO MARTINHO,2017,3210
4217105,SC,São Martinho,SAO MARTINHO,2018,3189
4217105,SC,São Martinho,SAO MARTINHO,2019,3180
4217105,SC,São Martinho,SAO MARTINHO,2020,3171
4217105,SC,São Martinho,SAO MARTINHO,2021,3162
4217154,SC,São Miguel da Boa Vista,SAO MIGUEL DA BOA VISTA,2013,1897
4217154,SC,São Miguel da Boa Vista,SAO MIGUEL DA BOA VISTA,2014,1885
4217154,SC,São Miguel da Boa Vista,SAO MIGUEL DA BOA VISTA,2015,1872
4217154,SC,São Miguel da Boa Vista,SAO MIGUEL DA BOA VISTA,2016,1860
4217154,SC,São Miguel da Boa Vista,SAO MIGUEL DA BOA VISTA,2017,1848
4217154,SC,São Miguel da Boa Vista,SAO MIGUEL DA BOA VISTA,2018,1833
4217154,SC,São Miguel da Boa Vista,SAO MIGUEL DA BOA VISTA,2019,1820
4217154,SC,São Miguel da Boa Vista,SAO MIGUEL DA BOA VISTA,2020,1807
4217154,SC,São Miguel da Boa Vista,SAO MIGUEL DA BOA VISTA,2021,1794
4217204,SC,São Miguel do Oeste,SAO MIGUEL DO OESTE,2013,38162
4217204,SC,São Miguel do Oeste,SAO MIGUEL DO OESTE,2014,38575
4217204,SC,São Miguel do Oeste,SAO MIGUEL DO OESTE,2015,38984
4217204,SC,São Miguel do Oeste,SAO MIGUEL DO OESTE,2016,39390
4217204,SC,São Miguel do Oeste,SAO MIGUEL DO OESTE,2017,39793
4217204,SC,São Miguel do Oeste,SAO MIGUEL DO OESTE,2018,40090
4217204,SC,São Miguel do Oeste,SAO MIGUEL DO OESTE,2019,40482
4217204,SC,São Miguel do Oeste,SAO MIGUEL DO OESTE,2020,40868
4217204,SC,São Miguel do Oeste,SAO MIGUEL DO OESTE,2021,41246
4217253,SC,São Pedro de Alcântara,SAO PEDRO DE ALCANTARA,2013,5139
4217253,SC,São Pedro de Alcântara,SAO PEDRO DE ALCANTARA,2014,5256
4217253,SC,São Pedro de Alcântara,SAO PEDRO DE ALCANTARA,2015,5373
4217253,SC,São Pedro de Alcântara,SAO PEDRO DE ALCANTARA,2016,5488
4217253,SC,São Pedro de Alcântara,SAO PEDRO DE ALCANTARA,2017,5602
4217253,SC,São Pedro de Alcântara,SAO PEDRO DE ALCANTARA,2018,5709
4217253,SC,São Pedro de Alcântara,SAO PEDRO DE ALCANTARA,2019,5823
4217253,SC,São Pedro de Alcântara,SAO PEDRO DE ALCANTARA,2020,5935
4217253,SC,São Pedro de Alcântara,SAO PEDRO DE ALCANTARA,2021,6046
4217303,SC,Saudades,SAUDADES,2013,9382
4217303,SC,Saudades,SAUDADES,2014,9454
4217303,SC,Saudades,SAUDADES,2015,9524
4217303,SC,Saudades,SAUDADES,2016,9594
4217303,SC,Saudades,SAUDADES,2017,9664
4217303,SC,Saudades,SAUDADES,2018,9679
4217303,SC,Saudades,SAUDADES,2019,9745
4217303,SC,Saudades,SAUDADES,2020,9810
4217303,SC,Saudades,SAUDADES,2021,9874
4217402,SC,Schroeder,SCHROEDER,2013,17538
4217402,SC,Schroeder,SCHROEDER,2014,18186
4217402,SC,Schroeder,SCHROEDER,2015,18827
4217402,SC,Schroeder,SCHROEDER,2016,19463
4217402,SC,Schroeder,SCHROEDER,2017,20095
4217402,SC,Schroeder,SCHROEDER,2018,20728
4217402,SC,Schroeder,SCHROEDER,2019,21365
4217402,SC,Schroeder,SCHROEDER,2020,21991
4217402,SC,Schroeder,SCHROEDER,2021,22605
4217501,SC,Seara,SEARA,2013,17351
4217501,SC,Seara,SEARA,2014,17395
4217501,SC,Seara,SEARA,2015,17439
4217501,SC,Seara,SEARA,2016,17483
4217501,SC,Seara,SEARA,2017,17526
4217501,SC,Seara,SEARA,2018,17506
4217501,SC,Seara,SEARA,2019,17541
4217501,SC,Seara,SEARA,2020,17576
4217501,SC,Seara,SEARA,2021,17610
4217550,SC,Serra Alta,SERRA ALTA,2013,3323
4217550,SC,Serra Alta,SERRA ALTA,2014,3317
4217550,SC,Serra Alta,SERRA ALTA,2015,3312
4217550,SC,Serra Alta,SERRA ALTA,2016,3307
4217550,SC,Serra Alta,SERRA ALTA,2017,3301
4217550,SC,Serra Alta,SERRA ALTA,2018,3270
4217550,SC,Serra Alta,SERRA ALTA,2019,3263
4217550,SC,Serra Alta,SERRA ALTA,2020,3256
4217550,SC,Serra Alta,SERRA ALTA,2021,3249
4217600,SC,Siderópolis,SIDEROPOLIS,2013,13499
4217600,SC,Siderópolis,SIDEROPOLIS,2014,13593
4217600,SC,Siderópolis,SIDEROPOLIS,2015,13686
4217600,SC,Siderópolis,SIDEROPOLIS,2016,13778
4217600,SC,Siderópolis,SIDEROPOLIS,2017,13870
4217600,SC,Siderópolis,SIDEROPOLIS,2018,13920
4217600,SC,Siderópolis,SIDEROPOLIS,2019,14007
4217600,SC,Siderópolis,SIDEROPOLIS,2020,14092
4217600,SC,Siderópolis,SIDEROPOLIS,2021,14176
4217709,SC,Sombrio,SOMBRIO,2013,28209
4217709,SC,Sombrio,SOMBRIO,2014,28589
4217709,SC,Sombrio,SOMBRIO,2015,28966
4217709,SC,Sombrio,SOMBRIO,2016,29340
4217709,SC,Sombrio,SOMBRIO,2017,29710
4217709,SC,Sombrio,SOMBRIO,2018,30010
4217709,SC,Sombrio,SOMBRIO,2019,30374
4217709,SC,Sombrio,SOMBRIO,2020,30733
4217709,SC,Sombrio,SOMBRIO,2021,31084
4217758,SC,Sul Brasil,SUL BRASIL,2013,2698
4217758,SC,Sul Brasil,SUL BRASIL,2014,2661
4217758,SC,Sul Brasil,SUL BRASIL,2015,2624
4217758,SC,Sul Brasil,SUL BRASIL,2016,2587
4217758,SC,Sul Brasil,SUL BRASIL,2017,2551
4217758,SC,Sul Brasil,SUL BRASIL,2018,2500
4217758,SC,Sul Brasil,SUL BRASIL,2019,2461
4217758,SC,Sul Brasil,SUL BRASIL,2020,2423
4217758,SC,Sul Brasil,SUL BRASIL,2021,2386
4217808,SC,Taió,TAIO,2013,17856
4217808,SC,Taió,TAIO,2014,17959
4217808,SC,Taió,TAIO,2015,18060
4217808,SC,Taió,TAIO,2016,18161
4217808,SC,Taió,TAIO,2017,18261
4217808,SC,Taió,TAIO,2018,18302
4217808,SC,Taió,TAIO,2019,18395
4217808,SC,Taió,TAIO,2020,18486
4217808,SC,Taió,TAIO,2021,18576
4217907,SC,Tangará,TANGARA,2013,8777
4217907,SC,Tangará,TANGARA,2014,8767
4217907,SC,Tangará,TANGARA,2015,8757
4217907,SC,Tangará,TANGARA,2016,8748
4217907,SC,Tangará,TANGARA,2017,8738
4217907,SC,Tangará,TANGARA,2018,8691
4217907,SC,Tangará,TANGARA,2019,8676
4217907,SC,Tangará,TANGARA,2020,8662
4217907,SC,Tangará,TANGARA,2021,8648
4217956,SC,Tigrinhos,TIGRINHOS,2013,1746
4217956,SC,Tigrinhos,TIGRINHOS,2014,1733
4217956,SC,Tigrinhos,TIGRINHOS,2015,1720
4217956,SC,Tigrinhos,TIGRINHOS,2016,1707
4217956,SC,Tigrinhos,TIGRINHOS,2017,1695
4217956,SC,Tigrinhos,TIGRINHOS,2018,1646
4217956,SC,Tigrinhos,TIGRINHOS,2019,1633
4217956,SC,Tigrinhos,TIGRINHOS,2020,1619
4217956,SC,Tigrinhos,TIGRINHOS,2021,1606
4218004,SC,Tijucas,TIJUCAS,2013,33847
4218004,SC,Tijucas,TIJUCAS,2014,34628
4218004,SC,Tijucas,TIJUCAS,2015,35402
4218004,SC,Tijucas,TIJUCAS,2016,36170
4218004,SC,Tijucas,TIJUCAS,2017,36931
4218004,SC,Tijucas,TIJUCAS,2018,37645
4218004,SC,Tijucas,TIJUCAS,2019,38407
4218004,SC,Tijucas,TIJUCAS,2020,39155
4218004,SC,Tijucas,TIJUCAS,2021,39889
4218103,SC,Timbé do Sul,TIMBE DO SUL,2013,5387
4218103,SC,Timbé do Sul,TIMBE DO SUL,2014,5385
4218103,SC,Timbé do Sul,TIMBE DO SUL,2015,5382
4218103,SC,Timbé do Sul,TIMBE DO SUL,2016,5379
4218103,SC,Timbé do Sul,TIMBE DO SUL,2017,5377
4218103,SC,Timbé do Sul,TIMBE DO SUL,2018,5354
4218103,SC,Timbé do Sul,TIMBE DO SUL,2019,5348
4218103,SC,Timbé do Sul,TIMBE DO SUL,2020,5343
4218103,SC,Timbé do Sul,TIMBE DO SUL,2021,5338
4218202,SC,Timbó,TIMBO,2013,39740
4218202,SC,Timbó,TIMBO,2014,40515
4218202,SC,Timbó,TIMBO,2015,41283
4218202,SC,Timbó,TIMBO,2016,42045
4218202,SC,Timbó,TIMBO,2017,42801
4218202,SC,Timbó,TIMBO,2018,43484
4218202,SC,Timbó,TIMBO,2019,44238
4218202,SC,Timbó,TIMBO,2020,44977
4218202,SC,Timbó,TIMBO,2021,45703
4218251,SC,Timbó Grande,TIMBO GRANDE,2013,7495
4218251,SC,Timbó Grande,TIMBO GRANDE,2014,7563
4218251,SC,Timbó Grande,TIMBO GRANDE,2015,7632
4218251,SC,Timbó Grande,TIMBO GRANDE,2016,7699
4218251,SC,Timbó Grande,TIMBO GRANDE,2017,7767
4218251,SC,Timbó Grande,TIMBO GRANDE,2018,7812
4218251,SC,Timbó Grande,TIMBO GRANDE,2019,7877
4218251,SC,Timbó Grande,TIMBO GRANDE,2020,7941
4218251,SC,Timbó Grande,TIMBO GRANDE,2021,8003
4218301,SC,Três Barras,TRES BARRAS,2013,18740
4218301,SC,Três Barras,TRES BARRAS,2014,18843
4218301,SC,Três Barras,TRES BARRAS,2015,18945
4218301,SC,Três Barras,TRES BARRAS,2016,19046
4218301,SC,Três Barras,TRES BARRAS,2017,19146
4218301,SC,Três Barras,TRES BARRAS,2018,19183
4218301,SC,Três Barras,TRES BARRAS,2019,19275
4218301,SC,Três Barras,TRES BARRAS,2020,19366
4218301,SC,Três Barras,TRES BARRAS,2021,19455
4218350,SC,Treviso,TREVISO,2013,3706
4218350,SC,Treviso,TREVISO,2014,3746
4218350,SC,Treviso,TREVISO,2015,3785
4218350,SC,Treviso,TREVISO,2016,3824
4218350,SC,Treviso,TREVISO,2017,3863
4218350,SC,Treviso,TREVISO,2018,3891
4218350,SC,Treviso,TREVISO,2019,3929
4218350,SC,Treviso,TREVISO,2020,3966
4218350,SC,Treviso,TREVISO,2021,4002
4218400,SC,Treze de Maio,TREZE DE MAIO,2013,7036
4218400,SC,Treze de Maio,TREZE DE MAIO,2014,7052
4218400,SC,Treze de Maio,TREZE DE MAIO,2015,7067
4218400,SC,Treze de Maio,TREZE DE MAIO,2016,7082
4218400,SC,Treze de Maio,TREZE DE MAIO,2017,7098
4218400,SC,Treze de Maio,TREZE DE MAIO,2018,7070
4218400,SC,Treze de Maio,TREZE DE MAIO,2019,7081
4218400,SC,Treze de Maio,TREZE DE MAIO,2020,7093
4218400,SC,Treze de Maio,TREZE DE MAIO,2021,7104
4218509,SC,Treze Tílias,TREZE TILIAS,2013,6925
4218509,SC,Treze Tílias,TREZE TILIAS,2014,7082
4218509,SC,Treze Tílias,TREZE TILIAS,2015,7237
4218509,SC,Treze Tílias,TREZE TILIAS,2016,7392
4218509,SC,Treze Tílias,TREZE TILIAS,2017,7545
4218509,SC,Treze Tílias,TREZE TILIAS,2018,7687
4218509,SC,Treze Tílias,TREZE TILIAS,2019,7840
4218509,SC,Treze Tílias,TREZE TILIAS,2020,7991
4218509,SC,Treze Tílias,TREZE TILIAS,2021,8138
4218608,SC,Trombudo Central,TROMBUDO CENTRAL,2013,6901
4218608,SC,Trombudo Central,TROMBUDO CENTRAL,2014,6979
4218608,SC,Trombudo Central,TROMBUDO CENTRAL,2015,7057
4218608,SC,Trombudo Central,TROMBUDO CENTRAL,2016,7135
4218608,SC,Trombudo Central,TROMBUDO CENTRAL,2017,7211
4218608,SC,Trombudo Central,TROMBUDO CENTRAL,2018,7284
4218608,SC,Trombudo Central,TROMBUDO CENTRAL,2019,7360
4218608,SC,Trombudo Central,TROMBUDO CENTRAL,2020,7434
4218608,SC,Trombudo Central,TROMBUDO CENTRAL,2021,7506
4218707,SC,Tubarão,TUBARAO,2013,101284
4218707,SC,Tubarão,TUBARAO,2014,102087
4218707,SC,Tubarão,TUBARAO,2015,102883
4218707,SC,Tubarão,TUBARAO,2016,103674
4218707,SC,Tubarão,TUBARAO,2017,104457
4218707,SC,Tubarão,TUBARAO,2018,104937
4218707,SC,Tubarão,TUBARAO,2019,105686
4218707,SC,Tubarão,TUBARAO,2020,106422
4218707,SC,Tubarão,TUBARAO,2021,107143
4218756,SC,Tunápolis,TUNAPOLIS,2013,4660
4218756,SC,Tunápolis,TUNAPOLIS,2014,4644
4218756,SC,Tunápolis,TUNAPOLIS,2015,4628
4218756,SC,Tunápolis,TUNAPOLIS,2016,4612
4218756,SC,Tunápolis,TUNAPOLIS,2017,4597
4218756,SC,Tunápolis,TUNAPOLIS,2018,4561
4218756,SC,Tunápolis,TUNAPOLIS,2019,4543
4218756,SC,Tunápolis,TUNAPOLIS,2020,4525
4218756,SC,Tunápolis,TUNAPOLIS,2021,4507
4218806,SC,Turvo,TURVO,2013,12353
4218806,SC,Turvo,TURVO,2014,12452
4218806,SC,Turvo,TURVO,2015,12551
4218806,SC,Turvo,TURVO,2016,12649
4218806,SC,Turvo,TURVO,2017,12746
4218806,SC,Turvo,TURVO,2018,12806
4218806,SC,Turvo,TURVO,2019,12899
4218806,SC,Turvo,TURVO,2020,12990
4218806,SC,Turvo,TURVO,2021,13080
4218855,SC,União do Oeste,UNIAO DO OESTE,2013,2802
4218855,SC,União do Oeste,UNIAO DO OESTE,2014,2751
4218855,SC,União do Oeste,UNIAO DO OESTE,2015,2700
4218855,SC,União do Oeste,UNIAO DO OESTE,2016,2650
4218855,SC,União do Oeste,UNIAO DO OESTE,2017,2600
4218855,SC,União do Oeste,UNIAO DO OESTE,2018,2517
4218855,SC,União do Oeste,UNIAO DO OESTE,2019,2464
4218855,SC,União do Oeste,UNIAO DO OESTE,2020,2412
4218855,SC,União do Oeste,UNIAO DO OESTE,2021,2364
4218905,SC,Urubici,URUBICI,2013,11012
4218905,SC,Urubici,URUBICI,2014,11058
4218905,SC,Urubici,URUBICI,2015,11102
4218905,SC,Urubici,URUBICI,2016,11147
4218905,SC,Urubici,URUBICI,2017,11191
4218905,SC,Urubici,URUBICI,2018,11195
4218905,SC,Urubici,URUBICI,2019,11235
4218905,SC,Urubici,URUBICI,2020,11273
4218905,SC,Urubici,URUBICI,2021,11311
4218954,SC,Urupema,URUPEMA,2013,2507
4218954,SC,Urupema,URUPEMA,2014,2502
4218954,SC,Urupema,URUPEMA,2015,2497
4218954,SC,Urupema,URUPEMA,2016,2492
4218954,SC,Urupema,URUPEMA,2017,2487
4218954,SC,Urupema,URUPEMA,2018,2472
4218954,SC,Urupema,URUPEMA,2019,2465
4218954,SC,Urupema,URUPEMA,2020,2459
4218954,SC,Urupema,URUPEMA,2021,2453
4219002,SC,Urussanga,URUSSANGA,2013,20826
4219002,SC,Urussanga,URUSSANGA,2014,20915
4219002,SC,Urussanga,URUSSANGA,2015,21003
4219002,SC,Urussanga,URUSSANGA,2016,21090
4219002,SC,Urussanga,URUSSANGA,2017,21177
4219002,SC,Urussanga,URUSSANGA,2018,21190
4219002,SC,Urussanga,URUSSANGA,2019,21268
4219002,SC,Urussanga,URUSSANGA,2020,21344
4219002,SC,Urussanga,URUSSANGA,2021,21419
4219101,SC,Vargeão,VARGEAO,2013,3590
4219101,SC,Vargeão,VARGEAO,2014,3590
4219101,SC,Vargeão,VARGEAO,2015,3590
4219101,SC,Vargeão,VARGEAO,2016,3590
4219101,SC,Vargeão,VARGEAO,2017,3590
4219101,SC,Vargeão,VARGEAO,2018,3575
4219101,SC,Vargeão,VARGEAO,2019,3573
4219101,SC,Vargeão,VARGEAO,2020,3571
4219101,SC,Vargeão,VARGEAO,2021,3569
4219150,SC,Vargem,VARGEM,2013,2718
4219150,SC,Vargem,VARGEM,2014,2674
4219150,SC,Vargem,VARGEM,2015,2630
4219150,SC,Vargem,VARGEM,2016,2586
4219150,SC,Vargem,VARGEM,2017,2543
4219150,SC,Vargem,VARGEM,2018,2522
4219150,SC,Vargem,VARGEM,2019,2477
4219150,SC,Vargem,VARGEM,2020,2432
4219150,SC,Vargem,VARGEM,2021,2387
4219176,SC,Vargem Bonita,VARGEM BONITA,2013,4752
4219176,SC,Vargem Bonita,VARGEM BONITA,2014,4713
4219176,SC,Vargem Bonita,VARGEM BONITA,2015,4674
4219176,SC,Vargem Bonita,VARGEM BONITA,2016,4635
4219176,SC,Vargem Bonita,VARGEM BONITA,2017,4597
4219176,SC,Vargem Bonita,VARGEM BONITA,2018,4534
4219176,SC,Vargem Bonita,VARGEM BONITA,2019,4492
4219176,SC,Vargem Bonita,VARGEM BONITA,2020,4451
4219176,SC,Vargem Bonita,VARGEM BONITA,2021,4411
4219200,SC,Vidal Ramos,VIDAL RAMOS,2013,6377
4219200,SC,Vidal Ramos,VIDAL RAMOS,2014,6372
4219200,SC,Vidal Ramos,VIDAL RAMOS,2015,6366
4219200,SC,Vidal Ramos,VIDAL RAMOS,2016,6361
4219200,SC,Vidal Ramos,VIDAL RAMOS,2017,6356
4219200,SC,Vidal Ramos,VIDAL RAMOS,2018,6347
4219200,SC,Vidal Ramos,VIDAL RAMOS,2019,6338
4219200,SC,Vidal Ramos,VIDAL RAMOS,2020,6329
4219200,SC,Vidal Ramos,VIDAL RAMOS,2021,6321
4219309,SC,Videira,VIDEIRA,2013,49768
4219309,SC,Videira,VIDEIRA,2014,50349
4219309,SC,Videira,VIDEIRA,2015,50926
4219309,SC,Videira,VIDEIRA,2016,51499
4219309,SC,Videira,VIDEIRA,2017,52066
4219309,SC,Videira,VIDEIRA,2018,52510
4219309,SC,Videira,VIDEIRA,2019,53065
4219309,SC,Videira,VIDEIRA,2020,53610
4219309,SC,Videira,VIDEIRA,2021,54145
4219358,SC,Vitor Meireles,VITOR MEIRELES,2013,5190
4219358,SC,Vitor Meireles,VITOR MEIRELES,2014,5156
4219358,SC,Vitor Meireles,VITOR MEIRELES,2015,5123
4219358,SC,Vitor Meireles,VITOR MEIRELES,2016,5089
4219358,SC,Vitor Meireles,VITOR MEIRELES,2017,5056
4219358,SC,Vitor Meireles,VITOR MEIRELES,2018,5014
4219358,SC,Vitor Meireles,VITOR MEIRELES,2019,4979
4219358,SC,Vitor Meireles,VITOR MEIRELES,2020,4943
4219358,SC,Vitor Meireles,VITOR MEIRELES,2021,4907
4219408,SC,Witmarsum,WITMARSUM,2013,3769
4219408,SC,Witmarsum,WITMARSUM,2014,3805
4219408,SC,Witmarsum,WITMARSUM,2015,3841
4219408,SC,Witmarsum,WITMARSUM,2016,3876
4219408,SC,Witmarsum,WITMARSUM,2017,3912
4219408,SC,Witmarsum,WITMARSUM,2018,3932
4219408,SC,Witmarsum,WITMARSUM,2019,3965
4219408,SC,Witmarsum,WITMARSUM,2020,3998
4219408,SC,Witmarsum,WITMARSUM,2021,4032
4219507,SC,Xanxerê,XANXERE,2013,46981
4219507,SC,Xanxerê,XANXERE,2014,47679
4219507,SC,Xanxerê,XANXERE,2015,48370
4219507,SC,Xanxerê,XANXERE,2016,49057
4219507,SC,Xanxerê,XANXERE,2017,49738
4219507,SC,Xanxerê,XANXERE,2018,50309
4219507,SC,Xanxerê,XANXERE,2019,50982
4219507,SC,Xanxerê,XANXERE,2020,51642
4219507,SC,Xanxerê,XANXERE,2021,52290
4219606,SC,Xavantina,XAVANTINA,2013,4124
4219606,SC,Xavantina,XAVANTINA,2014,4095
4219606,SC,Xavantina,XAVANTINA,2015,4067
4219606,SC,Xavantina,XAVANTINA,2016,4039
4219606,SC,Xavantina,XAVANTINA,2017,4012
4219606,SC,Xavantina,XAVANTINA,2018,3963
4219606,SC,Xavantina,XAVANTINA,2019,3933
4219606,SC,Xavantina,XAVANTINA,2020,3903
4219606,SC,Xavantina,XAVANTINA,2021,3873
4219705,SC,Xaxim,XAXIM,2013,27039
4219705,SC,Xaxim,XAXIM,2014,27336
4219705,SC,Xaxim,XAXIM,2015,27630
4219705,SC,Xaxim,XAXIM,2016,27921
4219705,SC,Xaxim,XAXIM,2017,28210
4219705,SC,Xaxim,XAXIM,2018,28424
4219705,SC,Xaxim,XAXIM,2019,28706
4219705,SC,Xaxim,XAXIM,2020,28983
4219705,SC,Xaxim,XAXIM,2021,29254
4219853,SC,Zortéa,ZORTEA,2013,3153
4219853,SC,Zortéa,ZORTEA,2014,3190
4219853,SC,Zortéa,ZORTEA,2015,3227
4219853,SC,Zortéa,ZORTEA,2016,3264
4219853,SC,Zortéa,ZORTEA,2017,3300
4219853,SC,Zortéa,ZORTEA,2018,3328
4219853,SC,Zortéa,ZORTEA,2019,3363
4219853,SC,Zortéa,ZORTEA,2020,3398
4219853,SC,Zortéa,ZORTEA,2021,3432
